<?xml version='1.0' encoding='utf-8'?>
<ns0:urlset xmlns:ns0="http://www.sitemaps.org/schemas/sitemap/0.9">
<url>
    <loc>https://geoconnex.us/mtdnrc/gages/40A10000</loc>
    <lastmod>2023-11-02T12:30:26Z</lastmod>
</url><url>
    <loc>https://geoconnex.us/mtdnrc/gages/40A1500</loc>
    <lastmod>2023-11-02T12:30:26Z</lastmod>
</url><url>
    <loc>https://geoconnex.us/mtdnrc/gages/40A2000</loc>
    <lastmod>2023-11-02T12:30:26Z</lastmod>
</url><url>
    <loc>https://geoconnex.us/mtdnrc/gages/40A3000</loc>
    <lastmod>2023-11-02T12:30:26Z</lastmod>
</url><url>
    <loc>https://geoconnex.us/mtdnrc/gages/40A4080</loc>
    <lastmod>2023-11-02T12:30:26Z</lastmod>
</url><url>
    <loc>https://geoconnex.us/mtdnrc/gages/40A5000</loc>
    <lastmod>2023-11-02T12:30:26Z</lastmod>
</url><url>
    <loc>https://geoconnex.us/mtdnrc/gages/40A7000</loc>
    <lastmod>2023-11-02T12:30:26Z</lastmod>
</url><url>
    <loc>https://geoconnex.us/mtdnrc/gages/40A8080</loc>
    <lastmod>2023-11-02T12:30:26Z</lastmod>
</url><url>
    <loc>https://geoconnex.us/mtdnrc/gages/40A8100</loc>
    <lastmod>2023-11-02T12:30:26Z</lastmod>
</url><url>
    <loc>https://geoconnex.us/mtdnrc/gages/40A9000</loc>
    <lastmod>2023-11-02T12:30:26Z</lastmod>
</url><url>
    <loc>https://geoconnex.us/mtdnrc/gages/40B06000</loc>
    <lastmod>2023-11-02T12:30:26Z</lastmod>
</url><url>
    <loc>https://geoconnex.us/mtdnrc/gages/40F00900</loc>
    <lastmod>2023-11-02T12:30:26Z</lastmod>
</url><url>
    <loc>https://geoconnex.us/mtdnrc/gages/40F01100</loc>
    <lastmod>2023-11-02T12:30:26Z</lastmod>
</url><url>
    <loc>https://geoconnex.us/mtdnrc/gages/40F01700</loc>
    <lastmod>2023-11-02T12:30:26Z</lastmod>
</url><url>
    <loc>https://geoconnex.us/mtdnrc/gages/40F01800</loc>
    <lastmod>2023-11-02T12:30:26Z</lastmod>
</url><url>
    <loc>https://geoconnex.us/mtdnrc/gages/40F01900</loc>
    <lastmod>2023-11-02T12:30:26Z</lastmod>
</url><url>
    <loc>https://geoconnex.us/mtdnrc/gages/40I10000</loc>
    <lastmod>2023-11-02T12:30:26Z</lastmod>
</url><url>
    <loc>https://geoconnex.us/mtdnrc/gages/40J08900</loc>
    <lastmod>2023-11-02T12:30:26Z</lastmod>
</url><url>
    <loc>https://geoconnex.us/mtdnrc/gages/40J09000</loc>
    <lastmod>2023-11-02T12:30:26Z</lastmod>
</url><url>
    <loc>https://geoconnex.us/mtdnrc/gages/40J09100</loc>
    <lastmod>2023-11-02T12:30:26Z</lastmod>
</url><url>
    <loc>https://geoconnex.us/mtdnrc/gages/40L-10050013</loc>
    <lastmod>2023-11-02T12:30:26Z</lastmod>
</url><url>
    <loc>https://geoconnex.us/mtdnrc/gages/40R05000</loc>
    <lastmod>2023-11-02T12:30:26Z</lastmod>
</url><url>
    <loc>https://geoconnex.us/mtdnrc/gages/41A02000</loc>
    <lastmod>2023-11-02T12:30:26Z</lastmod>
</url><url>
    <loc>https://geoconnex.us/mtdnrc/gages/41A03000</loc>
    <lastmod>2023-11-02T12:30:26Z</lastmod>
</url><url>
    <loc>https://geoconnex.us/mtdnrc/gages/41A04000</loc>
    <lastmod>2023-11-02T12:30:26Z</lastmod>
</url><url>
    <loc>https://geoconnex.us/mtdnrc/gages/41A04001</loc>
    <lastmod>2023-11-02T12:30:26Z</lastmod>
</url><url>
    <loc>https://geoconnex.us/mtdnrc/gages/41A04500</loc>
    <lastmod>2023-11-02T12:30:26Z</lastmod>
</url><url>
    <loc>https://geoconnex.us/mtdnrc/gages/41A05001</loc>
    <lastmod>2023-11-02T12:30:26Z</lastmod>
</url><url>
    <loc>https://geoconnex.us/mtdnrc/gages/41A06000</loc>
    <lastmod>2023-11-02T12:30:26Z</lastmod>
</url><url>
    <loc>https://geoconnex.us/mtdnrc/gages/41A07000</loc>
    <lastmod>2023-11-02T12:30:26Z</lastmod>
</url><url>
    <loc>https://geoconnex.us/mtdnrc/gages/41A07001</loc>
    <lastmod>2023-11-02T12:30:26Z</lastmod>
</url><url>
    <loc>https://geoconnex.us/mtdnrc/gages/41A08900</loc>
    <lastmod>2023-11-02T12:30:26Z</lastmod>
</url><url>
    <loc>https://geoconnex.us/mtdnrc/gages/41A10000</loc>
    <lastmod>2023-11-02T12:30:26Z</lastmod>
</url><url>
    <loc>https://geoconnex.us/mtdnrc/gages/41A10170</loc>
    <lastmod>2023-11-02T12:30:26Z</lastmod>
</url><url>
    <loc>https://geoconnex.us/mtdnrc/gages/41A10180</loc>
    <lastmod>2023-11-02T12:30:26Z</lastmod>
</url><url>
    <loc>https://geoconnex.us/mtdnrc/gages/41A11400</loc>
    <lastmod>2023-11-02T12:30:26Z</lastmod>
</url><url>
    <loc>https://geoconnex.us/mtdnrc/gages/41A11470</loc>
    <lastmod>2023-11-02T12:30:26Z</lastmod>
</url><url>
    <loc>https://geoconnex.us/mtdnrc/gages/41A11600</loc>
    <lastmod>2023-11-02T12:30:26Z</lastmod>
</url><url>
    <loc>https://geoconnex.us/mtdnrc/gages/41A11610</loc>
    <lastmod>2023-11-02T12:30:26Z</lastmod>
</url><url>
    <loc>https://geoconnex.us/mtdnrc/gages/41A11640</loc>
    <lastmod>2023-11-02T12:30:26Z</lastmod>
</url><url>
    <loc>https://geoconnex.us/mtdnrc/gages/41A11645</loc>
    <lastmod>2023-11-02T12:30:26Z</lastmod>
</url><url>
    <loc>https://geoconnex.us/mtdnrc/gages/41A11680</loc>
    <lastmod>2023-11-02T12:30:26Z</lastmod>
</url><url>
    <loc>https://geoconnex.us/mtdnrc/gages/41A11690</loc>
    <lastmod>2023-11-02T12:30:26Z</lastmod>
</url><url>
    <loc>https://geoconnex.us/mtdnrc/gages/41B16400</loc>
    <lastmod>2023-11-02T12:30:26Z</lastmod>
</url><url>
    <loc>https://geoconnex.us/mtdnrc/gages/41B16450</loc>
    <lastmod>2023-11-02T12:30:26Z</lastmod>
</url><url>
    <loc>https://geoconnex.us/mtdnrc/gages/41C04500</loc>
    <lastmod>2023-11-02T12:30:26Z</lastmod>
</url><url>
    <loc>https://geoconnex.us/mtdnrc/gages/41C04900</loc>
    <lastmod>2023-11-02T12:30:26Z</lastmod>
</url><url>
    <loc>https://geoconnex.us/mtdnrc/gages/41C05000</loc>
    <lastmod>2023-11-02T12:30:26Z</lastmod>
</url><url>
    <loc>https://geoconnex.us/mtdnrc/gages/41C07000</loc>
    <lastmod>2023-11-02T12:30:26Z</lastmod>
</url><url>
    <loc>https://geoconnex.us/mtdnrc/gages/41C08000</loc>
    <lastmod>2023-11-02T12:30:26Z</lastmod>
</url><url>
    <loc>https://geoconnex.us/mtdnrc/gages/41C09000</loc>
    <lastmod>2023-11-02T12:30:26Z</lastmod>
</url><url>
    <loc>https://geoconnex.us/mtdnrc/gages/41C19010</loc>
    <lastmod>2023-11-02T12:30:26Z</lastmod>
</url><url>
    <loc>https://geoconnex.us/mtdnrc/gages/41D01000</loc>
    <lastmod>2023-11-02T12:30:26Z</lastmod>
</url><url>
    <loc>https://geoconnex.us/mtdnrc/gages/41D02000</loc>
    <lastmod>2023-11-02T12:30:26Z</lastmod>
</url><url>
    <loc>https://geoconnex.us/mtdnrc/gages/41D03800</loc>
    <lastmod>2023-11-02T12:30:26Z</lastmod>
</url><url>
    <loc>https://geoconnex.us/mtdnrc/gages/41D04800</loc>
    <lastmod>2023-11-02T12:30:26Z</lastmod>
</url><url>
    <loc>https://geoconnex.us/mtdnrc/gages/41D05000</loc>
    <lastmod>2023-11-02T12:30:26Z</lastmod>
</url><url>
    <loc>https://geoconnex.us/mtdnrc/gages/41D06550</loc>
    <lastmod>2023-11-02T12:30:26Z</lastmod>
</url><url>
    <loc>https://geoconnex.us/mtdnrc/gages/41D06700</loc>
    <lastmod>2023-11-02T12:30:26Z</lastmod>
</url><url>
    <loc>https://geoconnex.us/mtdnrc/gages/41D06850</loc>
    <lastmod>2023-11-02T12:30:26Z</lastmod>
</url><url>
    <loc>https://geoconnex.us/mtdnrc/gages/41D06870</loc>
    <lastmod>2023-11-02T12:30:26Z</lastmod>
</url><url>
    <loc>https://geoconnex.us/mtdnrc/gages/41D07200</loc>
    <lastmod>2023-11-02T12:30:26Z</lastmod>
</url><url>
    <loc>https://geoconnex.us/mtdnrc/gages/41D07600</loc>
    <lastmod>2023-11-02T12:30:26Z</lastmod>
</url><url>
    <loc>https://geoconnex.us/mtdnrc/gages/41D07700</loc>
    <lastmod>2023-11-02T12:30:26Z</lastmod>
</url><url>
    <loc>https://geoconnex.us/mtdnrc/gages/41D07790</loc>
    <lastmod>2023-11-02T12:30:26Z</lastmod>
</url><url>
    <loc>https://geoconnex.us/mtdnrc/gages/41D07850</loc>
    <lastmod>2023-11-02T12:30:26Z</lastmod>
</url><url>
    <loc>https://geoconnex.us/mtdnrc/gages/41D07870</loc>
    <lastmod>2023-11-02T12:30:26Z</lastmod>
</url><url>
    <loc>https://geoconnex.us/mtdnrc/gages/41D07900</loc>
    <lastmod>2023-11-02T12:30:26Z</lastmod>
</url><url>
    <loc>https://geoconnex.us/mtdnrc/gages/41D08000</loc>
    <lastmod>2023-11-02T12:30:26Z</lastmod>
</url><url>
    <loc>https://geoconnex.us/mtdnrc/gages/41D08800</loc>
    <lastmod>2023-11-02T12:30:26Z</lastmod>
</url><url>
    <loc>https://geoconnex.us/mtdnrc/gages/41E33600</loc>
    <lastmod>2023-11-02T12:30:26Z</lastmod>
</url><url>
    <loc>https://geoconnex.us/mtdnrc/gages/41E33800</loc>
    <lastmod>2023-11-02T12:30:26Z</lastmod>
</url><url>
    <loc>https://geoconnex.us/mtdnrc/gages/41E33890</loc>
    <lastmod>2023-11-02T12:30:26Z</lastmod>
</url><url>
    <loc>https://geoconnex.us/mtdnrc/gages/41G26600</loc>
    <lastmod>2023-11-02T12:30:26Z</lastmod>
</url><url>
    <loc>https://geoconnex.us/mtdnrc/gages/41G28650</loc>
    <lastmod>2023-11-02T12:30:26Z</lastmod>
</url><url>
    <loc>https://geoconnex.us/mtdnrc/gages/41G29400</loc>
    <lastmod>2023-11-02T12:30:26Z</lastmod>
</url><url>
    <loc>https://geoconnex.us/mtdnrc/gages/41G29900</loc>
    <lastmod>2023-11-02T12:30:26Z</lastmod>
</url><url>
    <loc>https://geoconnex.us/mtdnrc/gages/41H08900</loc>
    <lastmod>2023-11-02T12:30:26Z</lastmod>
</url><url>
    <loc>https://geoconnex.us/mtdnrc/gages/41H08950</loc>
    <lastmod>2023-11-02T12:30:26Z</lastmod>
</url><url>
    <loc>https://geoconnex.us/mtdnrc/gages/41H08990</loc>
    <lastmod>2023-11-02T12:30:26Z</lastmod>
</url><url>
    <loc>https://geoconnex.us/mtdnrc/gages/41H1000</loc>
    <lastmod>2023-11-02T12:30:26Z</lastmod>
</url><url>
    <loc>https://geoconnex.us/mtdnrc/gages/41H1500</loc>
    <lastmod>2023-11-02T12:30:26Z</lastmod>
</url><url>
    <loc>https://geoconnex.us/mtdnrc/gages/41H2000</loc>
    <lastmod>2023-11-02T12:30:26Z</lastmod>
</url><url>
    <loc>https://geoconnex.us/mtdnrc/gages/41I01600</loc>
    <lastmod>2023-11-02T12:30:26Z</lastmod>
</url><url>
    <loc>https://geoconnex.us/mtdnrc/gages/41I02400</loc>
    <lastmod>2023-11-02T12:30:26Z</lastmod>
</url><url>
    <loc>https://geoconnex.us/mtdnrc/gages/41I03500</loc>
    <lastmod>2023-11-02T12:30:26Z</lastmod>
</url><url>
    <loc>https://geoconnex.us/mtdnrc/gages/41I06060</loc>
    <lastmod>2023-11-02T12:30:26Z</lastmod>
</url><url>
    <loc>https://geoconnex.us/mtdnrc/gages/41I1500</loc>
    <lastmod>2023-11-02T12:30:26Z</lastmod>
</url><url>
    <loc>https://geoconnex.us/mtdnrc/gages/41I2000</loc>
    <lastmod>2023-11-02T12:30:26Z</lastmod>
</url><url>
    <loc>https://geoconnex.us/mtdnrc/gages/41I3000</loc>
    <lastmod>2023-11-02T12:30:26Z</lastmod>
</url><url>
    <loc>https://geoconnex.us/mtdnrc/gages/41J01800</loc>
    <lastmod>2023-11-02T12:30:26Z</lastmod>
</url><url>
    <loc>https://geoconnex.us/mtdnrc/gages/41J05000</loc>
    <lastmod>2023-11-02T12:30:26Z</lastmod>
</url><url>
    <loc>https://geoconnex.us/mtdnrc/gages/41J06500</loc>
    <lastmod>2023-11-02T12:30:26Z</lastmod>
</url><url>
    <loc>https://geoconnex.us/mtdnrc/gages/41J08500</loc>
    <lastmod>2023-11-02T12:30:26Z</lastmod>
</url><url>
    <loc>https://geoconnex.us/mtdnrc/gages/41J09000</loc>
    <lastmod>2023-11-02T12:30:26Z</lastmod>
</url><url>
    <loc>https://geoconnex.us/mtdnrc/gages/41J09500</loc>
    <lastmod>2023-11-02T12:30:26Z</lastmod>
</url><url>
    <loc>https://geoconnex.us/mtdnrc/gages/41K09900</loc>
    <lastmod>2023-11-02T12:30:26Z</lastmod>
</url><url>
    <loc>https://geoconnex.us/mtdnrc/gages/41K2080</loc>
    <lastmod>2023-11-02T12:30:26Z</lastmod>
</url><url>
    <loc>https://geoconnex.us/mtdnrc/gages/41K4000</loc>
    <lastmod>2023-11-02T12:30:26Z</lastmod>
</url><url>
    <loc>https://geoconnex.us/mtdnrc/gages/41O02000</loc>
    <lastmod>2023-11-02T12:30:26Z</lastmod>
</url><url>
    <loc>https://geoconnex.us/mtdnrc/gages/41O02900</loc>
    <lastmod>2023-11-02T12:30:26Z</lastmod>
</url><url>
    <loc>https://geoconnex.us/mtdnrc/gages/41O03000</loc>
    <lastmod>2023-11-02T12:30:26Z</lastmod>
</url><url>
    <loc>https://geoconnex.us/mtdnrc/gages/41O03001</loc>
    <lastmod>2023-11-02T12:30:26Z</lastmod>
</url><url>
    <loc>https://geoconnex.us/mtdnrc/gages/41O04000</loc>
    <lastmod>2023-11-02T12:30:26Z</lastmod>
</url><url>
    <loc>https://geoconnex.us/mtdnrc/gages/41O04001</loc>
    <lastmod>2023-11-02T12:30:26Z</lastmod>
</url><url>
    <loc>https://geoconnex.us/mtdnrc/gages/41O04002</loc>
    <lastmod>2023-11-02T12:30:26Z</lastmod>
</url><url>
    <loc>https://geoconnex.us/mtdnrc/gages/41O04500</loc>
    <lastmod>2023-11-02T12:30:26Z</lastmod>
</url><url>
    <loc>https://geoconnex.us/mtdnrc/gages/41O04810</loc>
    <lastmod>2023-11-02T12:30:26Z</lastmod>
</url><url>
    <loc>https://geoconnex.us/mtdnrc/gages/41O04850</loc>
    <lastmod>2023-11-02T12:30:26Z</lastmod>
</url><url>
    <loc>https://geoconnex.us/mtdnrc/gages/41O04855</loc>
    <lastmod>2023-11-02T12:30:26Z</lastmod>
</url><url>
    <loc>https://geoconnex.us/mtdnrc/gages/41O04890</loc>
    <lastmod>2023-11-02T12:30:26Z</lastmod>
</url><url>
    <loc>https://geoconnex.us/mtdnrc/gages/41O04910</loc>
    <lastmod>2023-11-02T12:30:26Z</lastmod>
</url><url>
    <loc>https://geoconnex.us/mtdnrc/gages/41O04950</loc>
    <lastmod>2023-11-02T12:30:26Z</lastmod>
</url><url>
    <loc>https://geoconnex.us/mtdnrc/gages/41O04970</loc>
    <lastmod>2023-11-02T12:30:26Z</lastmod>
</url><url>
    <loc>https://geoconnex.us/mtdnrc/gages/41O04971</loc>
    <lastmod>2023-11-02T12:30:26Z</lastmod>
</url><url>
    <loc>https://geoconnex.us/mtdnrc/gages/41O04972</loc>
    <lastmod>2023-11-02T12:30:26Z</lastmod>
</url><url>
    <loc>https://geoconnex.us/mtdnrc/gages/41O04990</loc>
    <lastmod>2023-11-02T12:30:26Z</lastmod>
</url><url>
    <loc>https://geoconnex.us/mtdnrc/gages/41O04991</loc>
    <lastmod>2023-11-02T12:30:26Z</lastmod>
</url><url>
    <loc>https://geoconnex.us/mtdnrc/gages/41O04992</loc>
    <lastmod>2023-11-02T12:30:26Z</lastmod>
</url><url>
    <loc>https://geoconnex.us/mtdnrc/gages/41O05000</loc>
    <lastmod>2023-11-02T12:30:26Z</lastmod>
</url><url>
    <loc>https://geoconnex.us/mtdnrc/gages/41O06900</loc>
    <lastmod>2023-11-02T12:30:26Z</lastmod>
</url><url>
    <loc>https://geoconnex.us/mtdnrc/gages/41O07800</loc>
    <lastmod>2023-11-02T12:30:26Z</lastmod>
</url><url>
    <loc>https://geoconnex.us/mtdnrc/gages/41O08000</loc>
    <lastmod>2023-11-02T12:30:26Z</lastmod>
</url><url>
    <loc>https://geoconnex.us/mtdnrc/gages/41O08500</loc>
    <lastmod>2023-11-02T12:30:26Z</lastmod>
</url><url>
    <loc>https://geoconnex.us/mtdnrc/gages/41O09000</loc>
    <lastmod>2023-11-02T12:30:26Z</lastmod>
</url><url>
    <loc>https://geoconnex.us/mtdnrc/gages/41Q90595</loc>
    <lastmod>2023-11-02T12:30:26Z</lastmod>
</url><url>
    <loc>https://geoconnex.us/mtdnrc/gages/41S08700</loc>
    <lastmod>2023-11-02T12:30:26Z</lastmod>
</url><url>
    <loc>https://geoconnex.us/mtdnrc/gages/41S08900</loc>
    <lastmod>2023-11-02T12:30:26Z</lastmod>
</url><url>
    <loc>https://geoconnex.us/mtdnrc/gages/41S11350</loc>
    <lastmod>2023-11-02T12:30:26Z</lastmod>
</url><url>
    <loc>https://geoconnex.us/mtdnrc/gages/41S11380</loc>
    <lastmod>2023-11-02T12:30:26Z</lastmod>
</url><url>
    <loc>https://geoconnex.us/mtdnrc/gages/41S11400</loc>
    <lastmod>2023-11-02T12:30:26Z</lastmod>
</url><url>
    <loc>https://geoconnex.us/mtdnrc/gages/41S11500</loc>
    <lastmod>2023-11-02T12:30:26Z</lastmod>
</url><url>
    <loc>https://geoconnex.us/mtdnrc/gages/41S11690</loc>
    <lastmod>2023-11-02T12:30:26Z</lastmod>
</url><url>
    <loc>https://geoconnex.us/mtdnrc/gages/41S11750</loc>
    <lastmod>2023-11-02T12:30:26Z</lastmod>
</url><url>
    <loc>https://geoconnex.us/mtdnrc/gages/41S11760</loc>
    <lastmod>2023-11-02T12:30:26Z</lastmod>
</url><url>
    <loc>https://geoconnex.us/mtdnrc/gages/41S11790</loc>
    <lastmod>2023-11-02T12:30:26Z</lastmod>
</url><url>
    <loc>https://geoconnex.us/mtdnrc/gages/41S11805</loc>
    <lastmod>2023-11-02T12:30:26Z</lastmod>
</url><url>
    <loc>https://geoconnex.us/mtdnrc/gages/41S2080</loc>
    <lastmod>2023-11-02T12:30:26Z</lastmod>
</url><url>
    <loc>https://geoconnex.us/mtdnrc/gages/41S3000</loc>
    <lastmod>2023-11-02T12:30:26Z</lastmod>
</url><url>
    <loc>https://geoconnex.us/mtdnrc/gages/41U01000</loc>
    <lastmod>2023-11-02T12:30:26Z</lastmod>
</url><url>
    <loc>https://geoconnex.us/mtdnrc/gages/41U03900</loc>
    <lastmod>2023-11-02T12:30:26Z</lastmod>
</url><url>
    <loc>https://geoconnex.us/mtdnrc/gages/41U04000</loc>
    <lastmod>2023-11-02T12:30:26Z</lastmod>
</url><url>
    <loc>https://geoconnex.us/mtdnrc/gages/41U05900</loc>
    <lastmod>2023-11-02T12:30:26Z</lastmod>
</url><url>
    <loc>https://geoconnex.us/mtdnrc/gages/41U08100</loc>
    <lastmod>2023-11-02T12:30:26Z</lastmod>
</url><url>
    <loc>https://geoconnex.us/mtdnrc/gages/41U08900</loc>
    <lastmod>2023-11-02T12:30:26Z</lastmod>
</url><url>
    <loc>https://geoconnex.us/mtdnrc/gages/41U09000</loc>
    <lastmod>2023-11-02T12:30:26Z</lastmod>
</url><url>
    <loc>https://geoconnex.us/mtdnrc/gages/42B01900</loc>
    <lastmod>2023-11-02T12:30:26Z</lastmod>
</url><url>
    <loc>https://geoconnex.us/mtdnrc/gages/42C10000</loc>
    <lastmod>2023-11-02T12:30:26Z</lastmod>
</url><url>
    <loc>https://geoconnex.us/mtdnrc/gages/42C10100</loc>
    <lastmod>2023-11-02T12:30:26Z</lastmod>
</url><url>
    <loc>https://geoconnex.us/mtdnrc/gages/42C10200</loc>
    <lastmod>2023-11-02T12:30:26Z</lastmod>
</url><url>
    <loc>https://geoconnex.us/mtdnrc/gages/42C10300</loc>
    <lastmod>2023-11-02T12:30:26Z</lastmod>
</url><url>
    <loc>https://geoconnex.us/mtdnrc/gages/42KJ01010</loc>
    <lastmod>2023-11-02T12:30:26Z</lastmod>
</url><url>
    <loc>https://geoconnex.us/mtdnrc/gages/42KJ01050</loc>
    <lastmod>2023-11-02T12:30:26Z</lastmod>
</url><url>
    <loc>https://geoconnex.us/mtdnrc/gages/42KJ02000</loc>
    <lastmod>2023-11-02T12:30:26Z</lastmod>
</url><url>
    <loc>https://geoconnex.us/mtdnrc/gages/42KJ02050</loc>
    <lastmod>2023-11-02T12:30:26Z</lastmod>
</url><url>
    <loc>https://geoconnex.us/mtdnrc/gages/42M273754</loc>
    <lastmod>2023-11-02T12:30:26Z</lastmod>
</url><url>
    <loc>https://geoconnex.us/mtdnrc/gages/42M273796</loc>
    <lastmod>2023-11-02T12:30:26Z</lastmod>
</url><url>
    <loc>https://geoconnex.us/mtdnrc/gages/43A07100</loc>
    <lastmod>2023-11-02T12:30:26Z</lastmod>
</url><url>
    <loc>https://geoconnex.us/mtdnrc/gages/43A08100</loc>
    <lastmod>2023-11-02T12:30:26Z</lastmod>
</url><url>
    <loc>https://geoconnex.us/mtdnrc/gages/43A08200</loc>
    <lastmod>2023-11-02T12:30:26Z</lastmod>
</url><url>
    <loc>https://geoconnex.us/mtdnrc/gages/43A09000</loc>
    <lastmod>2023-11-02T12:30:26Z</lastmod>
</url><url>
    <loc>https://geoconnex.us/mtdnrc/gages/43A09250</loc>
    <lastmod>2023-11-02T12:30:26Z</lastmod>
</url><url>
    <loc>https://geoconnex.us/mtdnrc/gages/43A09500</loc>
    <lastmod>2023-11-02T12:30:26Z</lastmod>
</url><url>
    <loc>https://geoconnex.us/mtdnrc/gages/43B01990</loc>
    <lastmod>2023-11-02T12:30:26Z</lastmod>
</url><url>
    <loc>https://geoconnex.us/mtdnrc/gages/43B02950</loc>
    <lastmod>2023-11-02T12:30:26Z</lastmod>
</url><url>
    <loc>https://geoconnex.us/mtdnrc/gages/43B02990</loc>
    <lastmod>2023-11-02T12:30:26Z</lastmod>
</url><url>
    <loc>https://geoconnex.us/mtdnrc/gages/43B04000</loc>
    <lastmod>2023-11-02T12:30:26Z</lastmod>
</url><url>
    <loc>https://geoconnex.us/mtdnrc/gages/43B04010</loc>
    <lastmod>2023-11-02T12:30:26Z</lastmod>
</url><url>
    <loc>https://geoconnex.us/mtdnrc/gages/43B04040</loc>
    <lastmod>2023-11-02T12:30:26Z</lastmod>
</url><url>
    <loc>https://geoconnex.us/mtdnrc/gages/43B04050</loc>
    <lastmod>2023-11-02T12:30:26Z</lastmod>
</url><url>
    <loc>https://geoconnex.us/mtdnrc/gages/43B05000</loc>
    <lastmod>2023-11-02T12:30:26Z</lastmod>
</url><url>
    <loc>https://geoconnex.us/mtdnrc/gages/43B05280</loc>
    <lastmod>2023-11-02T12:30:26Z</lastmod>
</url><url>
    <loc>https://geoconnex.us/mtdnrc/gages/43B05950</loc>
    <lastmod>2023-11-02T12:30:26Z</lastmod>
</url><url>
    <loc>https://geoconnex.us/mtdnrc/gages/43B05990</loc>
    <lastmod>2023-11-02T12:30:26Z</lastmod>
</url><url>
    <loc>https://geoconnex.us/mtdnrc/gages/43B09200</loc>
    <lastmod>2023-11-02T12:30:26Z</lastmod>
</url><url>
    <loc>https://geoconnex.us/mtdnrc/gages/43B09510</loc>
    <lastmod>2023-11-02T12:30:26Z</lastmod>
</url><url>
    <loc>https://geoconnex.us/mtdnrc/gages/43B09550</loc>
    <lastmod>2023-11-02T12:30:26Z</lastmod>
</url><url>
    <loc>https://geoconnex.us/mtdnrc/gages/43B09710</loc>
    <lastmod>2023-11-02T12:30:26Z</lastmod>
</url><url>
    <loc>https://geoconnex.us/mtdnrc/gages/43B09800</loc>
    <lastmod>2023-11-02T12:30:26Z</lastmod>
</url><url>
    <loc>https://geoconnex.us/mtdnrc/gages/43B10000</loc>
    <lastmod>2023-11-02T12:30:26Z</lastmod>
</url><url>
    <loc>https://geoconnex.us/mtdnrc/gages/43B89500</loc>
    <lastmod>2023-11-02T12:30:26Z</lastmod>
</url><url>
    <loc>https://geoconnex.us/mtdnrc/gages/43B91550</loc>
    <lastmod>2023-11-02T12:30:26Z</lastmod>
</url><url>
    <loc>https://geoconnex.us/mtdnrc/gages/43B91620</loc>
    <lastmod>2023-11-02T12:30:26Z</lastmod>
</url><url>
    <loc>https://geoconnex.us/mtdnrc/gages/43B91750</loc>
    <lastmod>2023-11-02T12:30:26Z</lastmod>
</url><url>
    <loc>https://geoconnex.us/mtdnrc/gages/43B91820</loc>
    <lastmod>2023-11-02T12:30:26Z</lastmod>
</url><url>
    <loc>https://geoconnex.us/mtdnrc/gages/43B95700</loc>
    <lastmod>2023-11-02T12:30:26Z</lastmod>
</url><url>
    <loc>https://geoconnex.us/mtdnrc/gages/43BJ03800</loc>
    <lastmod>2023-11-02T12:30:26Z</lastmod>
</url><url>
    <loc>https://geoconnex.us/mtdnrc/gages/43BJ05200</loc>
    <lastmod>2023-11-02T12:30:26Z</lastmod>
</url><url>
    <loc>https://geoconnex.us/mtdnrc/gages/43BJ05800</loc>
    <lastmod>2023-11-02T12:30:26Z</lastmod>
</url><url>
    <loc>https://geoconnex.us/mtdnrc/gages/43BJ07200</loc>
    <lastmod>2023-11-02T12:30:26Z</lastmod>
</url><url>
    <loc>https://geoconnex.us/mtdnrc/gages/43BJ07800</loc>
    <lastmod>2023-11-02T12:30:26Z</lastmod>
</url><url>
    <loc>https://geoconnex.us/mtdnrc/gages/43BJ09000</loc>
    <lastmod>2023-11-02T12:30:26Z</lastmod>
</url><url>
    <loc>https://geoconnex.us/mtdnrc/gages/43BV02000</loc>
    <lastmod>2023-11-02T12:30:26Z</lastmod>
</url><url>
    <loc>https://geoconnex.us/mtdnrc/gages/43BV04000</loc>
    <lastmod>2023-11-02T12:30:26Z</lastmod>
</url><url>
    <loc>https://geoconnex.us/mtdnrc/gages/43BV05000</loc>
    <lastmod>2023-11-02T12:30:26Z</lastmod>
</url><url>
    <loc>https://geoconnex.us/mtdnrc/gages/43BV07000</loc>
    <lastmod>2023-11-02T12:30:26Z</lastmod>
</url><url>
    <loc>https://geoconnex.us/mtdnrc/gages/43BV08000</loc>
    <lastmod>2023-11-02T12:30:26Z</lastmod>
</url><url>
    <loc>https://geoconnex.us/mtdnrc/gages/43BV09000</loc>
    <lastmod>2023-11-02T12:30:26Z</lastmod>
</url><url>
    <loc>https://geoconnex.us/mtdnrc/gages/43D01900</loc>
    <lastmod>2023-11-02T12:30:26Z</lastmod>
</url><url>
    <loc>https://geoconnex.us/mtdnrc/gages/43Q05900</loc>
    <lastmod>2023-11-02T12:30:26Z</lastmod>
</url><url>
    <loc>https://geoconnex.us/mtdnrc/gages/43Q06300</loc>
    <lastmod>2023-11-02T12:30:26Z</lastmod>
</url><url>
    <loc>https://geoconnex.us/mtdnrc/gages/43Q06400</loc>
    <lastmod>2023-11-02T12:30:26Z</lastmod>
</url><url>
    <loc>https://geoconnex.us/mtdnrc/gages/46J07500</loc>
    <lastmod>2023-11-02T12:30:26Z</lastmod>
</url><url>
    <loc>https://geoconnex.us/mtdnrc/gages/46J07800</loc>
    <lastmod>2023-11-02T12:30:26Z</lastmod>
</url><url>
    <loc>https://geoconnex.us/mtdnrc/gages/76E1500</loc>
    <lastmod>2023-11-02T12:30:26Z</lastmod>
</url><url>
    <loc>https://geoconnex.us/mtdnrc/gages/76E2000</loc>
    <lastmod>2023-11-02T12:30:26Z</lastmod>
</url><url>
    <loc>https://geoconnex.us/mtdnrc/gages/76E2100</loc>
    <lastmod>2023-11-02T12:30:26Z</lastmod>
</url><url>
    <loc>https://geoconnex.us/mtdnrc/gages/76E2200</loc>
    <lastmod>2023-11-02T12:30:26Z</lastmod>
</url><url>
    <loc>https://geoconnex.us/mtdnrc/gages/76E3000</loc>
    <lastmod>2023-11-02T12:30:26Z</lastmod>
</url><url>
    <loc>https://geoconnex.us/mtdnrc/gages/76E4000</loc>
    <lastmod>2023-11-02T12:30:26Z</lastmod>
</url><url>
    <loc>https://geoconnex.us/mtdnrc/gages/76F02000</loc>
    <lastmod>2023-11-02T12:30:26Z</lastmod>
</url><url>
    <loc>https://geoconnex.us/mtdnrc/gages/76F02900</loc>
    <lastmod>2023-11-02T12:30:26Z</lastmod>
</url><url>
    <loc>https://geoconnex.us/mtdnrc/gages/76F03500</loc>
    <lastmod>2023-11-02T12:30:26Z</lastmod>
</url><url>
    <loc>https://geoconnex.us/mtdnrc/gages/76F05000</loc>
    <lastmod>2023-11-02T12:30:26Z</lastmod>
</url><url>
    <loc>https://geoconnex.us/mtdnrc/gages/76F05200</loc>
    <lastmod>2023-11-02T12:30:26Z</lastmod>
</url><url>
    <loc>https://geoconnex.us/mtdnrc/gages/76F05300</loc>
    <lastmod>2023-11-02T12:30:26Z</lastmod>
</url><url>
    <loc>https://geoconnex.us/mtdnrc/gages/76F2000</loc>
    <lastmod>2023-11-02T12:30:26Z</lastmod>
</url><url>
    <loc>https://geoconnex.us/mtdnrc/gages/76F2100</loc>
    <lastmod>2023-11-02T12:30:26Z</lastmod>
</url><url>
    <loc>https://geoconnex.us/mtdnrc/gages/76F2200</loc>
    <lastmod>2023-11-02T12:30:26Z</lastmod>
</url><url>
    <loc>https://geoconnex.us/mtdnrc/gages/76F37400</loc>
    <lastmod>2023-11-02T12:30:26Z</lastmod>
</url><url>
    <loc>https://geoconnex.us/mtdnrc/gages/76G05990</loc>
    <lastmod>2023-11-02T12:30:26Z</lastmod>
</url><url>
    <loc>https://geoconnex.us/mtdnrc/gages/76G24605</loc>
    <lastmod>2023-11-02T12:30:26Z</lastmod>
</url><url>
    <loc>https://geoconnex.us/mtdnrc/gages/76GJ07100</loc>
    <lastmod>2023-11-02T12:30:26Z</lastmod>
</url><url>
    <loc>https://geoconnex.us/mtdnrc/gages/76GJ2089</loc>
    <lastmod>2023-11-02T12:30:26Z</lastmod>
</url><url>
    <loc>https://geoconnex.us/mtdnrc/gages/76GJ8000</loc>
    <lastmod>2023-11-02T12:30:26Z</lastmod>
</url><url>
    <loc>https://geoconnex.us/mtdnrc/gages/76GJ8080</loc>
    <lastmod>2023-11-02T12:30:26Z</lastmod>
</url><url>
    <loc>https://geoconnex.us/mtdnrc/gages/76H1200</loc>
    <lastmod>2023-11-02T12:30:26Z</lastmod>
</url><url>
    <loc>https://geoconnex.us/mtdnrc/gages/76H1500</loc>
    <lastmod>2023-11-02T12:30:26Z</lastmod>
</url><url>
    <loc>https://geoconnex.us/mtdnrc/gages/76HB01000</loc>
    <lastmod>2023-11-02T12:30:26Z</lastmod>
</url><url>
    <loc>https://geoconnex.us/mtdnrc/gages/76HB01500</loc>
    <lastmod>2023-11-02T12:30:26Z</lastmod>
</url><url>
    <loc>https://geoconnex.us/mtdnrc/gages/76HB02800</loc>
    <lastmod>2023-11-02T12:30:26Z</lastmod>
</url><url>
    <loc>https://geoconnex.us/mtdnrc/gages/76HB03000</loc>
    <lastmod>2023-11-02T12:30:26Z</lastmod>
</url><url>
    <loc>https://geoconnex.us/mtdnrc/gages/76HB05500</loc>
    <lastmod>2023-11-02T12:30:26Z</lastmod>
</url><url>
    <loc>https://geoconnex.us/mtdnrc/gages/76HB05800</loc>
    <lastmod>2023-11-02T12:30:26Z</lastmod>
</url><url>
    <loc>https://geoconnex.us/mtdnrc/gages/76HB09500</loc>
    <lastmod>2023-11-02T12:30:26Z</lastmod>
</url><url>
    <loc>https://geoconnex.us/mtdnrc/gages/76HB09550</loc>
    <lastmod>2023-11-02T12:30:26Z</lastmod>
</url><url>
    <loc>https://geoconnex.us/mtdnrc/gages/76HB09600</loc>
    <lastmod>2023-11-02T12:30:26Z</lastmod>
</url><url>
    <loc>https://geoconnex.us/mtdnrc/gages/76HF05000</loc>
    <lastmod>2023-11-02T12:30:26Z</lastmod>
</url><url>
    <loc>https://geoconnex.us/mtdnrc/gages/76HF3503</loc>
    <lastmod>2023-11-02T12:30:26Z</lastmod>
</url><url>
    <loc>https://geoconnex.us/mtdnrc/gages/76HF3513</loc>
    <lastmod>2023-11-02T12:30:26Z</lastmod>
</url><url>
    <loc>https://geoconnex.us/mtdnrc/gages/76LJ001</loc>
    <lastmod>2023-11-02T12:30:26Z</lastmod>
</url><url>
    <loc>https://geoconnex.us/mtdnrc/gages/76LJ002</loc>
    <lastmod>2023-11-02T12:30:26Z</lastmod>
</url><url>
    <loc>https://geoconnex.us/mtdnrc/gages/76LJ003</loc>
    <lastmod>2023-11-02T12:30:26Z</lastmod>
</url><url>
    <loc>https://geoconnex.us/mtdnrc/gages/76LJ004</loc>
    <lastmod>2023-11-02T12:30:26Z</lastmod>
</url><url>
    <loc>https://geoconnex.us/mtdnrc/gages/76LJ005</loc>
    <lastmod>2023-11-02T12:30:26Z</lastmod>
</url><url>
    <loc>https://geoconnex.us/mtdnrc/gages/76LJ07500</loc>
    <lastmod>2023-11-02T12:30:26Z</lastmod>
</url><url>
    <loc>https://geoconnex.us/mtdnrc/gages/76LJ09900</loc>
    <lastmod>2023-11-02T12:30:26Z</lastmod>
</url><url>
    <loc>https://geoconnex.us/mtdnrc/gages/76M01100</loc>
    <lastmod>2023-11-02T12:30:26Z</lastmod>
</url><url>
    <loc>https://geoconnex.us/mtdnrc/gages/SR001</loc>
    <lastmod>2023-11-02T12:30:26Z</lastmod>
</url><url>
    <loc>https://geoconnex.us/mtdnrc/gages/SR002</loc>
    <lastmod>2023-11-02T12:30:26Z</lastmod>
</url><url>
    <loc>https://geoconnex.us/mtdnrc/gages/SR004</loc>
    <lastmod>2023-11-02T12:30:26Z</lastmod>
</url><url>
    <loc>https://geoconnex.us/mtdnrc/gages/SR006</loc>
    <lastmod>2023-11-02T12:30:26Z</lastmod>
</url><url>
    <loc>https://geoconnex.us/mtdnrc/gages/SR007</loc>
    <lastmod>2023-11-02T12:30:26Z</lastmod>
</url></ns0:urlset>