<?xml version='1.0' encoding='utf-8'?>
<ns0:urlset xmlns:ns0="http://www.sitemaps.org/schemas/sitemap/0.9">
<url>
    <loc>https://geoconnex.us/nednr/gages/00001000</loc>
    <lastmod>2023-11-02T12:30:26Z</lastmod>
</url><url>
    <loc>https://geoconnex.us/nednr/gages/00002000</loc>
    <lastmod>2023-11-02T12:30:26Z</lastmod>
</url><url>
    <loc>https://geoconnex.us/nednr/gages/00002692</loc>
    <lastmod>2023-11-02T12:30:26Z</lastmod>
</url><url>
    <loc>https://geoconnex.us/nednr/gages/00002696</loc>
    <lastmod>2023-11-02T12:30:26Z</lastmod>
</url><url>
    <loc>https://geoconnex.us/nednr/gages/00003000</loc>
    <lastmod>2023-11-02T12:30:26Z</lastmod>
</url><url>
    <loc>https://geoconnex.us/nednr/gages/00007000</loc>
    <lastmod>2023-11-02T12:30:26Z</lastmod>
</url><url>
    <loc>https://geoconnex.us/nednr/gages/00009000</loc>
    <lastmod>2023-11-02T12:30:26Z</lastmod>
</url><url>
    <loc>https://geoconnex.us/nednr/gages/00010000</loc>
    <lastmod>2023-11-02T12:30:26Z</lastmod>
</url><url>
    <loc>https://geoconnex.us/nednr/gages/00013000</loc>
    <lastmod>2023-11-02T12:30:26Z</lastmod>
</url><url>
    <loc>https://geoconnex.us/nednr/gages/00016000</loc>
    <lastmod>2023-11-02T12:30:26Z</lastmod>
</url><url>
    <loc>https://geoconnex.us/nednr/gages/00017200</loc>
    <lastmod>2023-11-02T12:30:26Z</lastmod>
</url><url>
    <loc>https://geoconnex.us/nednr/gages/00019000</loc>
    <lastmod>2023-11-02T12:30:26Z</lastmod>
</url><url>
    <loc>https://geoconnex.us/nednr/gages/00019500</loc>
    <lastmod>2023-11-02T12:30:26Z</lastmod>
</url><url>
    <loc>https://geoconnex.us/nednr/gages/00019800</loc>
    <lastmod>2023-11-02T12:30:26Z</lastmod>
</url><url>
    <loc>https://geoconnex.us/nednr/gages/00021000</loc>
    <lastmod>2023-11-02T12:30:26Z</lastmod>
</url><url>
    <loc>https://geoconnex.us/nednr/gages/00022000</loc>
    <lastmod>2023-11-02T12:30:26Z</lastmod>
</url><url>
    <loc>https://geoconnex.us/nednr/gages/00024000</loc>
    <lastmod>2023-11-02T12:30:26Z</lastmod>
</url><url>
    <loc>https://geoconnex.us/nednr/gages/00027000</loc>
    <lastmod>2023-11-02T12:30:26Z</lastmod>
</url><url>
    <loc>https://geoconnex.us/nednr/gages/00029000</loc>
    <lastmod>2023-11-02T12:30:26Z</lastmod>
</url><url>
    <loc>https://geoconnex.us/nednr/gages/00030000</loc>
    <lastmod>2023-11-02T12:30:26Z</lastmod>
</url><url>
    <loc>https://geoconnex.us/nednr/gages/00033000</loc>
    <lastmod>2023-11-02T12:30:26Z</lastmod>
</url><url>
    <loc>https://geoconnex.us/nednr/gages/00037000</loc>
    <lastmod>2023-11-02T12:30:26Z</lastmod>
</url><url>
    <loc>https://geoconnex.us/nednr/gages/00038100</loc>
    <lastmod>2023-11-02T12:30:26Z</lastmod>
</url><url>
    <loc>https://geoconnex.us/nednr/gages/00038200</loc>
    <lastmod>2023-11-02T12:30:26Z</lastmod>
</url><url>
    <loc>https://geoconnex.us/nednr/gages/00039000</loc>
    <lastmod>2023-11-02T12:30:26Z</lastmod>
</url><url>
    <loc>https://geoconnex.us/nednr/gages/00040000</loc>
    <lastmod>2023-11-02T12:30:26Z</lastmod>
</url><url>
    <loc>https://geoconnex.us/nednr/gages/00046000</loc>
    <lastmod>2023-11-02T12:30:26Z</lastmod>
</url><url>
    <loc>https://geoconnex.us/nednr/gages/00047000</loc>
    <lastmod>2023-11-02T12:30:26Z</lastmod>
</url><url>
    <loc>https://geoconnex.us/nednr/gages/00048000</loc>
    <lastmod>2023-11-02T12:30:26Z</lastmod>
</url><url>
    <loc>https://geoconnex.us/nednr/gages/00049000</loc>
    <lastmod>2023-11-02T12:30:26Z</lastmod>
</url><url>
    <loc>https://geoconnex.us/nednr/gages/00054700</loc>
    <lastmod>2023-11-02T12:30:26Z</lastmod>
</url><url>
    <loc>https://geoconnex.us/nednr/gages/00056000</loc>
    <lastmod>2023-11-02T12:30:26Z</lastmod>
</url><url>
    <loc>https://geoconnex.us/nednr/gages/00057000</loc>
    <lastmod>2023-11-02T12:30:26Z</lastmod>
</url><url>
    <loc>https://geoconnex.us/nednr/gages/00061500</loc>
    <lastmod>2023-11-02T12:30:26Z</lastmod>
</url><url>
    <loc>https://geoconnex.us/nednr/gages/00062000</loc>
    <lastmod>2023-11-02T12:30:26Z</lastmod>
</url><url>
    <loc>https://geoconnex.us/nednr/gages/00062500</loc>
    <lastmod>2023-11-02T12:30:26Z</lastmod>
</url><url>
    <loc>https://geoconnex.us/nednr/gages/00063000</loc>
    <lastmod>2023-11-02T12:30:26Z</lastmod>
</url><url>
    <loc>https://geoconnex.us/nednr/gages/00067000</loc>
    <lastmod>2023-11-02T12:30:26Z</lastmod>
</url><url>
    <loc>https://geoconnex.us/nednr/gages/00069000</loc>
    <lastmod>2023-11-02T12:30:26Z</lastmod>
</url><url>
    <loc>https://geoconnex.us/nednr/gages/00072000</loc>
    <lastmod>2023-11-02T12:30:26Z</lastmod>
</url><url>
    <loc>https://geoconnex.us/nednr/gages/00073000</loc>
    <lastmod>2023-11-02T12:30:26Z</lastmod>
</url><url>
    <loc>https://geoconnex.us/nednr/gages/00075000</loc>
    <lastmod>2023-11-02T12:30:26Z</lastmod>
</url><url>
    <loc>https://geoconnex.us/nednr/gages/00076000</loc>
    <lastmod>2023-11-02T12:30:26Z</lastmod>
</url><url>
    <loc>https://geoconnex.us/nednr/gages/00076500</loc>
    <lastmod>2023-11-02T12:30:26Z</lastmod>
</url><url>
    <loc>https://geoconnex.us/nednr/gages/00078000</loc>
    <lastmod>2023-11-02T12:30:26Z</lastmod>
</url><url>
    <loc>https://geoconnex.us/nednr/gages/00079000</loc>
    <lastmod>2023-11-02T12:30:26Z</lastmod>
</url><url>
    <loc>https://geoconnex.us/nednr/gages/00080000</loc>
    <lastmod>2023-11-02T12:30:26Z</lastmod>
</url><url>
    <loc>https://geoconnex.us/nednr/gages/00081000</loc>
    <lastmod>2023-11-02T12:30:26Z</lastmod>
</url><url>
    <loc>https://geoconnex.us/nednr/gages/00082000</loc>
    <lastmod>2023-11-02T12:30:26Z</lastmod>
</url><url>
    <loc>https://geoconnex.us/nednr/gages/00082100</loc>
    <lastmod>2023-11-02T12:30:26Z</lastmod>
</url><url>
    <loc>https://geoconnex.us/nednr/gages/00084000</loc>
    <lastmod>2023-11-02T12:30:26Z</lastmod>
</url><url>
    <loc>https://geoconnex.us/nednr/gages/00086000</loc>
    <lastmod>2023-11-02T12:30:26Z</lastmod>
</url><url>
    <loc>https://geoconnex.us/nednr/gages/00088000</loc>
    <lastmod>2023-11-02T12:30:26Z</lastmod>
</url><url>
    <loc>https://geoconnex.us/nednr/gages/00088500</loc>
    <lastmod>2023-11-02T12:30:26Z</lastmod>
</url><url>
    <loc>https://geoconnex.us/nednr/gages/00089000</loc>
    <lastmod>2023-11-02T12:30:26Z</lastmod>
</url><url>
    <loc>https://geoconnex.us/nednr/gages/00090000</loc>
    <lastmod>2023-11-02T12:30:26Z</lastmod>
</url><url>
    <loc>https://geoconnex.us/nednr/gages/00090200</loc>
    <lastmod>2023-11-02T12:30:26Z</lastmod>
</url><url>
    <loc>https://geoconnex.us/nednr/gages/00091000</loc>
    <lastmod>2023-11-02T12:30:26Z</lastmod>
</url><url>
    <loc>https://geoconnex.us/nednr/gages/00092000</loc>
    <lastmod>2023-11-02T12:30:26Z</lastmod>
</url><url>
    <loc>https://geoconnex.us/nednr/gages/00093000</loc>
    <lastmod>2023-11-02T12:30:26Z</lastmod>
</url><url>
    <loc>https://geoconnex.us/nednr/gages/00093200</loc>
    <lastmod>2023-11-02T12:30:26Z</lastmod>
</url><url>
    <loc>https://geoconnex.us/nednr/gages/00098000</loc>
    <lastmod>2023-11-02T12:30:26Z</lastmod>
</url><url>
    <loc>https://geoconnex.us/nednr/gages/00099000</loc>
    <lastmod>2023-11-02T12:30:26Z</lastmod>
</url><url>
    <loc>https://geoconnex.us/nednr/gages/00100000</loc>
    <lastmod>2023-11-02T12:30:26Z</lastmod>
</url><url>
    <loc>https://geoconnex.us/nednr/gages/00100500</loc>
    <lastmod>2023-11-02T12:30:26Z</lastmod>
</url><url>
    <loc>https://geoconnex.us/nednr/gages/00101100</loc>
    <lastmod>2023-11-02T12:30:26Z</lastmod>
</url><url>
    <loc>https://geoconnex.us/nednr/gages/00104000</loc>
    <lastmod>2023-11-02T12:30:26Z</lastmod>
</url><url>
    <loc>https://geoconnex.us/nednr/gages/00105500</loc>
    <lastmod>2023-11-02T12:30:26Z</lastmod>
</url><url>
    <loc>https://geoconnex.us/nednr/gages/00106000</loc>
    <lastmod>2023-11-02T12:30:26Z</lastmod>
</url><url>
    <loc>https://geoconnex.us/nednr/gages/00106100</loc>
    <lastmod>2023-11-02T12:30:26Z</lastmod>
</url><url>
    <loc>https://geoconnex.us/nednr/gages/00107000</loc>
    <lastmod>2023-11-02T12:30:26Z</lastmod>
</url><url>
    <loc>https://geoconnex.us/nednr/gages/00107100</loc>
    <lastmod>2023-11-02T12:30:26Z</lastmod>
</url><url>
    <loc>https://geoconnex.us/nednr/gages/00107200</loc>
    <lastmod>2023-11-02T12:30:26Z</lastmod>
</url><url>
    <loc>https://geoconnex.us/nednr/gages/00108000</loc>
    <lastmod>2023-11-02T12:30:26Z</lastmod>
</url><url>
    <loc>https://geoconnex.us/nednr/gages/00109000</loc>
    <lastmod>2023-11-02T12:30:26Z</lastmod>
</url><url>
    <loc>https://geoconnex.us/nednr/gages/00114000</loc>
    <lastmod>2023-11-02T12:30:26Z</lastmod>
</url><url>
    <loc>https://geoconnex.us/nednr/gages/00115100</loc>
    <lastmod>2023-11-02T12:30:26Z</lastmod>
</url><url>
    <loc>https://geoconnex.us/nednr/gages/00117000</loc>
    <lastmod>2023-11-02T12:30:26Z</lastmod>
</url><url>
    <loc>https://geoconnex.us/nednr/gages/00120000</loc>
    <lastmod>2023-11-02T12:30:26Z</lastmod>
</url><url>
    <loc>https://geoconnex.us/nednr/gages/00120500</loc>
    <lastmod>2023-11-02T12:30:26Z</lastmod>
</url><url>
    <loc>https://geoconnex.us/nednr/gages/00121000</loc>
    <lastmod>2023-11-02T12:30:26Z</lastmod>
</url><url>
    <loc>https://geoconnex.us/nednr/gages/00122000</loc>
    <lastmod>2023-11-02T12:30:26Z</lastmod>
</url><url>
    <loc>https://geoconnex.us/nednr/gages/00123000</loc>
    <lastmod>2023-11-02T12:30:26Z</lastmod>
</url><url>
    <loc>https://geoconnex.us/nednr/gages/00127000</loc>
    <lastmod>2023-11-02T12:30:26Z</lastmod>
</url><url>
    <loc>https://geoconnex.us/nednr/gages/00130000</loc>
    <lastmod>2023-11-02T12:30:26Z</lastmod>
</url><url>
    <loc>https://geoconnex.us/nednr/gages/00133000</loc>
    <lastmod>2023-11-02T12:30:26Z</lastmod>
</url><url>
    <loc>https://geoconnex.us/nednr/gages/00136000</loc>
    <lastmod>2023-11-02T12:30:26Z</lastmod>
</url><url>
    <loc>https://geoconnex.us/nednr/gages/00138000</loc>
    <lastmod>2023-11-02T12:30:26Z</lastmod>
</url><url>
    <loc>https://geoconnex.us/nednr/gages/00140000</loc>
    <lastmod>2023-11-02T12:30:26Z</lastmod>
</url><url>
    <loc>https://geoconnex.us/nednr/gages/00140003</loc>
    <lastmod>2023-11-02T12:30:26Z</lastmod>
</url><url>
    <loc>https://geoconnex.us/nednr/gages/00141000</loc>
    <lastmod>2023-11-02T12:30:26Z</lastmod>
</url><url>
    <loc>https://geoconnex.us/nednr/gages/00142001</loc>
    <lastmod>2023-11-02T12:30:26Z</lastmod>
</url><url>
    <loc>https://geoconnex.us/nednr/gages/00143000</loc>
    <lastmod>2023-11-02T12:30:26Z</lastmod>
</url><url>
    <loc>https://geoconnex.us/nednr/gages/00144000</loc>
    <lastmod>2023-11-02T12:30:26Z</lastmod>
</url><url>
    <loc>https://geoconnex.us/nednr/gages/00144200</loc>
    <lastmod>2023-11-02T12:30:26Z</lastmod>
</url><url>
    <loc>https://geoconnex.us/nednr/gages/00144400</loc>
    <lastmod>2023-11-02T12:30:26Z</lastmod>
</url><url>
    <loc>https://geoconnex.us/nednr/gages/00145100</loc>
    <lastmod>2023-11-02T12:30:26Z</lastmod>
</url><url>
    <loc>https://geoconnex.us/nednr/gages/00145700</loc>
    <lastmod>2023-11-02T12:30:26Z</lastmod>
</url><url>
    <loc>https://geoconnex.us/nednr/gages/00146000</loc>
    <lastmod>2023-11-02T12:30:26Z</lastmod>
</url><url>
    <loc>https://geoconnex.us/nednr/gages/00147000</loc>
    <lastmod>2023-11-02T12:30:26Z</lastmod>
</url><url>
    <loc>https://geoconnex.us/nednr/gages/00147001</loc>
    <lastmod>2023-11-02T12:30:26Z</lastmod>
</url><url>
    <loc>https://geoconnex.us/nednr/gages/00148000</loc>
    <lastmod>2023-11-02T12:30:26Z</lastmod>
</url><url>
    <loc>https://geoconnex.us/nednr/gages/00149000</loc>
    <lastmod>2023-11-02T12:30:26Z</lastmod>
</url><url>
    <loc>https://geoconnex.us/nednr/gages/00219500</loc>
    <lastmod>2023-11-02T12:30:26Z</lastmod>
</url><url>
    <loc>https://geoconnex.us/nednr/gages/00224600</loc>
    <lastmod>2023-11-02T12:30:26Z</lastmod>
</url><url>
    <loc>https://geoconnex.us/nednr/gages/00225000</loc>
    <lastmod>2023-11-02T12:30:26Z</lastmod>
</url><url>
    <loc>https://geoconnex.us/nednr/gages/00228500</loc>
    <lastmod>2023-11-02T12:30:26Z</lastmod>
</url><url>
    <loc>https://geoconnex.us/nednr/gages/00229300</loc>
    <lastmod>2023-11-02T12:30:26Z</lastmod>
</url><url>
    <loc>https://geoconnex.us/nednr/gages/00231700</loc>
    <lastmod>2023-11-02T12:30:26Z</lastmod>
</url><url>
    <loc>https://geoconnex.us/nednr/gages/00232500</loc>
    <lastmod>2023-11-02T12:30:26Z</lastmod>
</url><url>
    <loc>https://geoconnex.us/nednr/gages/00410000</loc>
    <lastmod>2023-11-02T12:30:26Z</lastmod>
</url><url>
    <loc>https://geoconnex.us/nednr/gages/00410300</loc>
    <lastmod>2023-11-02T12:30:26Z</lastmod>
</url><url>
    <loc>https://geoconnex.us/nednr/gages/06444000</loc>
    <lastmod>2023-11-02T12:30:26Z</lastmod>
</url><url>
    <loc>https://geoconnex.us/nednr/gages/06454000</loc>
    <lastmod>2023-11-02T12:30:26Z</lastmod>
</url><url>
    <loc>https://geoconnex.us/nednr/gages/06454050</loc>
    <lastmod>2023-11-02T12:30:26Z</lastmod>
</url><url>
    <loc>https://geoconnex.us/nednr/gages/06454100</loc>
    <lastmod>2023-11-02T12:30:26Z</lastmod>
</url><url>
    <loc>https://geoconnex.us/nednr/gages/06454500</loc>
    <lastmod>2023-11-02T12:30:26Z</lastmod>
</url><url>
    <loc>https://geoconnex.us/nednr/gages/06455500</loc>
    <lastmod>2023-11-02T12:30:26Z</lastmod>
</url><url>
    <loc>https://geoconnex.us/nednr/gages/06456500</loc>
    <lastmod>2023-11-02T12:30:26Z</lastmod>
</url><url>
    <loc>https://geoconnex.us/nednr/gages/06457500</loc>
    <lastmod>2023-11-02T12:30:26Z</lastmod>
</url><url>
    <loc>https://geoconnex.us/nednr/gages/06459025</loc>
    <lastmod>2023-11-02T12:30:26Z</lastmod>
</url><url>
    <loc>https://geoconnex.us/nednr/gages/06459175</loc>
    <lastmod>2023-11-02T12:30:26Z</lastmod>
</url><url>
    <loc>https://geoconnex.us/nednr/gages/06459500</loc>
    <lastmod>2023-11-02T12:30:26Z</lastmod>
</url><url>
    <loc>https://geoconnex.us/nednr/gages/06464900</loc>
    <lastmod>2023-11-02T12:30:26Z</lastmod>
</url><url>
    <loc>https://geoconnex.us/nednr/gages/06464930</loc>
    <lastmod>2023-11-02T12:30:26Z</lastmod>
</url><url>
    <loc>https://geoconnex.us/nednr/gages/06465700</loc>
    <lastmod>2023-11-02T12:30:26Z</lastmod>
</url><url>
    <loc>https://geoconnex.us/nednr/gages/06677500</loc>
    <lastmod>2023-11-02T12:30:26Z</lastmod>
</url><url>
    <loc>https://geoconnex.us/nednr/gages/06678000</loc>
    <lastmod>2023-11-02T12:30:26Z</lastmod>
</url><url>
    <loc>https://geoconnex.us/nednr/gages/06678500</loc>
    <lastmod>2023-11-02T12:30:26Z</lastmod>
</url><url>
    <loc>https://geoconnex.us/nednr/gages/06679000</loc>
    <lastmod>2023-11-02T12:30:26Z</lastmod>
</url><url>
    <loc>https://geoconnex.us/nednr/gages/06679500</loc>
    <lastmod>2023-11-02T12:30:26Z</lastmod>
</url><url>
    <loc>https://geoconnex.us/nednr/gages/06680000</loc>
    <lastmod>2023-11-02T12:30:26Z</lastmod>
</url><url>
    <loc>https://geoconnex.us/nednr/gages/06680970</loc>
    <lastmod>2023-11-02T12:30:26Z</lastmod>
</url><url>
    <loc>https://geoconnex.us/nednr/gages/06681000</loc>
    <lastmod>2023-11-02T12:30:26Z</lastmod>
</url><url>
    <loc>https://geoconnex.us/nednr/gages/06681998</loc>
    <lastmod>2023-11-02T12:30:26Z</lastmod>
</url><url>
    <loc>https://geoconnex.us/nednr/gages/06681999</loc>
    <lastmod>2023-11-02T12:30:26Z</lastmod>
</url><url>
    <loc>https://geoconnex.us/nednr/gages/06682000</loc>
    <lastmod>2023-11-02T12:30:26Z</lastmod>
</url><url>
    <loc>https://geoconnex.us/nednr/gages/06682500</loc>
    <lastmod>2023-11-02T12:30:26Z</lastmod>
</url><url>
    <loc>https://geoconnex.us/nednr/gages/06683000</loc>
    <lastmod>2023-11-02T12:30:26Z</lastmod>
</url><url>
    <loc>https://geoconnex.us/nednr/gages/06684000</loc>
    <lastmod>2023-11-02T12:30:26Z</lastmod>
</url><url>
    <loc>https://geoconnex.us/nednr/gages/06684498</loc>
    <lastmod>2023-11-02T12:30:26Z</lastmod>
</url><url>
    <loc>https://geoconnex.us/nednr/gages/06684499</loc>
    <lastmod>2023-11-02T12:30:26Z</lastmod>
</url><url>
    <loc>https://geoconnex.us/nednr/gages/06684500</loc>
    <lastmod>2023-11-02T12:30:26Z</lastmod>
</url><url>
    <loc>https://geoconnex.us/nednr/gages/06685000</loc>
    <lastmod>2023-11-02T12:30:26Z</lastmod>
</url><url>
    <loc>https://geoconnex.us/nednr/gages/06686000</loc>
    <lastmod>2023-11-02T12:30:26Z</lastmod>
</url><url>
    <loc>https://geoconnex.us/nednr/gages/06687000</loc>
    <lastmod>2023-11-02T12:30:26Z</lastmod>
</url><url>
    <loc>https://geoconnex.us/nednr/gages/06687500</loc>
    <lastmod>2023-11-02T12:30:26Z</lastmod>
</url><url>
    <loc>https://geoconnex.us/nednr/gages/06690500</loc>
    <lastmod>2023-11-02T12:30:26Z</lastmod>
</url><url>
    <loc>https://geoconnex.us/nednr/gages/06691000</loc>
    <lastmod>2023-11-02T12:30:26Z</lastmod>
</url><url>
    <loc>https://geoconnex.us/nednr/gages/06692000</loc>
    <lastmod>2023-11-02T12:30:26Z</lastmod>
</url><url>
    <loc>https://geoconnex.us/nednr/gages/06692500</loc>
    <lastmod>2023-11-02T12:30:26Z</lastmod>
</url><url>
    <loc>https://geoconnex.us/nednr/gages/06693000</loc>
    <lastmod>2023-11-02T12:30:26Z</lastmod>
</url><url>
    <loc>https://geoconnex.us/nednr/gages/06763500</loc>
    <lastmod>2023-11-02T12:30:26Z</lastmod>
</url><url>
    <loc>https://geoconnex.us/nednr/gages/06764900</loc>
    <lastmod>2023-11-02T12:30:26Z</lastmod>
</url><url>
    <loc>https://geoconnex.us/nednr/gages/06765500</loc>
    <lastmod>2023-11-02T12:30:26Z</lastmod>
</url><url>
    <loc>https://geoconnex.us/nednr/gages/06765980</loc>
    <lastmod>2023-11-02T12:30:26Z</lastmod>
</url><url>
    <loc>https://geoconnex.us/nednr/gages/06765990</loc>
    <lastmod>2023-11-02T12:30:26Z</lastmod>
</url><url>
    <loc>https://geoconnex.us/nednr/gages/06766000</loc>
    <lastmod>2023-11-02T12:30:26Z</lastmod>
</url><url>
    <loc>https://geoconnex.us/nednr/gages/06766498</loc>
    <lastmod>2023-11-02T12:30:26Z</lastmod>
</url><url>
    <loc>https://geoconnex.us/nednr/gages/06766499</loc>
    <lastmod>2023-11-02T12:30:26Z</lastmod>
</url><url>
    <loc>https://geoconnex.us/nednr/gages/06766500</loc>
    <lastmod>2023-11-02T12:30:26Z</lastmod>
</url><url>
    <loc>https://geoconnex.us/nednr/gages/06766650</loc>
    <lastmod>2023-11-02T12:30:26Z</lastmod>
</url><url>
    <loc>https://geoconnex.us/nednr/gages/06767500</loc>
    <lastmod>2023-11-02T12:30:26Z</lastmod>
</url><url>
    <loc>https://geoconnex.us/nednr/gages/06770000</loc>
    <lastmod>2023-11-02T12:30:26Z</lastmod>
</url><url>
    <loc>https://geoconnex.us/nednr/gages/06770195</loc>
    <lastmod>2023-11-02T12:30:26Z</lastmod>
</url><url>
    <loc>https://geoconnex.us/nednr/gages/06770240</loc>
    <lastmod>2023-11-02T12:30:26Z</lastmod>
</url><url>
    <loc>https://geoconnex.us/nednr/gages/06772000</loc>
    <lastmod>2023-11-02T12:30:26Z</lastmod>
</url><url>
    <loc>https://geoconnex.us/nednr/gages/06780000</loc>
    <lastmod>2023-11-02T12:30:26Z</lastmod>
</url><url>
    <loc>https://geoconnex.us/nednr/gages/06783500</loc>
    <lastmod>2023-11-02T12:30:26Z</lastmod>
</url><url>
    <loc>https://geoconnex.us/nednr/gages/06784800</loc>
    <lastmod>2023-11-02T12:30:26Z</lastmod>
</url><url>
    <loc>https://geoconnex.us/nednr/gages/06787000</loc>
    <lastmod>2023-11-02T12:30:26Z</lastmod>
</url><url>
    <loc>https://geoconnex.us/nednr/gages/06787500</loc>
    <lastmod>2023-11-02T12:30:26Z</lastmod>
</url><url>
    <loc>https://geoconnex.us/nednr/gages/06788500</loc>
    <lastmod>2023-11-02T12:30:26Z</lastmod>
</url><url>
    <loc>https://geoconnex.us/nednr/gages/06788988</loc>
    <lastmod>2023-11-02T12:30:26Z</lastmod>
</url><url>
    <loc>https://geoconnex.us/nednr/gages/06791500</loc>
    <lastmod>2023-11-02T12:30:26Z</lastmod>
</url><url>
    <loc>https://geoconnex.us/nednr/gages/06792000</loc>
    <lastmod>2023-11-02T12:30:26Z</lastmod>
</url><url>
    <loc>https://geoconnex.us/nednr/gages/06793500</loc>
    <lastmod>2023-11-02T12:30:26Z</lastmod>
</url><url>
    <loc>https://geoconnex.us/nednr/gages/06794500</loc>
    <lastmod>2023-11-02T12:30:26Z</lastmod>
</url><url>
    <loc>https://geoconnex.us/nednr/gages/06796973</loc>
    <lastmod>2023-11-02T12:30:26Z</lastmod>
</url><url>
    <loc>https://geoconnex.us/nednr/gages/06798000</loc>
    <lastmod>2023-11-02T12:30:26Z</lastmod>
</url><url>
    <loc>https://geoconnex.us/nednr/gages/06798500</loc>
    <lastmod>2023-11-02T12:30:26Z</lastmod>
</url><url>
    <loc>https://geoconnex.us/nednr/gages/06798780</loc>
    <lastmod>2023-11-02T12:30:26Z</lastmod>
</url><url>
    <loc>https://geoconnex.us/nednr/gages/06799080</loc>
    <lastmod>2023-11-02T12:30:26Z</lastmod>
</url><url>
    <loc>https://geoconnex.us/nednr/gages/06799230</loc>
    <lastmod>2023-11-02T12:30:26Z</lastmod>
</url><url>
    <loc>https://geoconnex.us/nednr/gages/06799385</loc>
    <lastmod>2023-11-02T12:30:26Z</lastmod>
</url><url>
    <loc>https://geoconnex.us/nednr/gages/06799450</loc>
    <lastmod>2023-11-02T12:30:26Z</lastmod>
</url><url>
    <loc>https://geoconnex.us/nednr/gages/06799510</loc>
    <lastmod>2023-11-02T12:30:26Z</lastmod>
</url><url>
    <loc>https://geoconnex.us/nednr/gages/06831500</loc>
    <lastmod>2023-11-02T12:30:26Z</lastmod>
</url><url>
    <loc>https://geoconnex.us/nednr/gages/06835000</loc>
    <lastmod>2023-11-02T12:30:26Z</lastmod>
</url><url>
    <loc>https://geoconnex.us/nednr/gages/06837300</loc>
    <lastmod>2023-11-02T12:30:26Z</lastmod>
</url><url>
    <loc>https://geoconnex.us/nednr/gages/06838500</loc>
    <lastmod>2023-11-02T12:30:26Z</lastmod>
</url><url>
    <loc>https://geoconnex.us/nednr/gages/06839970</loc>
    <lastmod>2023-11-02T12:30:26Z</lastmod>
</url><url>
    <loc>https://geoconnex.us/nednr/gages/06840000</loc>
    <lastmod>2023-11-02T12:30:26Z</lastmod>
</url><url>
    <loc>https://geoconnex.us/nednr/gages/06841000</loc>
    <lastmod>2023-11-02T12:30:26Z</lastmod>
</url><url>
    <loc>https://geoconnex.us/nednr/gages/06842500</loc>
    <lastmod>2023-11-02T12:30:26Z</lastmod>
</url><url>
    <loc>https://geoconnex.us/nednr/gages/06843400</loc>
    <lastmod>2023-11-02T12:30:26Z</lastmod>
</url><url>
    <loc>https://geoconnex.us/nednr/gages/06844000</loc>
    <lastmod>2023-11-02T12:30:26Z</lastmod>
</url><url>
    <loc>https://geoconnex.us/nednr/gages/06844210</loc>
    <lastmod>2023-11-02T12:30:26Z</lastmod>
</url><url>
    <loc>https://geoconnex.us/nednr/gages/06850000</loc>
    <lastmod>2023-11-02T12:30:26Z</lastmod>
</url><url>
    <loc>https://geoconnex.us/nednr/gages/06851090</loc>
    <lastmod>2023-11-02T12:30:26Z</lastmod>
</url><url>
    <loc>https://geoconnex.us/nednr/gages/06851500</loc>
    <lastmod>2023-11-02T12:30:26Z</lastmod>
</url><url>
    <loc>https://geoconnex.us/nednr/gages/06879900</loc>
    <lastmod>2023-11-02T12:30:26Z</lastmod>
</url><url>
    <loc>https://geoconnex.us/nednr/gages/06880000</loc>
    <lastmod>2023-11-02T12:30:26Z</lastmod>
</url><url>
    <loc>https://geoconnex.us/nednr/gages/06880500</loc>
    <lastmod>2023-11-02T12:30:26Z</lastmod>
</url><url>
    <loc>https://geoconnex.us/nednr/gages/06881200</loc>
    <lastmod>2023-11-02T12:30:26Z</lastmod>
</url><url>
    <loc>https://geoconnex.us/nednr/gages/06881500</loc>
    <lastmod>2023-11-02T12:30:26Z</lastmod>
</url><url>
    <loc>https://geoconnex.us/nednr/gages/06883555</loc>
    <lastmod>2023-11-02T12:30:26Z</lastmod>
</url><url>
    <loc>https://geoconnex.us/nednr/gages/06883940</loc>
    <lastmod>2023-11-02T12:30:26Z</lastmod>
</url><url>
    <loc>https://geoconnex.us/nednr/gages/06884005</loc>
    <lastmod>2023-11-02T12:30:26Z</lastmod>
</url></ns0:urlset>