<?xml version='1.0' encoding='utf-8'?>
<ns0:urlset xmlns:ns0="http://www.sitemaps.org/schemas/sitemap/0.9">
<url>
    <loc>https://geoconnex.us/iow/nldi</loc>
    <lastmod>2023-07-27T18:49:14Z</lastmod>
</url><url>
    <loc>https://geoconnex.us/iow/nldi/demo</loc>
    <lastmod>2023-07-27T18:49:14Z</lastmod>
</url><url>
    <loc>https://geoconnex.us/iow/map</loc>
    <lastmod>2023-07-27T18:49:14Z</lastmod>
</url><url>
    <loc>https://geoconnex.us/iow/cr-demo</loc>
    <lastmod>2023-07-27T18:49:14Z</lastmod>
</url><url>
    <loc>https://geoconnex.us/iow/tracker</loc>
    <lastmod>2023-07-27T18:49:14Z</lastmod>
</url><url>
    <loc>https://geoconnex.us/iow/hyriver</loc>
    <lastmod>2023-07-27T18:49:14Z</lastmod>
</url><url>
    <loc>https://geoconnex.us/iow/principles</loc>
    <lastmod>2023-07-27T18:49:14Z</lastmod>
</url><url>
    <loc>https://geoconnex.us/iow/api-mockup</loc>
    <lastmod>2023-07-27T18:49:14Z</lastmod>
</url></ns0:urlset>