<?xml version='1.0' encoding='utf-8'?>
<ns0:urlset xmlns:ns0="http://www.sitemaps.org/schemas/sitemap/0.9">
<url>
    <loc>1</loc>
    <lastmod>2023-06-23T22:38:13Z</lastmod>
</url><url>
    <loc>2</loc>
    <lastmod>2023-06-23T22:38:13Z</lastmod>
</url><url>
    <loc>3</loc>
    <lastmod>2023-06-23T22:38:13Z</lastmod>
</url><url>
    <loc>4</loc>
    <lastmod>2023-06-23T22:38:13Z</lastmod>
</url><url>
    <loc>5</loc>
    <lastmod>2023-06-23T22:38:13Z</lastmod>
</url><url>
    <loc>6</loc>
    <lastmod>2023-06-23T22:38:13Z</lastmod>
</url><url>
    <loc>7</loc>
    <lastmod>2023-06-23T22:38:13Z</lastmod>
</url><url>
    <loc>8</loc>
    <lastmod>2023-06-23T22:38:13Z</lastmod>
</url><url>
    <loc>9</loc>
    <lastmod>2023-06-23T22:38:13Z</lastmod>
</url><url>
    <loc>10</loc>
    <lastmod>2023-06-23T22:38:13Z</lastmod>
</url><url>
    <loc>11</loc>
    <lastmod>2023-06-23T22:38:13Z</lastmod>
</url><url>
    <loc>12</loc>
    <lastmod>2023-06-23T22:38:13Z</lastmod>
</url><url>
    <loc>13</loc>
    <lastmod>2023-06-23T22:38:13Z</lastmod>
</url><url>
    <loc>14</loc>
    <lastmod>2023-06-23T22:38:13Z</lastmod>
</url><url>
    <loc>15</loc>
    <lastmod>2023-06-23T22:38:13Z</lastmod>
</url><url>
    <loc>16</loc>
    <lastmod>2023-06-23T22:38:13Z</lastmod>
</url><url>
    <loc>17</loc>
    <lastmod>2023-06-23T22:38:13Z</lastmod>
</url><url>
    <loc>18</loc>
    <lastmod>2023-06-23T22:38:13Z</lastmod>
</url><url>
    <loc>19</loc>
    <lastmod>2023-06-23T22:38:13Z</lastmod>
</url><url>
    <loc>20</loc>
    <lastmod>2023-06-23T22:38:13Z</lastmod>
</url><url>
    <loc>21</loc>
    <lastmod>2023-06-23T22:38:13Z</lastmod>
</url><url>
    <loc>22</loc>
    <lastmod>2023-06-23T22:38:13Z</lastmod>
</url><url>
    <loc>23</loc>
    <lastmod>2023-06-23T22:38:13Z</lastmod>
</url><url>
    <loc>24</loc>
    <lastmod>2023-06-23T22:38:13Z</lastmod>
</url><url>
    <loc>25</loc>
    <lastmod>2023-06-23T22:38:13Z</lastmod>
</url><url>
    <loc>26</loc>
    <lastmod>2023-06-23T22:38:13Z</lastmod>
</url><url>
    <loc>27</loc>
    <lastmod>2023-06-23T22:38:13Z</lastmod>
</url><url>
    <loc>28</loc>
    <lastmod>2023-06-23T22:38:13Z</lastmod>
</url><url>
    <loc>29</loc>
    <lastmod>2023-06-23T22:38:13Z</lastmod>
</url><url>
    <loc>30</loc>
    <lastmod>2023-06-23T22:38:13Z</lastmod>
</url><url>
    <loc>31</loc>
    <lastmod>2023-06-23T22:38:13Z</lastmod>
</url><url>
    <loc>32</loc>
    <lastmod>2023-06-23T22:38:13Z</lastmod>
</url><url>
    <loc>33</loc>
    <lastmod>2023-06-23T22:38:13Z</lastmod>
</url><url>
    <loc>34</loc>
    <lastmod>2023-06-23T22:38:13Z</lastmod>
</url><url>
    <loc>35</loc>
    <lastmod>2023-06-23T22:38:13Z</lastmod>
</url><url>
    <loc>36</loc>
    <lastmod>2023-06-23T22:38:13Z</lastmod>
</url><url>
    <loc>37</loc>
    <lastmod>2023-06-23T22:38:13Z</lastmod>
</url><url>
    <loc>38</loc>
    <lastmod>2023-06-23T22:38:13Z</lastmod>
</url><url>
    <loc>39</loc>
    <lastmod>2023-06-23T22:38:13Z</lastmod>
</url><url>
    <loc>40</loc>
    <lastmod>2023-06-23T22:38:13Z</lastmod>
</url><url>
    <loc>41</loc>
    <lastmod>2023-06-23T22:38:13Z</lastmod>
</url><url>
    <loc>42</loc>
    <lastmod>2023-06-23T22:38:13Z</lastmod>
</url><url>
    <loc>43</loc>
    <lastmod>2023-06-23T22:38:13Z</lastmod>
</url><url>
    <loc>44</loc>
    <lastmod>2023-06-23T22:38:13Z</lastmod>
</url><url>
    <loc>45</loc>
    <lastmod>2023-06-23T22:38:13Z</lastmod>
</url><url>
    <loc>46</loc>
    <lastmod>2023-06-23T22:38:13Z</lastmod>
</url><url>
    <loc>47</loc>
    <lastmod>2023-06-23T22:38:13Z</lastmod>
</url><url>
    <loc>48</loc>
    <lastmod>2023-06-23T22:38:13Z</lastmod>
</url><url>
    <loc>49</loc>
    <lastmod>2023-06-23T22:38:13Z</lastmod>
</url><url>
    <loc>50</loc>
    <lastmod>2023-06-23T22:38:13Z</lastmod>
</url><url>
    <loc>51</loc>
    <lastmod>2023-06-23T22:38:13Z</lastmod>
</url><url>
    <loc>52</loc>
    <lastmod>2023-06-23T22:38:13Z</lastmod>
</url><url>
    <loc>53</loc>
    <lastmod>2023-06-23T22:38:13Z</lastmod>
</url><url>
    <loc>54</loc>
    <lastmod>2023-06-23T22:38:13Z</lastmod>
</url><url>
    <loc>55</loc>
    <lastmod>2023-06-23T22:38:13Z</lastmod>
</url><url>
    <loc>56</loc>
    <lastmod>2023-06-23T22:38:13Z</lastmod>
</url><url>
    <loc>57</loc>
    <lastmod>2023-06-23T22:38:13Z</lastmod>
</url><url>
    <loc>58</loc>
    <lastmod>2023-06-23T22:38:13Z</lastmod>
</url><url>
    <loc>59</loc>
    <lastmod>2023-06-23T22:38:13Z</lastmod>
</url><url>
    <loc>60</loc>
    <lastmod>2023-06-23T22:38:13Z</lastmod>
</url><url>
    <loc>61</loc>
    <lastmod>2023-06-23T22:38:13Z</lastmod>
</url><url>
    <loc>62</loc>
    <lastmod>2023-06-23T22:38:13Z</lastmod>
</url></ns0:urlset>