<?xml version='1.0' encoding='utf-8'?>
<ns0:urlset xmlns:ns0="http://www.sitemaps.org/schemas/sitemap/0.9">
<url>
    <loc>https://geoconnex.us/ref/hu06/043100</loc>
    <lastmod>2022-07-14T14:34:10Z</lastmod>
</url><url>
    <loc>https://geoconnex.us/ref/hu06/031502</loc>
    <lastmod>2022-07-14T14:34:10Z</lastmod>
</url><url>
    <loc>https://geoconnex.us/ref/hu06/031401</loc>
    <lastmod>2022-07-14T14:34:10Z</lastmod>
</url><url>
    <loc>https://geoconnex.us/ref/hu06/031501</loc>
    <lastmod>2022-07-14T14:34:10Z</lastmod>
</url><url>
    <loc>https://geoconnex.us/ref/hu06/031601</loc>
    <lastmod>2022-07-14T14:34:10Z</lastmod>
</url><url>
    <loc>https://geoconnex.us/ref/hu06/031602</loc>
    <lastmod>2022-07-14T14:34:10Z</lastmod>
</url><url>
    <loc>https://geoconnex.us/ref/hu06/060300</loc>
    <lastmod>2022-07-14T14:34:10Z</lastmod>
</url><url>
    <loc>https://geoconnex.us/ref/hu06/080201</loc>
    <lastmod>2022-07-14T14:34:10Z</lastmod>
</url><url>
    <loc>https://geoconnex.us/ref/hu06/080203</loc>
    <lastmod>2022-07-14T14:34:10Z</lastmod>
</url><url>
    <loc>https://geoconnex.us/ref/hu06/080204</loc>
    <lastmod>2022-07-14T14:34:10Z</lastmod>
</url><url>
    <loc>https://geoconnex.us/ref/hu06/080401</loc>
    <lastmod>2022-07-14T14:34:10Z</lastmod>
</url><url>
    <loc>https://geoconnex.us/ref/hu06/111102</loc>
    <lastmod>2022-07-14T14:34:10Z</lastmod>
</url><url>
    <loc>https://geoconnex.us/ref/hu06/080202</loc>
    <lastmod>2022-07-14T14:34:10Z</lastmod>
</url><url>
    <loc>https://geoconnex.us/ref/hu06/110100</loc>
    <lastmod>2022-07-14T14:34:10Z</lastmod>
</url><url>
    <loc>https://geoconnex.us/ref/hu06/080101</loc>
    <lastmod>2022-07-14T14:34:10Z</lastmod>
</url><url>
    <loc>https://geoconnex.us/ref/hu06/220300</loc>
    <lastmod>2022-07-14T14:34:10Z</lastmod>
</url><url>
    <loc>https://geoconnex.us/ref/hu06/150302</loc>
    <lastmod>2022-07-14T14:34:10Z</lastmod>
</url><url>
    <loc>https://geoconnex.us/ref/hu06/150501</loc>
    <lastmod>2022-07-14T14:34:10Z</lastmod>
</url><url>
    <loc>https://geoconnex.us/ref/hu06/150503</loc>
    <lastmod>2022-07-14T14:34:10Z</lastmod>
</url><url>
    <loc>https://geoconnex.us/ref/hu06/150601</loc>
    <lastmod>2022-07-14T14:34:10Z</lastmod>
</url><url>
    <loc>https://geoconnex.us/ref/hu06/150602</loc>
    <lastmod>2022-07-14T14:34:10Z</lastmod>
</url><url>
    <loc>https://geoconnex.us/ref/hu06/150701</loc>
    <lastmod>2022-07-14T14:34:10Z</lastmod>
</url><url>
    <loc>https://geoconnex.us/ref/hu06/150702</loc>
    <lastmod>2022-07-14T14:34:10Z</lastmod>
</url><url>
    <loc>https://geoconnex.us/ref/hu06/150502</loc>
    <lastmod>2022-07-14T14:34:10Z</lastmod>
</url><url>
    <loc>https://geoconnex.us/ref/hu06/150801</loc>
    <lastmod>2022-07-14T14:34:10Z</lastmod>
</url><url>
    <loc>https://geoconnex.us/ref/hu06/150802</loc>
    <lastmod>2022-07-14T14:34:10Z</lastmod>
</url><url>
    <loc>https://geoconnex.us/ref/hu06/150301</loc>
    <lastmod>2022-07-14T14:34:10Z</lastmod>
</url><url>
    <loc>https://geoconnex.us/ref/hu06/150200</loc>
    <lastmod>2022-07-14T14:34:10Z</lastmod>
</url><url>
    <loc>https://geoconnex.us/ref/hu06/140802</loc>
    <lastmod>2022-07-14T14:34:10Z</lastmod>
</url><url>
    <loc>https://geoconnex.us/ref/hu06/150100</loc>
    <lastmod>2022-07-14T14:34:10Z</lastmod>
</url><url>
    <loc>https://geoconnex.us/ref/hu06/140700</loc>
    <lastmod>2022-07-14T14:34:10Z</lastmod>
</url><url>
    <loc>https://geoconnex.us/ref/hu06/180101</loc>
    <lastmod>2022-07-14T14:34:10Z</lastmod>
</url><url>
    <loc>https://geoconnex.us/ref/hu06/180200</loc>
    <lastmod>2022-07-14T14:34:10Z</lastmod>
</url><url>
    <loc>https://geoconnex.us/ref/hu06/180201</loc>
    <lastmod>2022-07-14T14:34:10Z</lastmod>
</url><url>
    <loc>https://geoconnex.us/ref/hu06/180300</loc>
    <lastmod>2022-07-14T14:34:10Z</lastmod>
</url><url>
    <loc>https://geoconnex.us/ref/hu06/180400</loc>
    <lastmod>2022-07-14T14:34:10Z</lastmod>
</url><url>
    <loc>https://geoconnex.us/ref/hu06/180500</loc>
    <lastmod>2022-07-14T14:34:10Z</lastmod>
</url><url>
    <loc>https://geoconnex.us/ref/hu06/180600</loc>
    <lastmod>2022-07-14T14:34:10Z</lastmod>
</url><url>
    <loc>https://geoconnex.us/ref/hu06/180701</loc>
    <lastmod>2022-07-14T14:34:10Z</lastmod>
</url><url>
    <loc>https://geoconnex.us/ref/hu06/180702</loc>
    <lastmod>2022-07-14T14:34:10Z</lastmod>
</url><url>
    <loc>https://geoconnex.us/ref/hu06/180703</loc>
    <lastmod>2022-07-14T14:34:10Z</lastmod>
</url><url>
    <loc>https://geoconnex.us/ref/hu06/180901</loc>
    <lastmod>2022-07-14T14:34:10Z</lastmod>
</url><url>
    <loc>https://geoconnex.us/ref/hu06/180902</loc>
    <lastmod>2022-07-14T14:34:10Z</lastmod>
</url><url>
    <loc>https://geoconnex.us/ref/hu06/181001</loc>
    <lastmod>2022-07-14T14:34:10Z</lastmod>
</url><url>
    <loc>https://geoconnex.us/ref/hu06/181002</loc>
    <lastmod>2022-07-14T14:34:10Z</lastmod>
</url><url>
    <loc>https://geoconnex.us/ref/hu06/160501</loc>
    <lastmod>2022-07-14T14:34:10Z</lastmod>
</url><url>
    <loc>https://geoconnex.us/ref/hu06/160502</loc>
    <lastmod>2022-07-14T14:34:10Z</lastmod>
</url><url>
    <loc>https://geoconnex.us/ref/hu06/160600</loc>
    <lastmod>2022-07-14T14:34:10Z</lastmod>
</url><url>
    <loc>https://geoconnex.us/ref/hu06/180800</loc>
    <lastmod>2022-07-14T14:34:10Z</lastmod>
</url><url>
    <loc>https://geoconnex.us/ref/hu06/180102</loc>
    <lastmod>2022-07-14T14:34:10Z</lastmod>
</url><url>
    <loc>https://geoconnex.us/ref/hu06/010100</loc>
    <lastmod>2022-07-14T14:34:10Z</lastmod>
</url><url>
    <loc>https://geoconnex.us/ref/hu06/042400</loc>
    <lastmod>2022-07-14T14:34:10Z</lastmod>
</url><url>
    <loc>https://geoconnex.us/ref/hu06/042600</loc>
    <lastmod>2022-07-14T14:34:10Z</lastmod>
</url><url>
    <loc>https://geoconnex.us/ref/hu06/110200</loc>
    <lastmod>2022-07-14T14:34:10Z</lastmod>
</url><url>
    <loc>https://geoconnex.us/ref/hu06/140100</loc>
    <lastmod>2022-07-14T14:34:10Z</lastmod>
</url><url>
    <loc>https://geoconnex.us/ref/hu06/140200</loc>
    <lastmod>2022-07-14T14:34:10Z</lastmod>
</url><url>
    <loc>https://geoconnex.us/ref/hu06/102500</loc>
    <lastmod>2022-07-14T14:34:10Z</lastmod>
</url><url>
    <loc>https://geoconnex.us/ref/hu06/101900</loc>
    <lastmod>2022-07-14T14:34:10Z</lastmod>
</url><url>
    <loc>https://geoconnex.us/ref/hu06/101800</loc>
    <lastmod>2022-07-14T14:34:10Z</lastmod>
</url><url>
    <loc>https://geoconnex.us/ref/hu06/140300</loc>
    <lastmod>2022-07-14T14:34:10Z</lastmod>
</url><url>
    <loc>https://geoconnex.us/ref/hu06/140401</loc>
    <lastmod>2022-07-14T14:34:10Z</lastmod>
</url><url>
    <loc>https://geoconnex.us/ref/hu06/140500</loc>
    <lastmod>2022-07-14T14:34:10Z</lastmod>
</url><url>
    <loc>https://geoconnex.us/ref/hu06/010802</loc>
    <lastmod>2022-07-14T14:34:10Z</lastmod>
</url><url>
    <loc>https://geoconnex.us/ref/hu06/011000</loc>
    <lastmod>2022-07-14T14:34:10Z</lastmod>
</url><url>
    <loc>https://geoconnex.us/ref/hu06/020402</loc>
    <lastmod>2022-07-14T14:34:10Z</lastmod>
</url><url>
    <loc>https://geoconnex.us/ref/hu06/030801</loc>
    <lastmod>2022-07-14T14:34:10Z</lastmod>
</url><url>
    <loc>https://geoconnex.us/ref/hu06/030802</loc>
    <lastmod>2022-07-14T14:34:10Z</lastmod>
</url><url>
    <loc>https://geoconnex.us/ref/hu06/030901</loc>
    <lastmod>2022-07-14T14:34:10Z</lastmod>
</url><url>
    <loc>https://geoconnex.us/ref/hu06/030902</loc>
    <lastmod>2022-07-14T14:34:10Z</lastmod>
</url><url>
    <loc>https://geoconnex.us/ref/hu06/031001</loc>
    <lastmod>2022-07-14T14:34:10Z</lastmod>
</url><url>
    <loc>https://geoconnex.us/ref/hu06/031002</loc>
    <lastmod>2022-07-14T14:34:10Z</lastmod>
</url><url>
    <loc>https://geoconnex.us/ref/hu06/031101</loc>
    <lastmod>2022-07-14T14:34:10Z</lastmod>
</url><url>
    <loc>https://geoconnex.us/ref/hu06/031402</loc>
    <lastmod>2022-07-14T14:34:10Z</lastmod>
</url><url>
    <loc>https://geoconnex.us/ref/hu06/031403</loc>
    <lastmod>2022-07-14T14:34:10Z</lastmod>
</url><url>
    <loc>https://geoconnex.us/ref/hu06/030702</loc>
    <lastmod>2022-07-14T14:34:10Z</lastmod>
</url><url>
    <loc>https://geoconnex.us/ref/hu06/031102</loc>
    <lastmod>2022-07-14T14:34:10Z</lastmod>
</url><url>
    <loc>https://geoconnex.us/ref/hu06/031200</loc>
    <lastmod>2022-07-14T14:34:10Z</lastmod>
</url><url>
    <loc>https://geoconnex.us/ref/hu06/031300</loc>
    <lastmod>2022-07-14T14:34:10Z</lastmod>
</url><url>
    <loc>https://geoconnex.us/ref/hu06/030602</loc>
    <lastmod>2022-07-14T14:34:10Z</lastmod>
</url><url>
    <loc>https://geoconnex.us/ref/hu06/030701</loc>
    <lastmod>2022-07-14T14:34:10Z</lastmod>
</url><url>
    <loc>https://geoconnex.us/ref/hu06/060200</loc>
    <lastmod>2022-07-14T14:34:10Z</lastmod>
</url><url>
    <loc>https://geoconnex.us/ref/hu06/220100</loc>
    <lastmod>2022-07-14T14:34:10Z</lastmod>
</url><url>
    <loc>https://geoconnex.us/ref/hu06/200100</loc>
    <lastmod>2022-07-14T14:34:10Z</lastmod>
</url><url>
    <loc>https://geoconnex.us/ref/hu06/200200</loc>
    <lastmod>2022-07-14T14:34:10Z</lastmod>
</url><url>
    <loc>https://geoconnex.us/ref/hu06/200300</loc>
    <lastmod>2022-07-14T14:34:10Z</lastmod>
</url><url>
    <loc>https://geoconnex.us/ref/hu06/200400</loc>
    <lastmod>2022-07-14T14:34:10Z</lastmod>
</url><url>
    <loc>https://geoconnex.us/ref/hu06/200500</loc>
    <lastmod>2022-07-14T14:34:10Z</lastmod>
</url><url>
    <loc>https://geoconnex.us/ref/hu06/200600</loc>
    <lastmod>2022-07-14T14:34:10Z</lastmod>
</url><url>
    <loc>https://geoconnex.us/ref/hu06/200700</loc>
    <lastmod>2022-07-14T14:34:10Z</lastmod>
</url><url>
    <loc>https://geoconnex.us/ref/hu06/200800</loc>
    <lastmod>2022-07-14T14:34:10Z</lastmod>
</url><url>
    <loc>https://geoconnex.us/ref/hu06/070600</loc>
    <lastmod>2022-07-14T14:34:10Z</lastmod>
</url><url>
    <loc>https://geoconnex.us/ref/hu06/070802</loc>
    <lastmod>2022-07-14T14:34:10Z</lastmod>
</url><url>
    <loc>https://geoconnex.us/ref/hu06/071000</loc>
    <lastmod>2022-07-14T14:34:10Z</lastmod>
</url><url>
    <loc>https://geoconnex.us/ref/hu06/101702</loc>
    <lastmod>2022-07-14T14:34:10Z</lastmod>
</url><url>
    <loc>https://geoconnex.us/ref/hu06/102300</loc>
    <lastmod>2022-07-14T14:34:10Z</lastmod>
</url><url>
    <loc>https://geoconnex.us/ref/hu06/071300</loc>
    <lastmod>2022-07-14T14:34:10Z</lastmod>
</url><url>
    <loc>https://geoconnex.us/ref/hu06/071402</loc>
    <lastmod>2022-07-14T14:34:10Z</lastmod>
</url><url>
    <loc>https://geoconnex.us/ref/hu06/070801</loc>
    <lastmod>2022-07-14T14:34:10Z</lastmod>
</url><url>
    <loc>https://geoconnex.us/ref/hu06/071200</loc>
    <lastmod>2022-07-14T14:34:10Z</lastmod>
</url><url>
    <loc>https://geoconnex.us/ref/hu06/051201</loc>
    <lastmod>2022-07-14T14:34:10Z</lastmod>
</url><url>
    <loc>https://geoconnex.us/ref/hu06/071100</loc>
    <lastmod>2022-07-14T14:34:10Z</lastmod>
</url><url>
    <loc>https://geoconnex.us/ref/hu06/071401</loc>
    <lastmod>2022-07-14T14:34:10Z</lastmod>
</url><url>
    <loc>https://geoconnex.us/ref/hu06/070900</loc>
    <lastmod>2022-07-14T14:34:10Z</lastmod>
</url><url>
    <loc>https://geoconnex.us/ref/hu06/041900</loc>
    <lastmod>2022-07-14T14:34:10Z</lastmod>
</url><url>
    <loc>https://geoconnex.us/ref/hu06/051202</loc>
    <lastmod>2022-07-14T14:34:10Z</lastmod>
</url><url>
    <loc>https://geoconnex.us/ref/hu06/040500</loc>
    <lastmod>2022-07-14T14:34:10Z</lastmod>
</url><url>
    <loc>https://geoconnex.us/ref/hu06/102701</loc>
    <lastmod>2022-07-14T14:34:10Z</lastmod>
</url><url>
    <loc>https://geoconnex.us/ref/hu06/110300</loc>
    <lastmod>2022-07-14T14:34:10Z</lastmod>
</url><url>
    <loc>https://geoconnex.us/ref/hu06/102600</loc>
    <lastmod>2022-07-14T14:34:10Z</lastmod>
</url><url>
    <loc>https://geoconnex.us/ref/hu06/102702</loc>
    <lastmod>2022-07-14T14:34:10Z</lastmod>
</url><url>
    <loc>https://geoconnex.us/ref/hu06/051001</loc>
    <lastmod>2022-07-14T14:34:10Z</lastmod>
</url><url>
    <loc>https://geoconnex.us/ref/hu06/051002</loc>
    <lastmod>2022-07-14T14:34:10Z</lastmod>
</url><url>
    <loc>https://geoconnex.us/ref/hu06/051100</loc>
    <lastmod>2022-07-14T14:34:10Z</lastmod>
</url><url>
    <loc>https://geoconnex.us/ref/hu06/051402</loc>
    <lastmod>2022-07-14T14:34:10Z</lastmod>
</url><url>
    <loc>https://geoconnex.us/ref/hu06/051401</loc>
    <lastmod>2022-07-14T14:34:10Z</lastmod>
</url><url>
    <loc>https://geoconnex.us/ref/hu06/050902</loc>
    <lastmod>2022-07-14T14:34:10Z</lastmod>
</url><url>
    <loc>https://geoconnex.us/ref/hu06/080403</loc>
    <lastmod>2022-07-14T14:34:10Z</lastmod>
</url><url>
    <loc>https://geoconnex.us/ref/hu06/080500</loc>
    <lastmod>2022-07-14T14:34:10Z</lastmod>
</url><url>
    <loc>https://geoconnex.us/ref/hu06/080701</loc>
    <lastmod>2022-07-14T14:34:10Z</lastmod>
</url><url>
    <loc>https://geoconnex.us/ref/hu06/080702</loc>
    <lastmod>2022-07-14T14:34:10Z</lastmod>
</url><url>
    <loc>https://geoconnex.us/ref/hu06/080703</loc>
    <lastmod>2022-07-14T14:34:10Z</lastmod>
</url><url>
    <loc>https://geoconnex.us/ref/hu06/080801</loc>
    <lastmod>2022-07-14T14:34:10Z</lastmod>
</url><url>
    <loc>https://geoconnex.us/ref/hu06/080802</loc>
    <lastmod>2022-07-14T14:34:10Z</lastmod>
</url><url>
    <loc>https://geoconnex.us/ref/hu06/080901</loc>
    <lastmod>2022-07-14T14:34:10Z</lastmod>
</url><url>
    <loc>https://geoconnex.us/ref/hu06/080902</loc>
    <lastmod>2022-07-14T14:34:10Z</lastmod>
</url><url>
    <loc>https://geoconnex.us/ref/hu06/080903</loc>
    <lastmod>2022-07-14T14:34:10Z</lastmod>
</url><url>
    <loc>https://geoconnex.us/ref/hu06/080402</loc>
    <lastmod>2022-07-14T14:34:10Z</lastmod>
</url><url>
    <loc>https://geoconnex.us/ref/hu06/111402</loc>
    <lastmod>2022-07-14T14:34:10Z</lastmod>
</url><url>
    <loc>https://geoconnex.us/ref/hu06/080302</loc>
    <lastmod>2022-07-14T14:34:10Z</lastmod>
</url><url>
    <loc>https://geoconnex.us/ref/hu06/080601</loc>
    <lastmod>2022-07-14T14:34:10Z</lastmod>
</url><url>
    <loc>https://geoconnex.us/ref/hu06/080301</loc>
    <lastmod>2022-07-14T14:34:10Z</lastmod>
</url><url>
    <loc>https://geoconnex.us/ref/hu06/010700</loc>
    <lastmod>2022-07-14T14:34:10Z</lastmod>
</url><url>
    <loc>https://geoconnex.us/ref/hu06/020600</loc>
    <lastmod>2022-07-14T14:34:10Z</lastmod>
</url><url>
    <loc>https://geoconnex.us/ref/hu06/020700</loc>
    <lastmod>2022-07-14T14:34:10Z</lastmod>
</url><url>
    <loc>https://geoconnex.us/ref/hu06/010200</loc>
    <lastmod>2022-07-14T14:34:10Z</lastmod>
</url><url>
    <loc>https://geoconnex.us/ref/hu06/010500</loc>
    <lastmod>2022-07-14T14:34:10Z</lastmod>
</url><url>
    <loc>https://geoconnex.us/ref/hu06/010300</loc>
    <lastmod>2022-07-14T14:34:10Z</lastmod>
</url><url>
    <loc>https://geoconnex.us/ref/hu06/010400</loc>
    <lastmod>2022-07-14T14:34:10Z</lastmod>
</url><url>
    <loc>https://geoconnex.us/ref/hu06/040201</loc>
    <lastmod>2022-07-14T14:34:10Z</lastmod>
</url><url>
    <loc>https://geoconnex.us/ref/hu06/040202</loc>
    <lastmod>2022-07-14T14:34:10Z</lastmod>
</url><url>
    <loc>https://geoconnex.us/ref/hu06/040601</loc>
    <lastmod>2022-07-14T14:34:10Z</lastmod>
</url><url>
    <loc>https://geoconnex.us/ref/hu06/040700</loc>
    <lastmod>2022-07-14T14:34:10Z</lastmod>
</url><url>
    <loc>https://geoconnex.us/ref/hu06/040801</loc>
    <lastmod>2022-07-14T14:34:10Z</lastmod>
</url><url>
    <loc>https://geoconnex.us/ref/hu06/040802</loc>
    <lastmod>2022-07-14T14:34:10Z</lastmod>
</url><url>
    <loc>https://geoconnex.us/ref/hu06/040900</loc>
    <lastmod>2022-07-14T14:34:10Z</lastmod>
</url><url>
    <loc>https://geoconnex.us/ref/hu06/041800</loc>
    <lastmod>2022-07-14T14:34:10Z</lastmod>
</url><url>
    <loc>https://geoconnex.us/ref/hu06/040101</loc>
    <lastmod>2022-07-14T14:34:10Z</lastmod>
</url><url>
    <loc>https://geoconnex.us/ref/hu06/040102</loc>
    <lastmod>2022-07-14T14:34:10Z</lastmod>
</url><url>
    <loc>https://geoconnex.us/ref/hu06/070101</loc>
    <lastmod>2022-07-14T14:34:10Z</lastmod>
</url><url>
    <loc>https://geoconnex.us/ref/hu06/090300</loc>
    <lastmod>2022-07-14T14:34:10Z</lastmod>
</url><url>
    <loc>https://geoconnex.us/ref/hu06/090203</loc>
    <lastmod>2022-07-14T14:34:10Z</lastmod>
</url><url>
    <loc>https://geoconnex.us/ref/hu06/070200</loc>
    <lastmod>2022-07-14T14:34:10Z</lastmod>
</url><url>
    <loc>https://geoconnex.us/ref/hu06/090201</loc>
    <lastmod>2022-07-14T14:34:10Z</lastmod>
</url><url>
    <loc>https://geoconnex.us/ref/hu06/070400</loc>
    <lastmod>2022-07-14T14:34:10Z</lastmod>
</url><url>
    <loc>https://geoconnex.us/ref/hu06/102802</loc>
    <lastmod>2022-07-14T14:34:10Z</lastmod>
</url><url>
    <loc>https://geoconnex.us/ref/hu06/102902</loc>
    <lastmod>2022-07-14T14:34:10Z</lastmod>
</url><url>
    <loc>https://geoconnex.us/ref/hu06/103002</loc>
    <lastmod>2022-07-14T14:34:10Z</lastmod>
</url><url>
    <loc>https://geoconnex.us/ref/hu06/102801</loc>
    <lastmod>2022-07-14T14:34:10Z</lastmod>
</url><url>
    <loc>https://geoconnex.us/ref/hu06/102901</loc>
    <lastmod>2022-07-14T14:34:10Z</lastmod>
</url><url>
    <loc>https://geoconnex.us/ref/hu06/103001</loc>
    <lastmod>2022-07-14T14:34:10Z</lastmod>
</url><url>
    <loc>https://geoconnex.us/ref/hu06/102400</loc>
    <lastmod>2022-07-14T14:34:10Z</lastmod>
</url><url>
    <loc>https://geoconnex.us/ref/hu06/080602</loc>
    <lastmod>2022-07-14T14:34:10Z</lastmod>
</url><url>
    <loc>https://geoconnex.us/ref/hu06/031700</loc>
    <lastmod>2022-07-14T14:34:10Z</lastmod>
</url><url>
    <loc>https://geoconnex.us/ref/hu06/031800</loc>
    <lastmod>2022-07-14T14:34:10Z</lastmod>
</url><url>
    <loc>https://geoconnex.us/ref/hu06/090400</loc>
    <lastmod>2022-07-14T14:34:10Z</lastmod>
</url><url>
    <loc>https://geoconnex.us/ref/hu06/100200</loc>
    <lastmod>2022-07-14T14:34:10Z</lastmod>
</url><url>
    <loc>https://geoconnex.us/ref/hu06/100301</loc>
    <lastmod>2022-07-14T14:34:10Z</lastmod>
</url><url>
    <loc>https://geoconnex.us/ref/hu06/100302</loc>
    <lastmod>2022-07-14T14:34:10Z</lastmod>
</url><url>
    <loc>https://geoconnex.us/ref/hu06/100401</loc>
    <lastmod>2022-07-14T14:34:10Z</lastmod>
</url><url>
    <loc>https://geoconnex.us/ref/hu06/100402</loc>
    <lastmod>2022-07-14T14:34:10Z</lastmod>
</url><url>
    <loc>https://geoconnex.us/ref/hu06/100500</loc>
    <lastmod>2022-07-14T14:34:10Z</lastmod>
</url><url>
    <loc>https://geoconnex.us/ref/hu06/101000</loc>
    <lastmod>2022-07-14T14:34:10Z</lastmod>
</url><url>
    <loc>https://geoconnex.us/ref/hu06/100600</loc>
    <lastmod>2022-07-14T14:34:10Z</lastmod>
</url><url>
    <loc>https://geoconnex.us/ref/hu06/101102</loc>
    <lastmod>2022-07-14T14:34:10Z</lastmod>
</url><url>
    <loc>https://geoconnex.us/ref/hu06/030201</loc>
    <lastmod>2022-07-14T14:34:10Z</lastmod>
</url><url>
    <loc>https://geoconnex.us/ref/hu06/030202</loc>
    <lastmod>2022-07-14T14:34:10Z</lastmod>
</url><url>
    <loc>https://geoconnex.us/ref/hu06/030203</loc>
    <lastmod>2022-07-14T14:34:10Z</lastmod>
</url><url>
    <loc>https://geoconnex.us/ref/hu06/030300</loc>
    <lastmod>2022-07-14T14:34:10Z</lastmod>
</url><url>
    <loc>https://geoconnex.us/ref/hu06/030401</loc>
    <lastmod>2022-07-14T14:34:10Z</lastmod>
</url><url>
    <loc>https://geoconnex.us/ref/hu06/060102</loc>
    <lastmod>2022-07-14T14:34:10Z</lastmod>
</url><url>
    <loc>https://geoconnex.us/ref/hu06/060101</loc>
    <lastmod>2022-07-14T14:34:10Z</lastmod>
</url><url>
    <loc>https://geoconnex.us/ref/hu06/030101</loc>
    <lastmod>2022-07-14T14:34:10Z</lastmod>
</url><url>
    <loc>https://geoconnex.us/ref/hu06/030102</loc>
    <lastmod>2022-07-14T14:34:10Z</lastmod>
</url><url>
    <loc>https://geoconnex.us/ref/hu06/050500</loc>
    <lastmod>2022-07-14T14:34:10Z</lastmod>
</url><url>
    <loc>https://geoconnex.us/ref/hu06/090202</loc>
    <lastmod>2022-07-14T14:34:10Z</lastmod>
</url><url>
    <loc>https://geoconnex.us/ref/hu06/101101</loc>
    <lastmod>2022-07-14T14:34:10Z</lastmod>
</url><url>
    <loc>https://geoconnex.us/ref/hu06/090100</loc>
    <lastmod>2022-07-14T14:34:10Z</lastmod>
</url><url>
    <loc>https://geoconnex.us/ref/hu06/101302</loc>
    <lastmod>2022-07-14T14:34:10Z</lastmod>
</url><url>
    <loc>https://geoconnex.us/ref/hu06/101500</loc>
    <lastmod>2022-07-14T14:34:10Z</lastmod>
</url><url>
    <loc>https://geoconnex.us/ref/hu06/102001</loc>
    <lastmod>2022-07-14T14:34:10Z</lastmod>
</url><url>
    <loc>https://geoconnex.us/ref/hu06/102002</loc>
    <lastmod>2022-07-14T14:34:10Z</lastmod>
</url><url>
    <loc>https://geoconnex.us/ref/hu06/102100</loc>
    <lastmod>2022-07-14T14:34:10Z</lastmod>
</url><url>
    <loc>https://geoconnex.us/ref/hu06/102200</loc>
    <lastmod>2022-07-14T14:34:10Z</lastmod>
</url><url>
    <loc>https://geoconnex.us/ref/hu06/101701</loc>
    <lastmod>2022-07-14T14:34:10Z</lastmod>
</url><url>
    <loc>https://geoconnex.us/ref/hu06/101201</loc>
    <lastmod>2022-07-14T14:34:10Z</lastmod>
</url><url>
    <loc>https://geoconnex.us/ref/hu06/010600</loc>
    <lastmod>2022-07-14T14:34:10Z</lastmod>
</url><url>
    <loc>https://geoconnex.us/ref/hu06/010801</loc>
    <lastmod>2022-07-14T14:34:10Z</lastmod>
</url><url>
    <loc>https://geoconnex.us/ref/hu06/020301</loc>
    <lastmod>2022-07-14T14:34:10Z</lastmod>
</url><url>
    <loc>https://geoconnex.us/ref/hu06/020200</loc>
    <lastmod>2022-07-14T14:34:10Z</lastmod>
</url><url>
    <loc>https://geoconnex.us/ref/hu06/020401</loc>
    <lastmod>2022-07-14T14:34:10Z</lastmod>
</url><url>
    <loc>https://geoconnex.us/ref/hu06/110800</loc>
    <lastmod>2022-07-14T14:34:10Z</lastmod>
</url><url>
    <loc>https://geoconnex.us/ref/hu06/130201</loc>
    <lastmod>2022-07-14T14:34:10Z</lastmod>
</url><url>
    <loc>https://geoconnex.us/ref/hu06/130202</loc>
    <lastmod>2022-07-14T14:34:10Z</lastmod>
</url><url>
    <loc>https://geoconnex.us/ref/hu06/130302</loc>
    <lastmod>2022-07-14T14:34:10Z</lastmod>
</url><url>
    <loc>https://geoconnex.us/ref/hu06/130600</loc>
    <lastmod>2022-07-14T14:34:10Z</lastmod>
</url><url>
    <loc>https://geoconnex.us/ref/hu06/150400</loc>
    <lastmod>2022-07-14T14:34:10Z</lastmod>
</url><url>
    <loc>https://geoconnex.us/ref/hu06/130100</loc>
    <lastmod>2022-07-14T14:34:10Z</lastmod>
</url><url>
    <loc>https://geoconnex.us/ref/hu06/140801</loc>
    <lastmod>2022-07-14T14:34:10Z</lastmod>
</url><url>
    <loc>https://geoconnex.us/ref/hu06/110400</loc>
    <lastmod>2022-07-14T14:34:10Z</lastmod>
</url><url>
    <loc>https://geoconnex.us/ref/hu06/150803</loc>
    <lastmod>2022-07-14T14:34:10Z</lastmod>
</url><url>
    <loc>https://geoconnex.us/ref/hu06/130301</loc>
    <lastmod>2022-07-14T14:34:10Z</lastmod>
</url><url>
    <loc>https://geoconnex.us/ref/hu06/160401</loc>
    <lastmod>2022-07-14T14:34:10Z</lastmod>
</url><url>
    <loc>https://geoconnex.us/ref/hu06/160402</loc>
    <lastmod>2022-07-14T14:34:10Z</lastmod>
</url><url>
    <loc>https://geoconnex.us/ref/hu06/160503</loc>
    <lastmod>2022-07-14T14:34:10Z</lastmod>
</url><url>
    <loc>https://geoconnex.us/ref/hu06/041401</loc>
    <lastmod>2022-07-14T14:34:10Z</lastmod>
</url><url>
    <loc>https://geoconnex.us/ref/hu06/041402</loc>
    <lastmod>2022-07-14T14:34:10Z</lastmod>
</url><url>
    <loc>https://geoconnex.us/ref/hu06/041403</loc>
    <lastmod>2022-07-14T14:34:10Z</lastmod>
</url><url>
    <loc>https://geoconnex.us/ref/hu06/042900</loc>
    <lastmod>2022-07-14T14:34:10Z</lastmod>
</url><url>
    <loc>https://geoconnex.us/ref/hu06/020302</loc>
    <lastmod>2022-07-14T14:34:10Z</lastmod>
</url><url>
    <loc>https://geoconnex.us/ref/hu06/043001</loc>
    <lastmod>2022-07-14T14:34:10Z</lastmod>
</url><url>
    <loc>https://geoconnex.us/ref/hu06/041100</loc>
    <lastmod>2022-07-14T14:34:10Z</lastmod>
</url><url>
    <loc>https://geoconnex.us/ref/hu06/050400</loc>
    <lastmod>2022-07-14T14:34:10Z</lastmod>
</url><url>
    <loc>https://geoconnex.us/ref/hu06/050600</loc>
    <lastmod>2022-07-14T14:34:10Z</lastmod>
</url><url>
    <loc>https://geoconnex.us/ref/hu06/050800</loc>
    <lastmod>2022-07-14T14:34:10Z</lastmod>
</url><url>
    <loc>https://geoconnex.us/ref/hu06/041000</loc>
    <lastmod>2022-07-14T14:34:10Z</lastmod>
</url><url>
    <loc>https://geoconnex.us/ref/hu06/110500</loc>
    <lastmod>2022-07-14T14:34:10Z</lastmod>
</url><url>
    <loc>https://geoconnex.us/ref/hu06/110902</loc>
    <lastmod>2022-07-14T14:34:10Z</lastmod>
</url><url>
    <loc>https://geoconnex.us/ref/hu06/111003</loc>
    <lastmod>2022-07-14T14:34:10Z</lastmod>
</url><url>
    <loc>https://geoconnex.us/ref/hu06/111101</loc>
    <lastmod>2022-07-14T14:34:10Z</lastmod>
</url><url>
    <loc>https://geoconnex.us/ref/hu06/111303</loc>
    <lastmod>2022-07-14T14:34:10Z</lastmod>
</url><url>
    <loc>https://geoconnex.us/ref/hu06/110702</loc>
    <lastmod>2022-07-14T14:34:10Z</lastmod>
</url><url>
    <loc>https://geoconnex.us/ref/hu06/110600</loc>
    <lastmod>2022-07-14T14:34:10Z</lastmod>
</url><url>
    <loc>https://geoconnex.us/ref/hu06/110701</loc>
    <lastmod>2022-07-14T14:34:10Z</lastmod>
</url><url>
    <loc>https://geoconnex.us/ref/hu06/111202</loc>
    <lastmod>2022-07-14T14:34:10Z</lastmod>
</url><url>
    <loc>https://geoconnex.us/ref/hu06/111203</loc>
    <lastmod>2022-07-14T14:34:10Z</lastmod>
</url><url>
    <loc>https://geoconnex.us/ref/hu06/020502</loc>
    <lastmod>2022-07-14T14:34:10Z</lastmod>
</url><url>
    <loc>https://geoconnex.us/ref/hu06/050100</loc>
    <lastmod>2022-07-14T14:34:10Z</lastmod>
</url><url>
    <loc>https://geoconnex.us/ref/hu06/020503</loc>
    <lastmod>2022-07-14T14:34:10Z</lastmod>
</url><url>
    <loc>https://geoconnex.us/ref/hu06/020501</loc>
    <lastmod>2022-07-14T14:34:10Z</lastmod>
</url><url>
    <loc>https://geoconnex.us/ref/hu06/041300</loc>
    <lastmod>2022-07-14T14:34:10Z</lastmod>
</url><url>
    <loc>https://geoconnex.us/ref/hu06/050301</loc>
    <lastmod>2022-07-14T14:34:10Z</lastmod>
</url><url>
    <loc>https://geoconnex.us/ref/hu06/210200</loc>
    <lastmod>2022-07-14T14:34:10Z</lastmod>
</url><url>
    <loc>https://geoconnex.us/ref/hu06/010900</loc>
    <lastmod>2022-07-14T14:34:10Z</lastmod>
</url><url>
    <loc>https://geoconnex.us/ref/hu06/030402</loc>
    <lastmod>2022-07-14T14:34:10Z</lastmod>
</url><url>
    <loc>https://geoconnex.us/ref/hu06/030502</loc>
    <lastmod>2022-07-14T14:34:10Z</lastmod>
</url><url>
    <loc>https://geoconnex.us/ref/hu06/030601</loc>
    <lastmod>2022-07-14T14:34:10Z</lastmod>
</url><url>
    <loc>https://geoconnex.us/ref/hu06/030501</loc>
    <lastmod>2022-07-14T14:34:10Z</lastmod>
</url><url>
    <loc>https://geoconnex.us/ref/hu06/101303</loc>
    <lastmod>2022-07-14T14:34:10Z</lastmod>
</url><url>
    <loc>https://geoconnex.us/ref/hu06/101301</loc>
    <lastmod>2022-07-14T14:34:10Z</lastmod>
</url><url>
    <loc>https://geoconnex.us/ref/hu06/101600</loc>
    <lastmod>2022-07-14T14:34:10Z</lastmod>
</url><url>
    <loc>https://geoconnex.us/ref/hu06/101401</loc>
    <lastmod>2022-07-14T14:34:10Z</lastmod>
</url><url>
    <loc>https://geoconnex.us/ref/hu06/101402</loc>
    <lastmod>2022-07-14T14:34:10Z</lastmod>
</url><url>
    <loc>https://geoconnex.us/ref/hu06/101202</loc>
    <lastmod>2022-07-14T14:34:10Z</lastmod>
</url><url>
    <loc>https://geoconnex.us/ref/hu06/051302</loc>
    <lastmod>2022-07-14T14:34:10Z</lastmod>
</url><url>
    <loc>https://geoconnex.us/ref/hu06/051301</loc>
    <lastmod>2022-07-14T14:34:10Z</lastmod>
</url><url>
    <loc>https://geoconnex.us/ref/hu06/060400</loc>
    <lastmod>2022-07-14T14:34:10Z</lastmod>
</url><url>
    <loc>https://geoconnex.us/ref/hu06/080102</loc>
    <lastmod>2022-07-14T14:34:10Z</lastmod>
</url><url>
    <loc>https://geoconnex.us/ref/hu06/111002</loc>
    <lastmod>2022-07-14T14:34:10Z</lastmod>
</url><url>
    <loc>https://geoconnex.us/ref/hu06/120200</loc>
    <lastmod>2022-07-14T14:34:10Z</lastmod>
</url><url>
    <loc>https://geoconnex.us/ref/hu06/120301</loc>
    <lastmod>2022-07-14T14:34:10Z</lastmod>
</url><url>
    <loc>https://geoconnex.us/ref/hu06/120302</loc>
    <lastmod>2022-07-14T14:34:10Z</lastmod>
</url><url>
    <loc>https://geoconnex.us/ref/hu06/120401</loc>
    <lastmod>2022-07-14T14:34:10Z</lastmod>
</url><url>
    <loc>https://geoconnex.us/ref/hu06/120402</loc>
    <lastmod>2022-07-14T14:34:10Z</lastmod>
</url><url>
    <loc>https://geoconnex.us/ref/hu06/120500</loc>
    <lastmod>2022-07-14T14:34:10Z</lastmod>
</url><url>
    <loc>https://geoconnex.us/ref/hu06/120601</loc>
    <lastmod>2022-07-14T14:34:10Z</lastmod>
</url><url>
    <loc>https://geoconnex.us/ref/hu06/120602</loc>
    <lastmod>2022-07-14T14:34:10Z</lastmod>
</url><url>
    <loc>https://geoconnex.us/ref/hu06/120701</loc>
    <lastmod>2022-07-14T14:34:10Z</lastmod>
</url><url>
    <loc>https://geoconnex.us/ref/hu06/120702</loc>
    <lastmod>2022-07-14T14:34:10Z</lastmod>
</url><url>
    <loc>https://geoconnex.us/ref/hu06/120800</loc>
    <lastmod>2022-07-14T14:34:10Z</lastmod>
</url><url>
    <loc>https://geoconnex.us/ref/hu06/120901</loc>
    <lastmod>2022-07-14T14:34:10Z</lastmod>
</url><url>
    <loc>https://geoconnex.us/ref/hu06/120902</loc>
    <lastmod>2022-07-14T14:34:10Z</lastmod>
</url><url>
    <loc>https://geoconnex.us/ref/hu06/120903</loc>
    <lastmod>2022-07-14T14:34:10Z</lastmod>
</url><url>
    <loc>https://geoconnex.us/ref/hu06/120904</loc>
    <lastmod>2022-07-14T14:34:10Z</lastmod>
</url><url>
    <loc>https://geoconnex.us/ref/hu06/121001</loc>
    <lastmod>2022-07-14T14:34:10Z</lastmod>
</url><url>
    <loc>https://geoconnex.us/ref/hu06/121002</loc>
    <lastmod>2022-07-14T14:34:10Z</lastmod>
</url><url>
    <loc>https://geoconnex.us/ref/hu06/121003</loc>
    <lastmod>2022-07-14T14:34:10Z</lastmod>
</url><url>
    <loc>https://geoconnex.us/ref/hu06/121004</loc>
    <lastmod>2022-07-14T14:34:10Z</lastmod>
</url><url>
    <loc>https://geoconnex.us/ref/hu06/121101</loc>
    <lastmod>2022-07-14T14:34:10Z</lastmod>
</url><url>
    <loc>https://geoconnex.us/ref/hu06/121102</loc>
    <lastmod>2022-07-14T14:34:10Z</lastmod>
</url><url>
    <loc>https://geoconnex.us/ref/hu06/130401</loc>
    <lastmod>2022-07-14T14:34:10Z</lastmod>
</url><url>
    <loc>https://geoconnex.us/ref/hu06/130402</loc>
    <lastmod>2022-07-14T14:34:10Z</lastmod>
</url><url>
    <loc>https://geoconnex.us/ref/hu06/130403</loc>
    <lastmod>2022-07-14T14:34:10Z</lastmod>
</url><url>
    <loc>https://geoconnex.us/ref/hu06/130700</loc>
    <lastmod>2022-07-14T14:34:10Z</lastmod>
</url><url>
    <loc>https://geoconnex.us/ref/hu06/130800</loc>
    <lastmod>2022-07-14T14:34:10Z</lastmod>
</url><url>
    <loc>https://geoconnex.us/ref/hu06/111403</loc>
    <lastmod>2022-07-14T14:34:10Z</lastmod>
</url><url>
    <loc>https://geoconnex.us/ref/hu06/120100</loc>
    <lastmod>2022-07-14T14:34:10Z</lastmod>
</url><url>
    <loc>https://geoconnex.us/ref/hu06/130900</loc>
    <lastmod>2022-07-14T14:34:10Z</lastmod>
</url><url>
    <loc>https://geoconnex.us/ref/hu06/110901</loc>
    <lastmod>2022-07-14T14:34:10Z</lastmod>
</url><url>
    <loc>https://geoconnex.us/ref/hu06/111201</loc>
    <lastmod>2022-07-14T14:34:10Z</lastmod>
</url><url>
    <loc>https://geoconnex.us/ref/hu06/130500</loc>
    <lastmod>2022-07-14T14:34:10Z</lastmod>
</url><url>
    <loc>https://geoconnex.us/ref/hu06/111001</loc>
    <lastmod>2022-07-14T14:34:10Z</lastmod>
</url><url>
    <loc>https://geoconnex.us/ref/hu06/111301</loc>
    <lastmod>2022-07-14T14:34:10Z</lastmod>
</url><url>
    <loc>https://geoconnex.us/ref/hu06/111302</loc>
    <lastmod>2022-07-14T14:34:10Z</lastmod>
</url><url>
    <loc>https://geoconnex.us/ref/hu06/111401</loc>
    <lastmod>2022-07-14T14:34:10Z</lastmod>
</url><url>
    <loc>https://geoconnex.us/ref/hu06/140600</loc>
    <lastmod>2022-07-14T14:34:10Z</lastmod>
</url><url>
    <loc>https://geoconnex.us/ref/hu06/160201</loc>
    <lastmod>2022-07-14T14:34:10Z</lastmod>
</url><url>
    <loc>https://geoconnex.us/ref/hu06/160202</loc>
    <lastmod>2022-07-14T14:34:10Z</lastmod>
</url><url>
    <loc>https://geoconnex.us/ref/hu06/160102</loc>
    <lastmod>2022-07-14T14:34:10Z</lastmod>
</url><url>
    <loc>https://geoconnex.us/ref/hu06/160101</loc>
    <lastmod>2022-07-14T14:34:10Z</lastmod>
</url><url>
    <loc>https://geoconnex.us/ref/hu06/160203</loc>
    <lastmod>2022-07-14T14:34:10Z</lastmod>
</url><url>
    <loc>https://geoconnex.us/ref/hu06/160300</loc>
    <lastmod>2022-07-14T14:34:10Z</lastmod>
</url><url>
    <loc>https://geoconnex.us/ref/hu06/020802</loc>
    <lastmod>2022-07-14T14:34:10Z</lastmod>
</url><url>
    <loc>https://geoconnex.us/ref/hu06/050702</loc>
    <lastmod>2022-07-14T14:34:10Z</lastmod>
</url><url>
    <loc>https://geoconnex.us/ref/hu06/020801</loc>
    <lastmod>2022-07-14T14:34:10Z</lastmod>
</url><url>
    <loc>https://geoconnex.us/ref/hu06/020403</loc>
    <lastmod>2022-07-14T14:34:10Z</lastmod>
</url><url>
    <loc>https://geoconnex.us/ref/hu06/043002</loc>
    <lastmod>2022-07-14T14:34:10Z</lastmod>
</url><url>
    <loc>https://geoconnex.us/ref/hu06/040302</loc>
    <lastmod>2022-07-14T14:34:10Z</lastmod>
</url><url>
    <loc>https://geoconnex.us/ref/hu06/070500</loc>
    <lastmod>2022-07-14T14:34:10Z</lastmod>
</url><url>
    <loc>https://geoconnex.us/ref/hu06/070700</loc>
    <lastmod>2022-07-14T14:34:10Z</lastmod>
</url><url>
    <loc>https://geoconnex.us/ref/hu06/040301</loc>
    <lastmod>2022-07-14T14:34:10Z</lastmod>
</url><url>
    <loc>https://geoconnex.us/ref/hu06/040103</loc>
    <lastmod>2022-07-14T14:34:10Z</lastmod>
</url><url>
    <loc>https://geoconnex.us/ref/hu06/070300</loc>
    <lastmod>2022-07-14T14:34:10Z</lastmod>
</url><url>
    <loc>https://geoconnex.us/ref/hu06/050701</loc>
    <lastmod>2022-07-14T14:34:10Z</lastmod>
</url><url>
    <loc>https://geoconnex.us/ref/hu06/050901</loc>
    <lastmod>2022-07-14T14:34:10Z</lastmod>
</url><url>
    <loc>https://geoconnex.us/ref/hu06/050200</loc>
    <lastmod>2022-07-14T14:34:10Z</lastmod>
</url><url>
    <loc>https://geoconnex.us/ref/hu06/050302</loc>
    <lastmod>2022-07-14T14:34:10Z</lastmod>
</url><url>
    <loc>https://geoconnex.us/ref/hu06/140402</loc>
    <lastmod>2022-07-14T14:34:10Z</lastmod>
</url><url>
    <loc>https://geoconnex.us/ref/hu06/100700</loc>
    <lastmod>2022-07-14T14:34:10Z</lastmod>
</url><url>
    <loc>https://geoconnex.us/ref/hu06/100800</loc>
    <lastmod>2022-07-14T14:34:10Z</lastmod>
</url><url>
    <loc>https://geoconnex.us/ref/hu06/100901</loc>
    <lastmod>2022-07-14T14:34:10Z</lastmod>
</url><url>
    <loc>https://geoconnex.us/ref/hu06/100902</loc>
    <lastmod>2022-07-14T14:34:10Z</lastmod>
</url><url>
    <loc>https://geoconnex.us/ref/hu06/040400</loc>
    <lastmod>2022-07-14T14:34:10Z</lastmod>
</url><url>
    <loc>https://geoconnex.us/ref/hu06/171003</loc>
    <lastmod>2022-07-14T14:34:10Z</lastmod>
</url><url>
    <loc>https://geoconnex.us/ref/hu06/170602</loc>
    <lastmod>2022-07-14T14:34:10Z</lastmod>
</url><url>
    <loc>https://geoconnex.us/ref/hu06/170603</loc>
    <lastmod>2022-07-14T14:34:10Z</lastmod>
</url><url>
    <loc>https://geoconnex.us/ref/hu06/170402</loc>
    <lastmod>2022-07-14T14:34:10Z</lastmod>
</url><url>
    <loc>https://geoconnex.us/ref/hu06/170103</loc>
    <lastmod>2022-07-14T14:34:10Z</lastmod>
</url><url>
    <loc>https://geoconnex.us/ref/hu06/170401</loc>
    <lastmod>2022-07-14T14:34:10Z</lastmod>
</url><url>
    <loc>https://geoconnex.us/ref/hu06/170101</loc>
    <lastmod>2022-07-14T14:34:10Z</lastmod>
</url><url>
    <loc>https://geoconnex.us/ref/hu06/170102</loc>
    <lastmod>2022-07-14T14:34:10Z</lastmod>
</url><url>
    <loc>https://geoconnex.us/ref/hu06/170501</loc>
    <lastmod>2022-07-14T14:34:10Z</lastmod>
</url><url>
    <loc>https://geoconnex.us/ref/hu06/171200</loc>
    <lastmod>2022-07-14T14:34:10Z</lastmod>
</url><url>
    <loc>https://geoconnex.us/ref/hu06/170502</loc>
    <lastmod>2022-07-14T14:34:10Z</lastmod>
</url><url>
    <loc>https://geoconnex.us/ref/hu06/170702</loc>
    <lastmod>2022-07-14T14:34:10Z</lastmod>
</url><url>
    <loc>https://geoconnex.us/ref/hu06/170703</loc>
    <lastmod>2022-07-14T14:34:10Z</lastmod>
</url><url>
    <loc>https://geoconnex.us/ref/hu06/171002</loc>
    <lastmod>2022-07-14T14:34:10Z</lastmod>
</url><url>
    <loc>https://geoconnex.us/ref/hu06/170701</loc>
    <lastmod>2022-07-14T14:34:10Z</lastmod>
</url><url>
    <loc>https://geoconnex.us/ref/hu06/170800</loc>
    <lastmod>2022-07-14T14:34:10Z</lastmod>
</url><url>
    <loc>https://geoconnex.us/ref/hu06/170200</loc>
    <lastmod>2022-07-14T14:34:10Z</lastmod>
</url><url>
    <loc>https://geoconnex.us/ref/hu06/170300</loc>
    <lastmod>2022-07-14T14:34:10Z</lastmod>
</url><url>
    <loc>https://geoconnex.us/ref/hu06/171001</loc>
    <lastmod>2022-07-14T14:34:10Z</lastmod>
</url><url>
    <loc>https://geoconnex.us/ref/hu06/171100</loc>
    <lastmod>2022-07-14T14:34:10Z</lastmod>
</url><url>
    <loc>https://geoconnex.us/ref/hu06/042800</loc>
    <lastmod>2022-07-14T14:34:10Z</lastmod>
</url><url>
    <loc>https://geoconnex.us/ref/hu06/070102</loc>
    <lastmod>2022-07-14T14:34:10Z</lastmod>
</url><url>
    <loc>https://geoconnex.us/ref/hu06/210100</loc>
    <lastmod>2022-07-14T14:34:10Z</lastmod>
</url><url>
    <loc>https://geoconnex.us/ref/hu06/170601</loc>
    <lastmod>2022-07-14T14:34:10Z</lastmod>
</url><url>
    <loc>https://geoconnex.us/ref/hu06/170900</loc>
    <lastmod>2022-07-14T14:34:10Z</lastmod>
</url><url>
    <loc>https://geoconnex.us/ref/hu06/041201</loc>
    <lastmod>2022-07-14T14:34:10Z</lastmod>
</url><url>
    <loc>https://geoconnex.us/ref/hu06/190301</loc>
    <lastmod>2022-07-14T14:34:10Z</lastmod>
</url><url>
    <loc>https://geoconnex.us/ref/hu06/190101</loc>
    <lastmod>2022-07-14T14:34:10Z</lastmod>
</url><url>
    <loc>https://geoconnex.us/ref/hu06/190105</loc>
    <lastmod>2022-07-14T14:34:10Z</lastmod>
</url><url>
    <loc>https://geoconnex.us/ref/hu06/190102</loc>
    <lastmod>2022-07-14T14:34:10Z</lastmod>
</url><url>
    <loc>https://geoconnex.us/ref/hu06/190207</loc>
    <lastmod>2022-07-14T14:34:10Z</lastmod>
</url><url>
    <loc>https://geoconnex.us/ref/hu06/190103</loc>
    <lastmod>2022-07-14T14:34:10Z</lastmod>
</url><url>
    <loc>https://geoconnex.us/ref/hu06/190303</loc>
    <lastmod>2022-07-14T14:34:10Z</lastmod>
</url><url>
    <loc>https://geoconnex.us/ref/hu06/190302</loc>
    <lastmod>2022-07-14T14:34:10Z</lastmod>
</url><url>
    <loc>https://geoconnex.us/ref/hu06/190203</loc>
    <lastmod>2022-07-14T14:34:10Z</lastmod>
</url><url>
    <loc>https://geoconnex.us/ref/hu06/190701</loc>
    <lastmod>2022-07-14T14:34:10Z</lastmod>
</url><url>
    <loc>https://geoconnex.us/ref/hu06/190208</loc>
    <lastmod>2022-07-14T14:34:10Z</lastmod>
</url><url>
    <loc>https://geoconnex.us/ref/hu06/190104</loc>
    <lastmod>2022-07-14T14:34:10Z</lastmod>
</url><url>
    <loc>https://geoconnex.us/ref/hu06/190202</loc>
    <lastmod>2022-07-14T14:34:10Z</lastmod>
</url><url>
    <loc>https://geoconnex.us/ref/hu06/190206</loc>
    <lastmod>2022-07-14T14:34:10Z</lastmod>
</url><url>
    <loc>https://geoconnex.us/ref/hu06/190204</loc>
    <lastmod>2022-07-14T14:34:10Z</lastmod>
</url><url>
    <loc>https://geoconnex.us/ref/hu06/190305</loc>
    <lastmod>2022-07-14T14:34:10Z</lastmod>
</url><url>
    <loc>https://geoconnex.us/ref/hu06/190205</loc>
    <lastmod>2022-07-14T14:34:10Z</lastmod>
</url><url>
    <loc>https://geoconnex.us/ref/hu06/190704</loc>
    <lastmod>2022-07-14T14:34:10Z</lastmod>
</url><url>
    <loc>https://geoconnex.us/ref/hu06/190903</loc>
    <lastmod>2022-07-14T14:34:10Z</lastmod>
</url><url>
    <loc>https://geoconnex.us/ref/hu06/190304</loc>
    <lastmod>2022-07-14T14:34:10Z</lastmod>
</url><url>
    <loc>https://geoconnex.us/ref/hu06/190803</loc>
    <lastmod>2022-07-14T14:34:10Z</lastmod>
</url><url>
    <loc>https://geoconnex.us/ref/hu06/190501</loc>
    <lastmod>2022-07-14T14:34:10Z</lastmod>
</url><url>
    <loc>https://geoconnex.us/ref/hu06/190902</loc>
    <lastmod>2022-07-14T14:34:10Z</lastmod>
</url><url>
    <loc>https://geoconnex.us/ref/hu06/190705</loc>
    <lastmod>2022-07-14T14:34:10Z</lastmod>
</url><url>
    <loc>https://geoconnex.us/ref/hu06/190502</loc>
    <lastmod>2022-07-14T14:34:10Z</lastmod>
</url><url>
    <loc>https://geoconnex.us/ref/hu06/190804</loc>
    <lastmod>2022-07-14T14:34:10Z</lastmod>
</url><url>
    <loc>https://geoconnex.us/ref/hu06/190505</loc>
    <lastmod>2022-07-14T14:34:10Z</lastmod>
</url><url>
    <loc>https://geoconnex.us/ref/hu06/190503</loc>
    <lastmod>2022-07-14T14:34:10Z</lastmod>
</url><url>
    <loc>https://geoconnex.us/ref/hu06/190901</loc>
    <lastmod>2022-07-14T14:34:10Z</lastmod>
</url><url>
    <loc>https://geoconnex.us/ref/hu06/190504</loc>
    <lastmod>2022-07-14T14:34:10Z</lastmod>
</url><url>
    <loc>https://geoconnex.us/ref/hu06/190802</loc>
    <lastmod>2022-07-14T14:34:10Z</lastmod>
</url><url>
    <loc>https://geoconnex.us/ref/hu06/190801</loc>
    <lastmod>2022-07-14T14:34:10Z</lastmod>
</url><url>
    <loc>https://geoconnex.us/ref/hu06/190605</loc>
    <lastmod>2022-07-14T14:34:10Z</lastmod>
</url><url>
    <loc>https://geoconnex.us/ref/hu06/190601</loc>
    <lastmod>2022-07-14T14:34:10Z</lastmod>
</url><url>
    <loc>https://geoconnex.us/ref/hu06/190603</loc>
    <lastmod>2022-07-14T14:34:10Z</lastmod>
</url><url>
    <loc>https://geoconnex.us/ref/hu06/190604</loc>
    <lastmod>2022-07-14T14:34:10Z</lastmod>
</url><url>
    <loc>https://geoconnex.us/ref/hu06/190602</loc>
    <lastmod>2022-07-14T14:34:10Z</lastmod>
</url><url>
    <loc>https://geoconnex.us/ref/hu06/190201</loc>
    <lastmod>2022-07-14T14:34:10Z</lastmod>
</url><url>
    <loc>https://geoconnex.us/ref/hu06/131000</loc>
    <lastmod>2022-07-14T14:34:10Z</lastmod>
</url><url>
    <loc>https://geoconnex.us/ref/hu06/131100</loc>
    <lastmod>2022-07-14T14:34:10Z</lastmod>
</url><url>
    <loc>https://geoconnex.us/ref/hu06/131200</loc>
    <lastmod>2022-07-14T14:34:10Z</lastmod>
</url><url>
    <loc>https://geoconnex.us/ref/hu06/080103</loc>
    <lastmod>2022-07-14T14:34:10Z</lastmod>
</url><url>
    <loc>https://geoconnex.us/ref/hu06/041600</loc>
    <lastmod>2022-07-14T14:34:10Z</lastmod>
</url><url>
    <loc>https://geoconnex.us/ref/hu06/043300</loc>
    <lastmod>2022-07-14T14:34:10Z</lastmod>
</url><url>
    <loc>https://geoconnex.us/ref/hu06/043200</loc>
    <lastmod>2022-07-14T14:34:10Z</lastmod>
</url><url>
    <loc>https://geoconnex.us/ref/hu06/041700</loc>
    <lastmod>2022-07-14T14:34:10Z</lastmod>
</url><url>
    <loc>https://geoconnex.us/ref/hu06/042000</loc>
    <lastmod>2022-07-14T14:34:10Z</lastmod>
</url><url>
    <loc>https://geoconnex.us/ref/hu06/042300</loc>
    <lastmod>2022-07-14T14:34:10Z</lastmod>
</url><url>
    <loc>https://geoconnex.us/ref/hu06/042200</loc>
    <lastmod>2022-07-14T14:34:10Z</lastmod>
</url><url>
    <loc>https://geoconnex.us/ref/hu06/042100</loc>
    <lastmod>2022-07-14T14:34:10Z</lastmod>
</url><url>
    <loc>https://geoconnex.us/ref/hu06/042500</loc>
    <lastmod>2022-07-14T14:34:10Z</lastmod>
</url><url>
    <loc>https://geoconnex.us/ref/hu06/042701</loc>
    <lastmod>2022-07-14T14:34:10Z</lastmod>
</url><url>
    <loc>https://geoconnex.us/ref/hu06/042702</loc>
    <lastmod>2022-07-14T14:34:10Z</lastmod>
</url><url>
    <loc>https://geoconnex.us/ref/hu06/220202</loc>
    <lastmod>2022-07-14T14:34:10Z</lastmod>
</url><url>
    <loc>https://geoconnex.us/ref/hu06/220201</loc>
    <lastmod>2022-07-14T14:34:10Z</lastmod>
</url><url>
    <loc>https://geoconnex.us/ref/hu06/220400</loc>
    <lastmod>2022-07-14T14:34:10Z</lastmod>
</url></ns0:urlset>