<?xml version='1.0' encoding='utf-8'?>
<ns0:urlset xmlns:ns0="http://www.sitemaps.org/schemas/sitemap/0.9">
<url>
    <loc>https://geoconnex.us/iow/usbr/rise/locations/3711</loc>
    <lastmod>2022-11-10T10:15:08Z</lastmod>
</url><url>
    <loc>https://geoconnex.us/iow/usbr/rise/locations/3624</loc>
    <lastmod>2022-11-10T10:15:08Z</lastmod>
</url><url>
    <loc>https://geoconnex.us/iow/usbr/rise/locations/3626</loc>
    <lastmod>2022-11-10T10:15:08Z</lastmod>
</url><url>
    <loc>https://geoconnex.us/iow/usbr/rise/locations/3524</loc>
    <lastmod>2022-11-10T10:15:08Z</lastmod>
</url><url>
    <loc>https://geoconnex.us/iow/usbr/rise/locations/3523</loc>
    <lastmod>2022-11-10T10:15:08Z</lastmod>
</url><url>
    <loc>https://geoconnex.us/iow/usbr/rise/locations/3521</loc>
    <lastmod>2022-11-10T10:15:08Z</lastmod>
</url><url>
    <loc>https://geoconnex.us/iow/usbr/rise/locations/3520</loc>
    <lastmod>2022-11-10T10:15:08Z</lastmod>
</url><url>
    <loc>https://geoconnex.us/iow/usbr/rise/locations/3571</loc>
    <lastmod>2022-11-10T10:15:08Z</lastmod>
</url><url>
    <loc>https://geoconnex.us/iow/usbr/rise/locations/3516</loc>
    <lastmod>2022-11-10T10:15:08Z</lastmod>
</url><url>
    <loc>https://geoconnex.us/iow/usbr/rise/locations/3518</loc>
    <lastmod>2022-11-10T10:15:08Z</lastmod>
</url><url>
    <loc>https://geoconnex.us/iow/usbr/rise/locations/3525</loc>
    <lastmod>2022-11-10T10:15:08Z</lastmod>
</url><url>
    <loc>https://geoconnex.us/iow/usbr/rise/locations/3517</loc>
    <lastmod>2022-11-10T10:15:08Z</lastmod>
</url><url>
    <loc>https://geoconnex.us/iow/usbr/rise/locations/3519</loc>
    <lastmod>2022-11-10T10:15:08Z</lastmod>
</url><url>
    <loc>https://geoconnex.us/iow/usbr/rise/locations/3522</loc>
    <lastmod>2022-11-10T10:15:08Z</lastmod>
</url><url>
    <loc>https://geoconnex.us/iow/usbr/rise/locations/3581</loc>
    <lastmod>2022-11-10T10:15:08Z</lastmod>
</url><url>
    <loc>https://geoconnex.us/iow/usbr/rise/locations/3277</loc>
    <lastmod>2022-11-10T10:15:08Z</lastmod>
</url><url>
    <loc>https://geoconnex.us/iow/usbr/rise/locations/3409</loc>
    <lastmod>2022-11-10T10:15:08Z</lastmod>
</url><url>
    <loc>https://geoconnex.us/iow/usbr/rise/locations/3406</loc>
    <lastmod>2022-11-10T10:15:08Z</lastmod>
</url><url>
    <loc>https://geoconnex.us/iow/usbr/rise/locations/3408</loc>
    <lastmod>2022-11-10T10:15:08Z</lastmod>
</url><url>
    <loc>https://geoconnex.us/iow/usbr/rise/locations/3410</loc>
    <lastmod>2022-11-10T10:15:08Z</lastmod>
</url><url>
    <loc>https://geoconnex.us/iow/usbr/rise/locations/3411</loc>
    <lastmod>2022-11-10T10:15:08Z</lastmod>
</url><url>
    <loc>https://geoconnex.us/iow/usbr/rise/locations/3412</loc>
    <lastmod>2022-11-10T10:15:08Z</lastmod>
</url><url>
    <loc>https://geoconnex.us/iow/usbr/rise/locations/3414</loc>
    <lastmod>2022-11-10T10:15:08Z</lastmod>
</url><url>
    <loc>https://geoconnex.us/iow/usbr/rise/locations/3413</loc>
    <lastmod>2022-11-10T10:15:08Z</lastmod>
</url><url>
    <loc>https://geoconnex.us/iow/usbr/rise/locations/3415</loc>
    <lastmod>2022-11-10T10:15:08Z</lastmod>
</url><url>
    <loc>https://geoconnex.us/iow/usbr/rise/locations/3407</loc>
    <lastmod>2022-11-10T10:15:08Z</lastmod>
</url><url>
    <loc>https://geoconnex.us/iow/usbr/rise/locations/3734</loc>
    <lastmod>2022-11-10T10:15:08Z</lastmod>
</url><url>
    <loc>https://geoconnex.us/iow/usbr/rise/locations/3670</loc>
    <lastmod>2022-11-10T10:15:08Z</lastmod>
</url><url>
    <loc>https://geoconnex.us/iow/usbr/rise/locations/3650</loc>
    <lastmod>2022-11-10T10:15:08Z</lastmod>
</url><url>
    <loc>https://geoconnex.us/iow/usbr/rise/locations/3644</loc>
    <lastmod>2022-11-10T10:15:08Z</lastmod>
</url><url>
    <loc>https://geoconnex.us/iow/usbr/rise/locations/275</loc>
    <lastmod>2022-11-10T10:15:08Z</lastmod>
</url><url>
    <loc>https://geoconnex.us/iow/usbr/rise/locations/3674</loc>
    <lastmod>2022-11-10T10:15:08Z</lastmod>
</url><url>
    <loc>https://geoconnex.us/iow/usbr/rise/locations/3667</loc>
    <lastmod>2022-11-10T10:15:08Z</lastmod>
</url><url>
    <loc>https://geoconnex.us/iow/usbr/rise/locations/3640</loc>
    <lastmod>2022-11-10T10:15:08Z</lastmod>
</url><url>
    <loc>https://geoconnex.us/iow/usbr/rise/locations/3730</loc>
    <lastmod>2022-11-10T10:15:08Z</lastmod>
</url><url>
    <loc>https://geoconnex.us/iow/usbr/rise/locations/1</loc>
    <lastmod>2022-11-10T10:15:08Z</lastmod>
</url><url>
    <loc>https://geoconnex.us/iow/usbr/rise/locations/3695</loc>
    <lastmod>2022-11-10T10:15:08Z</lastmod>
</url><url>
    <loc>https://geoconnex.us/iow/usbr/rise/locations/3685</loc>
    <lastmod>2022-11-10T10:15:08Z</lastmod>
</url><url>
    <loc>https://geoconnex.us/iow/usbr/rise/locations/257</loc>
    <lastmod>2022-11-10T10:15:08Z</lastmod>
</url><url>
    <loc>https://geoconnex.us/iow/usbr/rise/locations/274</loc>
    <lastmod>2022-11-10T10:15:08Z</lastmod>
</url><url>
    <loc>https://geoconnex.us/iow/usbr/rise/locations/268</loc>
    <lastmod>2022-11-10T10:15:08Z</lastmod>
</url><url>
    <loc>https://geoconnex.us/iow/usbr/rise/locations/281</loc>
    <lastmod>2022-11-10T10:15:08Z</lastmod>
</url><url>
    <loc>https://geoconnex.us/iow/usbr/rise/locations/269</loc>
    <lastmod>2022-11-10T10:15:08Z</lastmod>
</url><url>
    <loc>https://geoconnex.us/iow/usbr/rise/locations/287</loc>
    <lastmod>2022-11-10T10:15:08Z</lastmod>
</url><url>
    <loc>https://geoconnex.us/iow/usbr/rise/locations/294</loc>
    <lastmod>2022-11-10T10:15:08Z</lastmod>
</url><url>
    <loc>https://geoconnex.us/iow/usbr/rise/locations/331</loc>
    <lastmod>2022-11-10T10:15:08Z</lastmod>
</url><url>
    <loc>https://geoconnex.us/iow/usbr/rise/locations/334</loc>
    <lastmod>2022-11-10T10:15:08Z</lastmod>
</url><url>
    <loc>https://geoconnex.us/iow/usbr/rise/locations/337</loc>
    <lastmod>2022-11-10T10:15:08Z</lastmod>
</url><url>
    <loc>https://geoconnex.us/iow/usbr/rise/locations/342</loc>
    <lastmod>2022-11-10T10:15:08Z</lastmod>
</url><url>
    <loc>https://geoconnex.us/iow/usbr/rise/locations/345</loc>
    <lastmod>2022-11-10T10:15:08Z</lastmod>
</url><url>
    <loc>https://geoconnex.us/iow/usbr/rise/locations/357</loc>
    <lastmod>2022-11-10T10:15:08Z</lastmod>
</url><url>
    <loc>https://geoconnex.us/iow/usbr/rise/locations/402</loc>
    <lastmod>2022-11-10T10:15:08Z</lastmod>
</url><url>
    <loc>https://geoconnex.us/iow/usbr/rise/locations/372</loc>
    <lastmod>2022-11-10T10:15:08Z</lastmod>
</url><url>
    <loc>https://geoconnex.us/iow/usbr/rise/locations/379</loc>
    <lastmod>2022-11-10T10:15:08Z</lastmod>
</url><url>
    <loc>https://geoconnex.us/iow/usbr/rise/locations/390</loc>
    <lastmod>2022-11-10T10:15:08Z</lastmod>
</url><url>
    <loc>https://geoconnex.us/iow/usbr/rise/locations/388</loc>
    <lastmod>2022-11-10T10:15:08Z</lastmod>
</url><url>
    <loc>https://geoconnex.us/iow/usbr/rise/locations/391</loc>
    <lastmod>2022-11-10T10:15:08Z</lastmod>
</url><url>
    <loc>https://geoconnex.us/iow/usbr/rise/locations/429</loc>
    <lastmod>2022-11-10T10:15:08Z</lastmod>
</url><url>
    <loc>https://geoconnex.us/iow/usbr/rise/locations/318</loc>
    <lastmod>2022-11-10T10:15:08Z</lastmod>
</url><url>
    <loc>https://geoconnex.us/iow/usbr/rise/locations/3691</loc>
    <lastmod>2022-11-10T10:15:08Z</lastmod>
</url><url>
    <loc>https://geoconnex.us/iow/usbr/rise/locations/3514</loc>
    <lastmod>2022-11-10T10:15:08Z</lastmod>
</url><url>
    <loc>https://geoconnex.us/iow/usbr/rise/locations/3515</loc>
    <lastmod>2022-11-10T10:15:08Z</lastmod>
</url><url>
    <loc>https://geoconnex.us/iow/usbr/rise/locations/3679</loc>
    <lastmod>2022-11-10T10:15:08Z</lastmod>
</url><url>
    <loc>https://geoconnex.us/iow/usbr/rise/locations/3511</loc>
    <lastmod>2022-11-10T10:15:08Z</lastmod>
</url><url>
    <loc>https://geoconnex.us/iow/usbr/rise/locations/3231</loc>
    <lastmod>2022-11-10T10:15:08Z</lastmod>
</url><url>
    <loc>https://geoconnex.us/iow/usbr/rise/locations/3233</loc>
    <lastmod>2022-11-10T10:15:08Z</lastmod>
</url><url>
    <loc>https://geoconnex.us/iow/usbr/rise/locations/3242</loc>
    <lastmod>2022-11-10T10:15:08Z</lastmod>
</url><url>
    <loc>https://geoconnex.us/iow/usbr/rise/locations/3241</loc>
    <lastmod>2022-11-10T10:15:08Z</lastmod>
</url><url>
    <loc>https://geoconnex.us/iow/usbr/rise/locations/3240</loc>
    <lastmod>2022-11-10T10:15:08Z</lastmod>
</url><url>
    <loc>https://geoconnex.us/iow/usbr/rise/locations/3239</loc>
    <lastmod>2022-11-10T10:15:08Z</lastmod>
</url><url>
    <loc>https://geoconnex.us/iow/usbr/rise/locations/3238</loc>
    <lastmod>2022-11-10T10:15:08Z</lastmod>
</url><url>
    <loc>https://geoconnex.us/iow/usbr/rise/locations/3237</loc>
    <lastmod>2022-11-10T10:15:08Z</lastmod>
</url><url>
    <loc>https://geoconnex.us/iow/usbr/rise/locations/3236</loc>
    <lastmod>2022-11-10T10:15:08Z</lastmod>
</url><url>
    <loc>https://geoconnex.us/iow/usbr/rise/locations/3235</loc>
    <lastmod>2022-11-10T10:15:08Z</lastmod>
</url><url>
    <loc>https://geoconnex.us/iow/usbr/rise/locations/3234</loc>
    <lastmod>2022-11-10T10:15:08Z</lastmod>
</url><url>
    <loc>https://geoconnex.us/iow/usbr/rise/locations/3232</loc>
    <lastmod>2022-11-10T10:15:08Z</lastmod>
</url><url>
    <loc>https://geoconnex.us/iow/usbr/rise/locations/3230</loc>
    <lastmod>2022-11-10T10:15:08Z</lastmod>
</url><url>
    <loc>https://geoconnex.us/iow/usbr/rise/locations/3229</loc>
    <lastmod>2022-11-10T10:15:08Z</lastmod>
</url><url>
    <loc>https://geoconnex.us/iow/usbr/rise/locations/3228</loc>
    <lastmod>2022-11-10T10:15:08Z</lastmod>
</url><url>
    <loc>https://geoconnex.us/iow/usbr/rise/locations/3227</loc>
    <lastmod>2022-11-10T10:15:08Z</lastmod>
</url><url>
    <loc>https://geoconnex.us/iow/usbr/rise/locations/3226</loc>
    <lastmod>2022-11-10T10:15:08Z</lastmod>
</url><url>
    <loc>https://geoconnex.us/iow/usbr/rise/locations/3225</loc>
    <lastmod>2022-11-10T10:15:08Z</lastmod>
</url><url>
    <loc>https://geoconnex.us/iow/usbr/rise/locations/3224</loc>
    <lastmod>2022-11-10T10:15:08Z</lastmod>
</url><url>
    <loc>https://geoconnex.us/iow/usbr/rise/locations/3223</loc>
    <lastmod>2022-11-10T10:15:08Z</lastmod>
</url><url>
    <loc>https://geoconnex.us/iow/usbr/rise/locations/3222</loc>
    <lastmod>2022-11-10T10:15:08Z</lastmod>
</url><url>
    <loc>https://geoconnex.us/iow/usbr/rise/locations/3221</loc>
    <lastmod>2022-11-10T10:15:08Z</lastmod>
</url><url>
    <loc>https://geoconnex.us/iow/usbr/rise/locations/3220</loc>
    <lastmod>2022-11-10T10:15:08Z</lastmod>
</url><url>
    <loc>https://geoconnex.us/iow/usbr/rise/locations/3219</loc>
    <lastmod>2022-11-10T10:15:08Z</lastmod>
</url><url>
    <loc>https://geoconnex.us/iow/usbr/rise/locations/3218</loc>
    <lastmod>2022-11-10T10:15:08Z</lastmod>
</url><url>
    <loc>https://geoconnex.us/iow/usbr/rise/locations/3217</loc>
    <lastmod>2022-11-10T10:15:08Z</lastmod>
</url><url>
    <loc>https://geoconnex.us/iow/usbr/rise/locations/3216</loc>
    <lastmod>2022-11-10T10:15:08Z</lastmod>
</url><url>
    <loc>https://geoconnex.us/iow/usbr/rise/locations/3215</loc>
    <lastmod>2022-11-10T10:15:08Z</lastmod>
</url><url>
    <loc>https://geoconnex.us/iow/usbr/rise/locations/3214</loc>
    <lastmod>2022-11-10T10:15:08Z</lastmod>
</url><url>
    <loc>https://geoconnex.us/iow/usbr/rise/locations/3213</loc>
    <lastmod>2022-11-10T10:15:08Z</lastmod>
</url><url>
    <loc>https://geoconnex.us/iow/usbr/rise/locations/3212</loc>
    <lastmod>2022-11-10T10:15:08Z</lastmod>
</url><url>
    <loc>https://geoconnex.us/iow/usbr/rise/locations/3211</loc>
    <lastmod>2022-11-10T10:15:08Z</lastmod>
</url><url>
    <loc>https://geoconnex.us/iow/usbr/rise/locations/3210</loc>
    <lastmod>2022-11-10T10:15:08Z</lastmod>
</url><url>
    <loc>https://geoconnex.us/iow/usbr/rise/locations/396</loc>
    <lastmod>2022-11-10T10:15:08Z</lastmod>
</url><url>
    <loc>https://geoconnex.us/iow/usbr/rise/locations/7</loc>
    <lastmod>2022-11-10T10:15:08Z</lastmod>
</url><url>
    <loc>https://geoconnex.us/iow/usbr/rise/locations/267</loc>
    <lastmod>2022-11-10T10:15:08Z</lastmod>
</url><url>
    <loc>https://geoconnex.us/iow/usbr/rise/locations/282</loc>
    <lastmod>2022-11-10T10:15:08Z</lastmod>
</url><url>
    <loc>https://geoconnex.us/iow/usbr/rise/locations/489</loc>
    <lastmod>2022-11-10T10:15:08Z</lastmod>
</url><url>
    <loc>https://geoconnex.us/iow/usbr/rise/locations/458</loc>
    <lastmod>2022-11-10T10:15:08Z</lastmod>
</url><url>
    <loc>https://geoconnex.us/iow/usbr/rise/locations/3588</loc>
    <lastmod>2022-11-10T10:15:08Z</lastmod>
</url><url>
    <loc>https://geoconnex.us/iow/usbr/rise/locations/3589</loc>
    <lastmod>2022-11-10T10:15:08Z</lastmod>
</url><url>
    <loc>https://geoconnex.us/iow/usbr/rise/locations/3590</loc>
    <lastmod>2022-11-10T10:15:08Z</lastmod>
</url><url>
    <loc>https://geoconnex.us/iow/usbr/rise/locations/3591</loc>
    <lastmod>2022-11-10T10:15:08Z</lastmod>
</url><url>
    <loc>https://geoconnex.us/iow/usbr/rise/locations/3592</loc>
    <lastmod>2022-11-10T10:15:08Z</lastmod>
</url><url>
    <loc>https://geoconnex.us/iow/usbr/rise/locations/3593</loc>
    <lastmod>2022-11-10T10:15:08Z</lastmod>
</url><url>
    <loc>https://geoconnex.us/iow/usbr/rise/locations/3594</loc>
    <lastmod>2022-11-10T10:15:08Z</lastmod>
</url><url>
    <loc>https://geoconnex.us/iow/usbr/rise/locations/3595</loc>
    <lastmod>2022-11-10T10:15:08Z</lastmod>
</url><url>
    <loc>https://geoconnex.us/iow/usbr/rise/locations/3596</loc>
    <lastmod>2022-11-10T10:15:08Z</lastmod>
</url><url>
    <loc>https://geoconnex.us/iow/usbr/rise/locations/3597</loc>
    <lastmod>2022-11-10T10:15:08Z</lastmod>
</url><url>
    <loc>https://geoconnex.us/iow/usbr/rise/locations/3633</loc>
    <lastmod>2022-11-10T10:15:08Z</lastmod>
</url><url>
    <loc>https://geoconnex.us/iow/usbr/rise/locations/3634</loc>
    <lastmod>2022-11-10T10:15:08Z</lastmod>
</url><url>
    <loc>https://geoconnex.us/iow/usbr/rise/locations/3636</loc>
    <lastmod>2022-11-10T10:15:08Z</lastmod>
</url><url>
    <loc>https://geoconnex.us/iow/usbr/rise/locations/3637</loc>
    <lastmod>2022-11-10T10:15:08Z</lastmod>
</url><url>
    <loc>https://geoconnex.us/iow/usbr/rise/locations/3638</loc>
    <lastmod>2022-11-10T10:15:08Z</lastmod>
</url><url>
    <loc>https://geoconnex.us/iow/usbr/rise/locations/3639</loc>
    <lastmod>2022-11-10T10:15:08Z</lastmod>
</url><url>
    <loc>https://geoconnex.us/iow/usbr/rise/locations/3632</loc>
    <lastmod>2022-11-10T10:15:08Z</lastmod>
</url><url>
    <loc>https://geoconnex.us/iow/usbr/rise/locations/3631</loc>
    <lastmod>2022-11-10T10:15:08Z</lastmod>
</url><url>
    <loc>https://geoconnex.us/iow/usbr/rise/locations/3675</loc>
    <lastmod>2022-11-10T10:15:08Z</lastmod>
</url><url>
    <loc>https://geoconnex.us/iow/usbr/rise/locations/3677</loc>
    <lastmod>2022-11-10T10:15:08Z</lastmod>
</url><url>
    <loc>https://geoconnex.us/iow/usbr/rise/locations/3676</loc>
    <lastmod>2022-11-10T10:15:08Z</lastmod>
</url><url>
    <loc>https://geoconnex.us/iow/usbr/rise/locations/509</loc>
    <lastmod>2022-11-10T10:15:08Z</lastmod>
</url><url>
    <loc>https://geoconnex.us/iow/usbr/rise/locations/3605</loc>
    <lastmod>2022-11-10T10:15:08Z</lastmod>
</url><url>
    <loc>https://geoconnex.us/iow/usbr/rise/locations/3604</loc>
    <lastmod>2022-11-10T10:15:08Z</lastmod>
</url><url>
    <loc>https://geoconnex.us/iow/usbr/rise/locations/3603</loc>
    <lastmod>2022-11-10T10:15:08Z</lastmod>
</url><url>
    <loc>https://geoconnex.us/iow/usbr/rise/locations/3299</loc>
    <lastmod>2022-11-10T10:15:08Z</lastmod>
</url><url>
    <loc>https://geoconnex.us/iow/usbr/rise/locations/3487</loc>
    <lastmod>2022-11-10T10:15:08Z</lastmod>
</url><url>
    <loc>https://geoconnex.us/iow/usbr/rise/locations/3444</loc>
    <lastmod>2022-11-10T10:15:08Z</lastmod>
</url><url>
    <loc>https://geoconnex.us/iow/usbr/rise/locations/3443</loc>
    <lastmod>2022-11-10T10:15:08Z</lastmod>
</url><url>
    <loc>https://geoconnex.us/iow/usbr/rise/locations/3442</loc>
    <lastmod>2022-11-10T10:15:08Z</lastmod>
</url><url>
    <loc>https://geoconnex.us/iow/usbr/rise/locations/3441</loc>
    <lastmod>2022-11-10T10:15:08Z</lastmod>
</url><url>
    <loc>https://geoconnex.us/iow/usbr/rise/locations/3606</loc>
    <lastmod>2022-11-10T10:15:08Z</lastmod>
</url><url>
    <loc>https://geoconnex.us/iow/usbr/rise/locations/3618</loc>
    <lastmod>2022-11-10T10:15:08Z</lastmod>
</url><url>
    <loc>https://geoconnex.us/iow/usbr/rise/locations/394</loc>
    <lastmod>2022-11-10T10:15:08Z</lastmod>
</url><url>
    <loc>https://geoconnex.us/iow/usbr/rise/locations/3613</loc>
    <lastmod>2022-11-10T10:15:08Z</lastmod>
</url><url>
    <loc>https://geoconnex.us/iow/usbr/rise/locations/3611</loc>
    <lastmod>2022-11-10T10:15:08Z</lastmod>
</url><url>
    <loc>https://geoconnex.us/iow/usbr/rise/locations/3585</loc>
    <lastmod>2022-11-10T10:15:08Z</lastmod>
</url><url>
    <loc>https://geoconnex.us/iow/usbr/rise/locations/515</loc>
    <lastmod>2022-11-10T10:15:08Z</lastmod>
</url><url>
    <loc>https://geoconnex.us/iow/usbr/rise/locations/508</loc>
    <lastmod>2022-11-10T10:15:08Z</lastmod>
</url><url>
    <loc>https://geoconnex.us/iow/usbr/rise/locations/507</loc>
    <lastmod>2022-11-10T10:15:08Z</lastmod>
</url><url>
    <loc>https://geoconnex.us/iow/usbr/rise/locations/506</loc>
    <lastmod>2022-11-10T10:15:08Z</lastmod>
</url><url>
    <loc>https://geoconnex.us/iow/usbr/rise/locations/504</loc>
    <lastmod>2022-11-10T10:15:08Z</lastmod>
</url><url>
    <loc>https://geoconnex.us/iow/usbr/rise/locations/499</loc>
    <lastmod>2022-11-10T10:15:08Z</lastmod>
</url><url>
    <loc>https://geoconnex.us/iow/usbr/rise/locations/498</loc>
    <lastmod>2022-11-10T10:15:08Z</lastmod>
</url><url>
    <loc>https://geoconnex.us/iow/usbr/rise/locations/490</loc>
    <lastmod>2022-11-10T10:15:08Z</lastmod>
</url><url>
    <loc>https://geoconnex.us/iow/usbr/rise/locations/483</loc>
    <lastmod>2022-11-10T10:15:08Z</lastmod>
</url><url>
    <loc>https://geoconnex.us/iow/usbr/rise/locations/476</loc>
    <lastmod>2022-11-10T10:15:08Z</lastmod>
</url><url>
    <loc>https://geoconnex.us/iow/usbr/rise/locations/475</loc>
    <lastmod>2022-11-10T10:15:08Z</lastmod>
</url><url>
    <loc>https://geoconnex.us/iow/usbr/rise/locations/473</loc>
    <lastmod>2022-11-10T10:15:08Z</lastmod>
</url><url>
    <loc>https://geoconnex.us/iow/usbr/rise/locations/467</loc>
    <lastmod>2022-11-10T10:15:08Z</lastmod>
</url><url>
    <loc>https://geoconnex.us/iow/usbr/rise/locations/456</loc>
    <lastmod>2022-11-10T10:15:08Z</lastmod>
</url><url>
    <loc>https://geoconnex.us/iow/usbr/rise/locations/445</loc>
    <lastmod>2022-11-10T10:15:08Z</lastmod>
</url><url>
    <loc>https://geoconnex.us/iow/usbr/rise/locations/444</loc>
    <lastmod>2022-11-10T10:15:08Z</lastmod>
</url><url>
    <loc>https://geoconnex.us/iow/usbr/rise/locations/443</loc>
    <lastmod>2022-11-10T10:15:08Z</lastmod>
</url><url>
    <loc>https://geoconnex.us/iow/usbr/rise/locations/438</loc>
    <lastmod>2022-11-10T10:15:08Z</lastmod>
</url><url>
    <loc>https://geoconnex.us/iow/usbr/rise/locations/435</loc>
    <lastmod>2022-11-10T10:15:08Z</lastmod>
</url><url>
    <loc>https://geoconnex.us/iow/usbr/rise/locations/433</loc>
    <lastmod>2022-11-10T10:15:08Z</lastmod>
</url><url>
    <loc>https://geoconnex.us/iow/usbr/rise/locations/424</loc>
    <lastmod>2022-11-10T10:15:08Z</lastmod>
</url><url>
    <loc>https://geoconnex.us/iow/usbr/rise/locations/421</loc>
    <lastmod>2022-11-10T10:15:08Z</lastmod>
</url><url>
    <loc>https://geoconnex.us/iow/usbr/rise/locations/419</loc>
    <lastmod>2022-11-10T10:15:08Z</lastmod>
</url><url>
    <loc>https://geoconnex.us/iow/usbr/rise/locations/418</loc>
    <lastmod>2022-11-10T10:15:08Z</lastmod>
</url><url>
    <loc>https://geoconnex.us/iow/usbr/rise/locations/408</loc>
    <lastmod>2022-11-10T10:15:08Z</lastmod>
</url><url>
    <loc>https://geoconnex.us/iow/usbr/rise/locations/404</loc>
    <lastmod>2022-11-10T10:15:08Z</lastmod>
</url><url>
    <loc>https://geoconnex.us/iow/usbr/rise/locations/399</loc>
    <lastmod>2022-11-10T10:15:08Z</lastmod>
</url><url>
    <loc>https://geoconnex.us/iow/usbr/rise/locations/398</loc>
    <lastmod>2022-11-10T10:15:08Z</lastmod>
</url><url>
    <loc>https://geoconnex.us/iow/usbr/rise/locations/369</loc>
    <lastmod>2022-11-10T10:15:08Z</lastmod>
</url><url>
    <loc>https://geoconnex.us/iow/usbr/rise/locations/353</loc>
    <lastmod>2022-11-10T10:15:08Z</lastmod>
</url><url>
    <loc>https://geoconnex.us/iow/usbr/rise/locations/351</loc>
    <lastmod>2022-11-10T10:15:08Z</lastmod>
</url><url>
    <loc>https://geoconnex.us/iow/usbr/rise/locations/344</loc>
    <lastmod>2022-11-10T10:15:08Z</lastmod>
</url><url>
    <loc>https://geoconnex.us/iow/usbr/rise/locations/315</loc>
    <lastmod>2022-11-10T10:15:08Z</lastmod>
</url><url>
    <loc>https://geoconnex.us/iow/usbr/rise/locations/311</loc>
    <lastmod>2022-11-10T10:15:08Z</lastmod>
</url><url>
    <loc>https://geoconnex.us/iow/usbr/rise/locations/295</loc>
    <lastmod>2022-11-10T10:15:08Z</lastmod>
</url><url>
    <loc>https://geoconnex.us/iow/usbr/rise/locations/293</loc>
    <lastmod>2022-11-10T10:15:08Z</lastmod>
</url><url>
    <loc>https://geoconnex.us/iow/usbr/rise/locations/291</loc>
    <lastmod>2022-11-10T10:15:08Z</lastmod>
</url><url>
    <loc>https://geoconnex.us/iow/usbr/rise/locations/288</loc>
    <lastmod>2022-11-10T10:15:08Z</lastmod>
</url><url>
    <loc>https://geoconnex.us/iow/usbr/rise/locations/278</loc>
    <lastmod>2022-11-10T10:15:08Z</lastmod>
</url><url>
    <loc>https://geoconnex.us/iow/usbr/rise/locations/276</loc>
    <lastmod>2022-11-10T10:15:08Z</lastmod>
</url><url>
    <loc>https://geoconnex.us/iow/usbr/rise/locations/271</loc>
    <lastmod>2022-11-10T10:15:08Z</lastmod>
</url><url>
    <loc>https://geoconnex.us/iow/usbr/rise/locations/266</loc>
    <lastmod>2022-11-10T10:15:08Z</lastmod>
</url><url>
    <loc>https://geoconnex.us/iow/usbr/rise/locations/262</loc>
    <lastmod>2022-11-10T10:15:08Z</lastmod>
</url><url>
    <loc>https://geoconnex.us/iow/usbr/rise/locations/259</loc>
    <lastmod>2022-11-10T10:15:08Z</lastmod>
</url><url>
    <loc>https://geoconnex.us/iow/usbr/rise/locations/5</loc>
    <lastmod>2022-11-10T10:15:08Z</lastmod>
</url><url>
    <loc>https://geoconnex.us/iow/usbr/rise/locations/3</loc>
    <lastmod>2022-11-10T10:15:08Z</lastmod>
</url><url>
    <loc>https://geoconnex.us/iow/usbr/rise/locations/2</loc>
    <lastmod>2022-11-10T10:15:08Z</lastmod>
</url><url>
    <loc>https://geoconnex.us/iow/usbr/rise/locations/3583</loc>
    <lastmod>2022-11-10T10:15:08Z</lastmod>
</url><url>
    <loc>https://geoconnex.us/iow/usbr/rise/locations/3582</loc>
    <lastmod>2022-11-10T10:15:08Z</lastmod>
</url><url>
    <loc>https://geoconnex.us/iow/usbr/rise/locations/3580</loc>
    <lastmod>2022-11-10T10:15:08Z</lastmod>
</url><url>
    <loc>https://geoconnex.us/iow/usbr/rise/locations/3579</loc>
    <lastmod>2022-11-10T10:15:08Z</lastmod>
</url><url>
    <loc>https://geoconnex.us/iow/usbr/rise/locations/3578</loc>
    <lastmod>2022-11-10T10:15:08Z</lastmod>
</url><url>
    <loc>https://geoconnex.us/iow/usbr/rise/locations/3577</loc>
    <lastmod>2022-11-10T10:15:08Z</lastmod>
</url><url>
    <loc>https://geoconnex.us/iow/usbr/rise/locations/3576</loc>
    <lastmod>2022-11-10T10:15:08Z</lastmod>
</url><url>
    <loc>https://geoconnex.us/iow/usbr/rise/locations/3575</loc>
    <lastmod>2022-11-10T10:15:08Z</lastmod>
</url><url>
    <loc>https://geoconnex.us/iow/usbr/rise/locations/3574</loc>
    <lastmod>2022-11-10T10:15:08Z</lastmod>
</url><url>
    <loc>https://geoconnex.us/iow/usbr/rise/locations/3573</loc>
    <lastmod>2022-11-10T10:15:08Z</lastmod>
</url><url>
    <loc>https://geoconnex.us/iow/usbr/rise/locations/3572</loc>
    <lastmod>2022-11-10T10:15:08Z</lastmod>
</url><url>
    <loc>https://geoconnex.us/iow/usbr/rise/locations/3570</loc>
    <lastmod>2022-11-10T10:15:08Z</lastmod>
</url><url>
    <loc>https://geoconnex.us/iow/usbr/rise/locations/3569</loc>
    <lastmod>2022-11-10T10:15:08Z</lastmod>
</url><url>
    <loc>https://geoconnex.us/iow/usbr/rise/locations/3568</loc>
    <lastmod>2022-11-10T10:15:08Z</lastmod>
</url><url>
    <loc>https://geoconnex.us/iow/usbr/rise/locations/3567</loc>
    <lastmod>2022-11-10T10:15:08Z</lastmod>
</url><url>
    <loc>https://geoconnex.us/iow/usbr/rise/locations/3566</loc>
    <lastmod>2022-11-10T10:15:08Z</lastmod>
</url><url>
    <loc>https://geoconnex.us/iow/usbr/rise/locations/3565</loc>
    <lastmod>2022-11-10T10:15:08Z</lastmod>
</url><url>
    <loc>https://geoconnex.us/iow/usbr/rise/locations/3564</loc>
    <lastmod>2022-11-10T10:15:08Z</lastmod>
</url><url>
    <loc>https://geoconnex.us/iow/usbr/rise/locations/3563</loc>
    <lastmod>2022-11-10T10:15:08Z</lastmod>
</url><url>
    <loc>https://geoconnex.us/iow/usbr/rise/locations/3562</loc>
    <lastmod>2022-11-10T10:15:08Z</lastmod>
</url><url>
    <loc>https://geoconnex.us/iow/usbr/rise/locations/3561</loc>
    <lastmod>2022-11-10T10:15:08Z</lastmod>
</url><url>
    <loc>https://geoconnex.us/iow/usbr/rise/locations/3560</loc>
    <lastmod>2022-11-10T10:15:08Z</lastmod>
</url><url>
    <loc>https://geoconnex.us/iow/usbr/rise/locations/3559</loc>
    <lastmod>2022-11-10T10:15:08Z</lastmod>
</url><url>
    <loc>https://geoconnex.us/iow/usbr/rise/locations/3558</loc>
    <lastmod>2022-11-10T10:15:08Z</lastmod>
</url><url>
    <loc>https://geoconnex.us/iow/usbr/rise/locations/3557</loc>
    <lastmod>2022-11-10T10:15:08Z</lastmod>
</url><url>
    <loc>https://geoconnex.us/iow/usbr/rise/locations/3556</loc>
    <lastmod>2022-11-10T10:15:08Z</lastmod>
</url><url>
    <loc>https://geoconnex.us/iow/usbr/rise/locations/3555</loc>
    <lastmod>2022-11-10T10:15:08Z</lastmod>
</url><url>
    <loc>https://geoconnex.us/iow/usbr/rise/locations/3554</loc>
    <lastmod>2022-11-10T10:15:08Z</lastmod>
</url><url>
    <loc>https://geoconnex.us/iow/usbr/rise/locations/3553</loc>
    <lastmod>2022-11-10T10:15:08Z</lastmod>
</url><url>
    <loc>https://geoconnex.us/iow/usbr/rise/locations/3552</loc>
    <lastmod>2022-11-10T10:15:08Z</lastmod>
</url><url>
    <loc>https://geoconnex.us/iow/usbr/rise/locations/3551</loc>
    <lastmod>2022-11-10T10:15:08Z</lastmod>
</url><url>
    <loc>https://geoconnex.us/iow/usbr/rise/locations/3550</loc>
    <lastmod>2022-11-10T10:15:08Z</lastmod>
</url><url>
    <loc>https://geoconnex.us/iow/usbr/rise/locations/3549</loc>
    <lastmod>2022-11-10T10:15:08Z</lastmod>
</url><url>
    <loc>https://geoconnex.us/iow/usbr/rise/locations/3548</loc>
    <lastmod>2022-11-10T10:15:08Z</lastmod>
</url><url>
    <loc>https://geoconnex.us/iow/usbr/rise/locations/3547</loc>
    <lastmod>2022-11-10T10:15:08Z</lastmod>
</url><url>
    <loc>https://geoconnex.us/iow/usbr/rise/locations/3546</loc>
    <lastmod>2022-11-10T10:15:08Z</lastmod>
</url><url>
    <loc>https://geoconnex.us/iow/usbr/rise/locations/3545</loc>
    <lastmod>2022-11-10T10:15:08Z</lastmod>
</url><url>
    <loc>https://geoconnex.us/iow/usbr/rise/locations/3544</loc>
    <lastmod>2022-11-10T10:15:08Z</lastmod>
</url><url>
    <loc>https://geoconnex.us/iow/usbr/rise/locations/3543</loc>
    <lastmod>2022-11-10T10:15:08Z</lastmod>
</url><url>
    <loc>https://geoconnex.us/iow/usbr/rise/locations/3542</loc>
    <lastmod>2022-11-10T10:15:08Z</lastmod>
</url><url>
    <loc>https://geoconnex.us/iow/usbr/rise/locations/3541</loc>
    <lastmod>2022-11-10T10:15:08Z</lastmod>
</url><url>
    <loc>https://geoconnex.us/iow/usbr/rise/locations/3540</loc>
    <lastmod>2022-11-10T10:15:08Z</lastmod>
</url><url>
    <loc>https://geoconnex.us/iow/usbr/rise/locations/3539</loc>
    <lastmod>2022-11-10T10:15:08Z</lastmod>
</url><url>
    <loc>https://geoconnex.us/iow/usbr/rise/locations/3538</loc>
    <lastmod>2022-11-10T10:15:08Z</lastmod>
</url><url>
    <loc>https://geoconnex.us/iow/usbr/rise/locations/3537</loc>
    <lastmod>2022-11-10T10:15:08Z</lastmod>
</url><url>
    <loc>https://geoconnex.us/iow/usbr/rise/locations/3536</loc>
    <lastmod>2022-11-10T10:15:08Z</lastmod>
</url><url>
    <loc>https://geoconnex.us/iow/usbr/rise/locations/3535</loc>
    <lastmod>2022-11-10T10:15:08Z</lastmod>
</url><url>
    <loc>https://geoconnex.us/iow/usbr/rise/locations/3534</loc>
    <lastmod>2022-11-10T10:15:08Z</lastmod>
</url><url>
    <loc>https://geoconnex.us/iow/usbr/rise/locations/3533</loc>
    <lastmod>2022-11-10T10:15:08Z</lastmod>
</url><url>
    <loc>https://geoconnex.us/iow/usbr/rise/locations/3532</loc>
    <lastmod>2022-11-10T10:15:08Z</lastmod>
</url><url>
    <loc>https://geoconnex.us/iow/usbr/rise/locations/3531</loc>
    <lastmod>2022-11-10T10:15:08Z</lastmod>
</url><url>
    <loc>https://geoconnex.us/iow/usbr/rise/locations/3530</loc>
    <lastmod>2022-11-10T10:15:08Z</lastmod>
</url><url>
    <loc>https://geoconnex.us/iow/usbr/rise/locations/3513</loc>
    <lastmod>2022-11-10T10:15:08Z</lastmod>
</url><url>
    <loc>https://geoconnex.us/iow/usbr/rise/locations/3512</loc>
    <lastmod>2022-11-10T10:15:08Z</lastmod>
</url><url>
    <loc>https://geoconnex.us/iow/usbr/rise/locations/3500</loc>
    <lastmod>2022-11-10T10:15:08Z</lastmod>
</url><url>
    <loc>https://geoconnex.us/iow/usbr/rise/locations/3499</loc>
    <lastmod>2022-11-10T10:15:08Z</lastmod>
</url><url>
    <loc>https://geoconnex.us/iow/usbr/rise/locations/3498</loc>
    <lastmod>2022-11-10T10:15:08Z</lastmod>
</url><url>
    <loc>https://geoconnex.us/iow/usbr/rise/locations/3497</loc>
    <lastmod>2022-11-10T10:15:08Z</lastmod>
</url><url>
    <loc>https://geoconnex.us/iow/usbr/rise/locations/3496</loc>
    <lastmod>2022-11-10T10:15:08Z</lastmod>
</url><url>
    <loc>https://geoconnex.us/iow/usbr/rise/locations/3495</loc>
    <lastmod>2022-11-10T10:15:08Z</lastmod>
</url><url>
    <loc>https://geoconnex.us/iow/usbr/rise/locations/3494</loc>
    <lastmod>2022-11-10T10:15:08Z</lastmod>
</url><url>
    <loc>https://geoconnex.us/iow/usbr/rise/locations/3492</loc>
    <lastmod>2022-11-10T10:15:08Z</lastmod>
</url><url>
    <loc>https://geoconnex.us/iow/usbr/rise/locations/3491</loc>
    <lastmod>2022-11-10T10:15:08Z</lastmod>
</url><url>
    <loc>https://geoconnex.us/iow/usbr/rise/locations/3490</loc>
    <lastmod>2022-11-10T10:15:08Z</lastmod>
</url><url>
    <loc>https://geoconnex.us/iow/usbr/rise/locations/3489</loc>
    <lastmod>2022-11-10T10:15:08Z</lastmod>
</url><url>
    <loc>https://geoconnex.us/iow/usbr/rise/locations/3488</loc>
    <lastmod>2022-11-10T10:15:08Z</lastmod>
</url><url>
    <loc>https://geoconnex.us/iow/usbr/rise/locations/3486</loc>
    <lastmod>2022-11-10T10:15:08Z</lastmod>
</url><url>
    <loc>https://geoconnex.us/iow/usbr/rise/locations/3485</loc>
    <lastmod>2022-11-10T10:15:08Z</lastmod>
</url><url>
    <loc>https://geoconnex.us/iow/usbr/rise/locations/3484</loc>
    <lastmod>2022-11-10T10:15:08Z</lastmod>
</url><url>
    <loc>https://geoconnex.us/iow/usbr/rise/locations/3483</loc>
    <lastmod>2022-11-10T10:15:08Z</lastmod>
</url><url>
    <loc>https://geoconnex.us/iow/usbr/rise/locations/3482</loc>
    <lastmod>2022-11-10T10:15:08Z</lastmod>
</url><url>
    <loc>https://geoconnex.us/iow/usbr/rise/locations/3481</loc>
    <lastmod>2022-11-10T10:15:08Z</lastmod>
</url><url>
    <loc>https://geoconnex.us/iow/usbr/rise/locations/3480</loc>
    <lastmod>2022-11-10T10:15:08Z</lastmod>
</url><url>
    <loc>https://geoconnex.us/iow/usbr/rise/locations/3479</loc>
    <lastmod>2022-11-10T10:15:08Z</lastmod>
</url><url>
    <loc>https://geoconnex.us/iow/usbr/rise/locations/3478</loc>
    <lastmod>2022-11-10T10:15:08Z</lastmod>
</url><url>
    <loc>https://geoconnex.us/iow/usbr/rise/locations/3477</loc>
    <lastmod>2022-11-10T10:15:08Z</lastmod>
</url><url>
    <loc>https://geoconnex.us/iow/usbr/rise/locations/3468</loc>
    <lastmod>2022-11-10T10:15:08Z</lastmod>
</url><url>
    <loc>https://geoconnex.us/iow/usbr/rise/locations/3467</loc>
    <lastmod>2022-11-10T10:15:08Z</lastmod>
</url><url>
    <loc>https://geoconnex.us/iow/usbr/rise/locations/3466</loc>
    <lastmod>2022-11-10T10:15:08Z</lastmod>
</url><url>
    <loc>https://geoconnex.us/iow/usbr/rise/locations/3465</loc>
    <lastmod>2022-11-10T10:15:08Z</lastmod>
</url><url>
    <loc>https://geoconnex.us/iow/usbr/rise/locations/3464</loc>
    <lastmod>2022-11-10T10:15:08Z</lastmod>
</url><url>
    <loc>https://geoconnex.us/iow/usbr/rise/locations/3463</loc>
    <lastmod>2022-11-10T10:15:08Z</lastmod>
</url><url>
    <loc>https://geoconnex.us/iow/usbr/rise/locations/3462</loc>
    <lastmod>2022-11-10T10:15:08Z</lastmod>
</url><url>
    <loc>https://geoconnex.us/iow/usbr/rise/locations/3461</loc>
    <lastmod>2022-11-10T10:15:08Z</lastmod>
</url><url>
    <loc>https://geoconnex.us/iow/usbr/rise/locations/3460</loc>
    <lastmod>2022-11-10T10:15:08Z</lastmod>
</url><url>
    <loc>https://geoconnex.us/iow/usbr/rise/locations/3459</loc>
    <lastmod>2022-11-10T10:15:08Z</lastmod>
</url><url>
    <loc>https://geoconnex.us/iow/usbr/rise/locations/3452</loc>
    <lastmod>2022-11-10T10:15:08Z</lastmod>
</url><url>
    <loc>https://geoconnex.us/iow/usbr/rise/locations/3451</loc>
    <lastmod>2022-11-10T10:15:08Z</lastmod>
</url><url>
    <loc>https://geoconnex.us/iow/usbr/rise/locations/3450</loc>
    <lastmod>2022-11-10T10:15:08Z</lastmod>
</url><url>
    <loc>https://geoconnex.us/iow/usbr/rise/locations/3449</loc>
    <lastmod>2022-11-10T10:15:08Z</lastmod>
</url><url>
    <loc>https://geoconnex.us/iow/usbr/rise/locations/3448</loc>
    <lastmod>2022-11-10T10:15:08Z</lastmod>
</url><url>
    <loc>https://geoconnex.us/iow/usbr/rise/locations/3447</loc>
    <lastmod>2022-11-10T10:15:08Z</lastmod>
</url><url>
    <loc>https://geoconnex.us/iow/usbr/rise/locations/3446</loc>
    <lastmod>2022-11-10T10:15:08Z</lastmod>
</url><url>
    <loc>https://geoconnex.us/iow/usbr/rise/locations/3445</loc>
    <lastmod>2022-11-10T10:15:08Z</lastmod>
</url><url>
    <loc>https://geoconnex.us/iow/usbr/rise/locations/3439</loc>
    <lastmod>2022-11-10T10:15:08Z</lastmod>
</url><url>
    <loc>https://geoconnex.us/iow/usbr/rise/locations/3438</loc>
    <lastmod>2022-11-10T10:15:08Z</lastmod>
</url><url>
    <loc>https://geoconnex.us/iow/usbr/rise/locations/3437</loc>
    <lastmod>2022-11-10T10:15:08Z</lastmod>
</url><url>
    <loc>https://geoconnex.us/iow/usbr/rise/locations/3436</loc>
    <lastmod>2022-11-10T10:15:08Z</lastmod>
</url><url>
    <loc>https://geoconnex.us/iow/usbr/rise/locations/3435</loc>
    <lastmod>2022-11-10T10:15:08Z</lastmod>
</url><url>
    <loc>https://geoconnex.us/iow/usbr/rise/locations/3434</loc>
    <lastmod>2022-11-10T10:15:08Z</lastmod>
</url><url>
    <loc>https://geoconnex.us/iow/usbr/rise/locations/3433</loc>
    <lastmod>2022-11-10T10:15:08Z</lastmod>
</url><url>
    <loc>https://geoconnex.us/iow/usbr/rise/locations/3432</loc>
    <lastmod>2022-11-10T10:15:08Z</lastmod>
</url><url>
    <loc>https://geoconnex.us/iow/usbr/rise/locations/3431</loc>
    <lastmod>2022-11-10T10:15:08Z</lastmod>
</url><url>
    <loc>https://geoconnex.us/iow/usbr/rise/locations/3430</loc>
    <lastmod>2022-11-10T10:15:08Z</lastmod>
</url><url>
    <loc>https://geoconnex.us/iow/usbr/rise/locations/3429</loc>
    <lastmod>2022-11-10T10:15:08Z</lastmod>
</url><url>
    <loc>https://geoconnex.us/iow/usbr/rise/locations/3428</loc>
    <lastmod>2022-11-10T10:15:08Z</lastmod>
</url><url>
    <loc>https://geoconnex.us/iow/usbr/rise/locations/3427</loc>
    <lastmod>2022-11-10T10:15:08Z</lastmod>
</url><url>
    <loc>https://geoconnex.us/iow/usbr/rise/locations/3426</loc>
    <lastmod>2022-11-10T10:15:08Z</lastmod>
</url><url>
    <loc>https://geoconnex.us/iow/usbr/rise/locations/3425</loc>
    <lastmod>2022-11-10T10:15:08Z</lastmod>
</url><url>
    <loc>https://geoconnex.us/iow/usbr/rise/locations/3424</loc>
    <lastmod>2022-11-10T10:15:08Z</lastmod>
</url><url>
    <loc>https://geoconnex.us/iow/usbr/rise/locations/3423</loc>
    <lastmod>2022-11-10T10:15:08Z</lastmod>
</url><url>
    <loc>https://geoconnex.us/iow/usbr/rise/locations/3422</loc>
    <lastmod>2022-11-10T10:15:08Z</lastmod>
</url><url>
    <loc>https://geoconnex.us/iow/usbr/rise/locations/3421</loc>
    <lastmod>2022-11-10T10:15:08Z</lastmod>
</url><url>
    <loc>https://geoconnex.us/iow/usbr/rise/locations/3420</loc>
    <lastmod>2022-11-10T10:15:08Z</lastmod>
</url><url>
    <loc>https://geoconnex.us/iow/usbr/rise/locations/3419</loc>
    <lastmod>2022-11-10T10:15:08Z</lastmod>
</url><url>
    <loc>https://geoconnex.us/iow/usbr/rise/locations/3418</loc>
    <lastmod>2022-11-10T10:15:08Z</lastmod>
</url><url>
    <loc>https://geoconnex.us/iow/usbr/rise/locations/3417</loc>
    <lastmod>2022-11-10T10:15:08Z</lastmod>
</url><url>
    <loc>https://geoconnex.us/iow/usbr/rise/locations/3416</loc>
    <lastmod>2022-11-10T10:15:08Z</lastmod>
</url><url>
    <loc>https://geoconnex.us/iow/usbr/rise/locations/3405</loc>
    <lastmod>2022-11-10T10:15:08Z</lastmod>
</url><url>
    <loc>https://geoconnex.us/iow/usbr/rise/locations/3404</loc>
    <lastmod>2022-11-10T10:15:08Z</lastmod>
</url><url>
    <loc>https://geoconnex.us/iow/usbr/rise/locations/3403</loc>
    <lastmod>2022-11-10T10:15:08Z</lastmod>
</url><url>
    <loc>https://geoconnex.us/iow/usbr/rise/locations/3402</loc>
    <lastmod>2022-11-10T10:15:08Z</lastmod>
</url><url>
    <loc>https://geoconnex.us/iow/usbr/rise/locations/3401</loc>
    <lastmod>2022-11-10T10:15:08Z</lastmod>
</url><url>
    <loc>https://geoconnex.us/iow/usbr/rise/locations/3400</loc>
    <lastmod>2022-11-10T10:15:08Z</lastmod>
</url><url>
    <loc>https://geoconnex.us/iow/usbr/rise/locations/3399</loc>
    <lastmod>2022-11-10T10:15:08Z</lastmod>
</url><url>
    <loc>https://geoconnex.us/iow/usbr/rise/locations/3398</loc>
    <lastmod>2022-11-10T10:15:08Z</lastmod>
</url><url>
    <loc>https://geoconnex.us/iow/usbr/rise/locations/3397</loc>
    <lastmod>2022-11-10T10:15:08Z</lastmod>
</url><url>
    <loc>https://geoconnex.us/iow/usbr/rise/locations/3396</loc>
    <lastmod>2022-11-10T10:15:08Z</lastmod>
</url><url>
    <loc>https://geoconnex.us/iow/usbr/rise/locations/3395</loc>
    <lastmod>2022-11-10T10:15:08Z</lastmod>
</url><url>
    <loc>https://geoconnex.us/iow/usbr/rise/locations/3394</loc>
    <lastmod>2022-11-10T10:15:08Z</lastmod>
</url><url>
    <loc>https://geoconnex.us/iow/usbr/rise/locations/3393</loc>
    <lastmod>2022-11-10T10:15:08Z</lastmod>
</url><url>
    <loc>https://geoconnex.us/iow/usbr/rise/locations/3392</loc>
    <lastmod>2022-11-10T10:15:08Z</lastmod>
</url><url>
    <loc>https://geoconnex.us/iow/usbr/rise/locations/3391</loc>
    <lastmod>2022-11-10T10:15:08Z</lastmod>
</url><url>
    <loc>https://geoconnex.us/iow/usbr/rise/locations/3390</loc>
    <lastmod>2022-11-10T10:15:08Z</lastmod>
</url><url>
    <loc>https://geoconnex.us/iow/usbr/rise/locations/3389</loc>
    <lastmod>2022-11-10T10:15:08Z</lastmod>
</url><url>
    <loc>https://geoconnex.us/iow/usbr/rise/locations/3388</loc>
    <lastmod>2022-11-10T10:15:08Z</lastmod>
</url><url>
    <loc>https://geoconnex.us/iow/usbr/rise/locations/3387</loc>
    <lastmod>2022-11-10T10:15:08Z</lastmod>
</url><url>
    <loc>https://geoconnex.us/iow/usbr/rise/locations/3386</loc>
    <lastmod>2022-11-10T10:15:08Z</lastmod>
</url><url>
    <loc>https://geoconnex.us/iow/usbr/rise/locations/3385</loc>
    <lastmod>2022-11-10T10:15:08Z</lastmod>
</url><url>
    <loc>https://geoconnex.us/iow/usbr/rise/locations/3384</loc>
    <lastmod>2022-11-10T10:15:08Z</lastmod>
</url><url>
    <loc>https://geoconnex.us/iow/usbr/rise/locations/3383</loc>
    <lastmod>2022-11-10T10:15:08Z</lastmod>
</url><url>
    <loc>https://geoconnex.us/iow/usbr/rise/locations/3382</loc>
    <lastmod>2022-11-10T10:15:08Z</lastmod>
</url><url>
    <loc>https://geoconnex.us/iow/usbr/rise/locations/3381</loc>
    <lastmod>2022-11-10T10:15:08Z</lastmod>
</url><url>
    <loc>https://geoconnex.us/iow/usbr/rise/locations/3380</loc>
    <lastmod>2022-11-10T10:15:08Z</lastmod>
</url><url>
    <loc>https://geoconnex.us/iow/usbr/rise/locations/3379</loc>
    <lastmod>2022-11-10T10:15:08Z</lastmod>
</url><url>
    <loc>https://geoconnex.us/iow/usbr/rise/locations/3378</loc>
    <lastmod>2022-11-10T10:15:08Z</lastmod>
</url><url>
    <loc>https://geoconnex.us/iow/usbr/rise/locations/3377</loc>
    <lastmod>2022-11-10T10:15:08Z</lastmod>
</url><url>
    <loc>https://geoconnex.us/iow/usbr/rise/locations/3376</loc>
    <lastmod>2022-11-10T10:15:08Z</lastmod>
</url><url>
    <loc>https://geoconnex.us/iow/usbr/rise/locations/3375</loc>
    <lastmod>2022-11-10T10:15:08Z</lastmod>
</url><url>
    <loc>https://geoconnex.us/iow/usbr/rise/locations/3374</loc>
    <lastmod>2022-11-10T10:15:08Z</lastmod>
</url><url>
    <loc>https://geoconnex.us/iow/usbr/rise/locations/3373</loc>
    <lastmod>2022-11-10T10:15:08Z</lastmod>
</url><url>
    <loc>https://geoconnex.us/iow/usbr/rise/locations/3372</loc>
    <lastmod>2022-11-10T10:15:08Z</lastmod>
</url><url>
    <loc>https://geoconnex.us/iow/usbr/rise/locations/3371</loc>
    <lastmod>2022-11-10T10:15:08Z</lastmod>
</url><url>
    <loc>https://geoconnex.us/iow/usbr/rise/locations/3370</loc>
    <lastmod>2022-11-10T10:15:08Z</lastmod>
</url><url>
    <loc>https://geoconnex.us/iow/usbr/rise/locations/3369</loc>
    <lastmod>2022-11-10T10:15:08Z</lastmod>
</url><url>
    <loc>https://geoconnex.us/iow/usbr/rise/locations/3368</loc>
    <lastmod>2022-11-10T10:15:08Z</lastmod>
</url><url>
    <loc>https://geoconnex.us/iow/usbr/rise/locations/3367</loc>
    <lastmod>2022-11-10T10:15:08Z</lastmod>
</url><url>
    <loc>https://geoconnex.us/iow/usbr/rise/locations/3366</loc>
    <lastmod>2022-11-10T10:15:08Z</lastmod>
</url><url>
    <loc>https://geoconnex.us/iow/usbr/rise/locations/3365</loc>
    <lastmod>2022-11-10T10:15:08Z</lastmod>
</url><url>
    <loc>https://geoconnex.us/iow/usbr/rise/locations/3364</loc>
    <lastmod>2022-11-10T10:15:08Z</lastmod>
</url><url>
    <loc>https://geoconnex.us/iow/usbr/rise/locations/3363</loc>
    <lastmod>2022-11-10T10:15:08Z</lastmod>
</url><url>
    <loc>https://geoconnex.us/iow/usbr/rise/locations/3362</loc>
    <lastmod>2022-11-10T10:15:08Z</lastmod>
</url><url>
    <loc>https://geoconnex.us/iow/usbr/rise/locations/3361</loc>
    <lastmod>2022-11-10T10:15:08Z</lastmod>
</url><url>
    <loc>https://geoconnex.us/iow/usbr/rise/locations/3360</loc>
    <lastmod>2022-11-10T10:15:08Z</lastmod>
</url><url>
    <loc>https://geoconnex.us/iow/usbr/rise/locations/3359</loc>
    <lastmod>2022-11-10T10:15:08Z</lastmod>
</url><url>
    <loc>https://geoconnex.us/iow/usbr/rise/locations/3358</loc>
    <lastmod>2022-11-10T10:15:08Z</lastmod>
</url><url>
    <loc>https://geoconnex.us/iow/usbr/rise/locations/3357</loc>
    <lastmod>2022-11-10T10:15:08Z</lastmod>
</url><url>
    <loc>https://geoconnex.us/iow/usbr/rise/locations/3356</loc>
    <lastmod>2022-11-10T10:15:08Z</lastmod>
</url><url>
    <loc>https://geoconnex.us/iow/usbr/rise/locations/3355</loc>
    <lastmod>2022-11-10T10:15:08Z</lastmod>
</url><url>
    <loc>https://geoconnex.us/iow/usbr/rise/locations/3354</loc>
    <lastmod>2022-11-10T10:15:08Z</lastmod>
</url><url>
    <loc>https://geoconnex.us/iow/usbr/rise/locations/3353</loc>
    <lastmod>2022-11-10T10:15:08Z</lastmod>
</url><url>
    <loc>https://geoconnex.us/iow/usbr/rise/locations/3352</loc>
    <lastmod>2022-11-10T10:15:08Z</lastmod>
</url><url>
    <loc>https://geoconnex.us/iow/usbr/rise/locations/3351</loc>
    <lastmod>2022-11-10T10:15:08Z</lastmod>
</url><url>
    <loc>https://geoconnex.us/iow/usbr/rise/locations/3350</loc>
    <lastmod>2022-11-10T10:15:08Z</lastmod>
</url><url>
    <loc>https://geoconnex.us/iow/usbr/rise/locations/3349</loc>
    <lastmod>2022-11-10T10:15:08Z</lastmod>
</url><url>
    <loc>https://geoconnex.us/iow/usbr/rise/locations/3348</loc>
    <lastmod>2022-11-10T10:15:08Z</lastmod>
</url><url>
    <loc>https://geoconnex.us/iow/usbr/rise/locations/3347</loc>
    <lastmod>2022-11-10T10:15:08Z</lastmod>
</url><url>
    <loc>https://geoconnex.us/iow/usbr/rise/locations/3346</loc>
    <lastmod>2022-11-10T10:15:08Z</lastmod>
</url><url>
    <loc>https://geoconnex.us/iow/usbr/rise/locations/3345</loc>
    <lastmod>2022-11-10T10:15:08Z</lastmod>
</url><url>
    <loc>https://geoconnex.us/iow/usbr/rise/locations/3344</loc>
    <lastmod>2022-11-10T10:15:08Z</lastmod>
</url><url>
    <loc>https://geoconnex.us/iow/usbr/rise/locations/3343</loc>
    <lastmod>2022-11-10T10:15:08Z</lastmod>
</url><url>
    <loc>https://geoconnex.us/iow/usbr/rise/locations/3342</loc>
    <lastmod>2022-11-10T10:15:08Z</lastmod>
</url><url>
    <loc>https://geoconnex.us/iow/usbr/rise/locations/3341</loc>
    <lastmod>2022-11-10T10:15:08Z</lastmod>
</url><url>
    <loc>https://geoconnex.us/iow/usbr/rise/locations/3340</loc>
    <lastmod>2022-11-10T10:15:08Z</lastmod>
</url><url>
    <loc>https://geoconnex.us/iow/usbr/rise/locations/3339</loc>
    <lastmod>2022-11-10T10:15:08Z</lastmod>
</url><url>
    <loc>https://geoconnex.us/iow/usbr/rise/locations/3338</loc>
    <lastmod>2022-11-10T10:15:08Z</lastmod>
</url><url>
    <loc>https://geoconnex.us/iow/usbr/rise/locations/3337</loc>
    <lastmod>2022-11-10T10:15:08Z</lastmod>
</url><url>
    <loc>https://geoconnex.us/iow/usbr/rise/locations/3334</loc>
    <lastmod>2022-11-10T10:15:08Z</lastmod>
</url><url>
    <loc>https://geoconnex.us/iow/usbr/rise/locations/3333</loc>
    <lastmod>2022-11-10T10:15:08Z</lastmod>
</url><url>
    <loc>https://geoconnex.us/iow/usbr/rise/locations/3332</loc>
    <lastmod>2022-11-10T10:15:08Z</lastmod>
</url><url>
    <loc>https://geoconnex.us/iow/usbr/rise/locations/3331</loc>
    <lastmod>2022-11-10T10:15:08Z</lastmod>
</url><url>
    <loc>https://geoconnex.us/iow/usbr/rise/locations/3330</loc>
    <lastmod>2022-11-10T10:15:08Z</lastmod>
</url><url>
    <loc>https://geoconnex.us/iow/usbr/rise/locations/3329</loc>
    <lastmod>2022-11-10T10:15:08Z</lastmod>
</url><url>
    <loc>https://geoconnex.us/iow/usbr/rise/locations/3328</loc>
    <lastmod>2022-11-10T10:15:08Z</lastmod>
</url><url>
    <loc>https://geoconnex.us/iow/usbr/rise/locations/3327</loc>
    <lastmod>2022-11-10T10:15:08Z</lastmod>
</url><url>
    <loc>https://geoconnex.us/iow/usbr/rise/locations/3326</loc>
    <lastmod>2022-11-10T10:15:08Z</lastmod>
</url><url>
    <loc>https://geoconnex.us/iow/usbr/rise/locations/3325</loc>
    <lastmod>2022-11-10T10:15:08Z</lastmod>
</url><url>
    <loc>https://geoconnex.us/iow/usbr/rise/locations/3324</loc>
    <lastmod>2022-11-10T10:15:08Z</lastmod>
</url><url>
    <loc>https://geoconnex.us/iow/usbr/rise/locations/3323</loc>
    <lastmod>2022-11-10T10:15:08Z</lastmod>
</url><url>
    <loc>https://geoconnex.us/iow/usbr/rise/locations/3322</loc>
    <lastmod>2022-11-10T10:15:08Z</lastmod>
</url><url>
    <loc>https://geoconnex.us/iow/usbr/rise/locations/3321</loc>
    <lastmod>2022-11-10T10:15:08Z</lastmod>
</url><url>
    <loc>https://geoconnex.us/iow/usbr/rise/locations/3320</loc>
    <lastmod>2022-11-10T10:15:08Z</lastmod>
</url><url>
    <loc>https://geoconnex.us/iow/usbr/rise/locations/3319</loc>
    <lastmod>2022-11-10T10:15:08Z</lastmod>
</url><url>
    <loc>https://geoconnex.us/iow/usbr/rise/locations/3318</loc>
    <lastmod>2022-11-10T10:15:08Z</lastmod>
</url><url>
    <loc>https://geoconnex.us/iow/usbr/rise/locations/3317</loc>
    <lastmod>2022-11-10T10:15:08Z</lastmod>
</url><url>
    <loc>https://geoconnex.us/iow/usbr/rise/locations/3316</loc>
    <lastmod>2022-11-10T10:15:08Z</lastmod>
</url><url>
    <loc>https://geoconnex.us/iow/usbr/rise/locations/3315</loc>
    <lastmod>2022-11-10T10:15:08Z</lastmod>
</url><url>
    <loc>https://geoconnex.us/iow/usbr/rise/locations/3314</loc>
    <lastmod>2022-11-10T10:15:08Z</lastmod>
</url><url>
    <loc>https://geoconnex.us/iow/usbr/rise/locations/3313</loc>
    <lastmod>2022-11-10T10:15:08Z</lastmod>
</url><url>
    <loc>https://geoconnex.us/iow/usbr/rise/locations/3312</loc>
    <lastmod>2022-11-10T10:15:08Z</lastmod>
</url><url>
    <loc>https://geoconnex.us/iow/usbr/rise/locations/3311</loc>
    <lastmod>2022-11-10T10:15:08Z</lastmod>
</url><url>
    <loc>https://geoconnex.us/iow/usbr/rise/locations/3310</loc>
    <lastmod>2022-11-10T10:15:08Z</lastmod>
</url><url>
    <loc>https://geoconnex.us/iow/usbr/rise/locations/3309</loc>
    <lastmod>2022-11-10T10:15:08Z</lastmod>
</url><url>
    <loc>https://geoconnex.us/iow/usbr/rise/locations/3308</loc>
    <lastmod>2022-11-10T10:15:08Z</lastmod>
</url><url>
    <loc>https://geoconnex.us/iow/usbr/rise/locations/3307</loc>
    <lastmod>2022-11-10T10:15:08Z</lastmod>
</url><url>
    <loc>https://geoconnex.us/iow/usbr/rise/locations/3306</loc>
    <lastmod>2022-11-10T10:15:08Z</lastmod>
</url><url>
    <loc>https://geoconnex.us/iow/usbr/rise/locations/3305</loc>
    <lastmod>2022-11-10T10:15:08Z</lastmod>
</url><url>
    <loc>https://geoconnex.us/iow/usbr/rise/locations/3304</loc>
    <lastmod>2022-11-10T10:15:08Z</lastmod>
</url><url>
    <loc>https://geoconnex.us/iow/usbr/rise/locations/3302</loc>
    <lastmod>2022-11-10T10:15:08Z</lastmod>
</url><url>
    <loc>https://geoconnex.us/iow/usbr/rise/locations/3301</loc>
    <lastmod>2022-11-10T10:15:08Z</lastmod>
</url><url>
    <loc>https://geoconnex.us/iow/usbr/rise/locations/3300</loc>
    <lastmod>2022-11-10T10:15:08Z</lastmod>
</url><url>
    <loc>https://geoconnex.us/iow/usbr/rise/locations/3298</loc>
    <lastmod>2022-11-10T10:15:08Z</lastmod>
</url><url>
    <loc>https://geoconnex.us/iow/usbr/rise/locations/3297</loc>
    <lastmod>2022-11-10T10:15:08Z</lastmod>
</url><url>
    <loc>https://geoconnex.us/iow/usbr/rise/locations/3295</loc>
    <lastmod>2022-11-10T10:15:08Z</lastmod>
</url><url>
    <loc>https://geoconnex.us/iow/usbr/rise/locations/3294</loc>
    <lastmod>2022-11-10T10:15:08Z</lastmod>
</url><url>
    <loc>https://geoconnex.us/iow/usbr/rise/locations/3293</loc>
    <lastmod>2022-11-10T10:15:08Z</lastmod>
</url><url>
    <loc>https://geoconnex.us/iow/usbr/rise/locations/3292</loc>
    <lastmod>2022-11-10T10:15:08Z</lastmod>
</url><url>
    <loc>https://geoconnex.us/iow/usbr/rise/locations/3290</loc>
    <lastmod>2022-11-10T10:15:08Z</lastmod>
</url><url>
    <loc>https://geoconnex.us/iow/usbr/rise/locations/3289</loc>
    <lastmod>2022-11-10T10:15:08Z</lastmod>
</url><url>
    <loc>https://geoconnex.us/iow/usbr/rise/locations/3288</loc>
    <lastmod>2022-11-10T10:15:08Z</lastmod>
</url><url>
    <loc>https://geoconnex.us/iow/usbr/rise/locations/3287</loc>
    <lastmod>2022-11-10T10:15:08Z</lastmod>
</url><url>
    <loc>https://geoconnex.us/iow/usbr/rise/locations/3286</loc>
    <lastmod>2022-11-10T10:15:08Z</lastmod>
</url><url>
    <loc>https://geoconnex.us/iow/usbr/rise/locations/3284</loc>
    <lastmod>2022-11-10T10:15:08Z</lastmod>
</url><url>
    <loc>https://geoconnex.us/iow/usbr/rise/locations/3283</loc>
    <lastmod>2022-11-10T10:15:08Z</lastmod>
</url><url>
    <loc>https://geoconnex.us/iow/usbr/rise/locations/3282</loc>
    <lastmod>2022-11-10T10:15:08Z</lastmod>
</url><url>
    <loc>https://geoconnex.us/iow/usbr/rise/locations/3281</loc>
    <lastmod>2022-11-10T10:15:08Z</lastmod>
</url><url>
    <loc>https://geoconnex.us/iow/usbr/rise/locations/3280</loc>
    <lastmod>2022-11-10T10:15:08Z</lastmod>
</url><url>
    <loc>https://geoconnex.us/iow/usbr/rise/locations/3279</loc>
    <lastmod>2022-11-10T10:15:08Z</lastmod>
</url><url>
    <loc>https://geoconnex.us/iow/usbr/rise/locations/3278</loc>
    <lastmod>2022-11-10T10:15:08Z</lastmod>
</url><url>
    <loc>https://geoconnex.us/iow/usbr/rise/locations/3276</loc>
    <lastmod>2022-11-10T10:15:08Z</lastmod>
</url><url>
    <loc>https://geoconnex.us/iow/usbr/rise/locations/3275</loc>
    <lastmod>2022-11-10T10:15:08Z</lastmod>
</url><url>
    <loc>https://geoconnex.us/iow/usbr/rise/locations/3274</loc>
    <lastmod>2022-11-10T10:15:08Z</lastmod>
</url><url>
    <loc>https://geoconnex.us/iow/usbr/rise/locations/3273</loc>
    <lastmod>2022-11-10T10:15:08Z</lastmod>
</url><url>
    <loc>https://geoconnex.us/iow/usbr/rise/locations/3272</loc>
    <lastmod>2022-11-10T10:15:08Z</lastmod>
</url><url>
    <loc>https://geoconnex.us/iow/usbr/rise/locations/3271</loc>
    <lastmod>2022-11-10T10:15:08Z</lastmod>
</url><url>
    <loc>https://geoconnex.us/iow/usbr/rise/locations/3270</loc>
    <lastmod>2022-11-10T10:15:08Z</lastmod>
</url><url>
    <loc>https://geoconnex.us/iow/usbr/rise/locations/3269</loc>
    <lastmod>2022-11-10T10:15:08Z</lastmod>
</url><url>
    <loc>https://geoconnex.us/iow/usbr/rise/locations/3268</loc>
    <lastmod>2022-11-10T10:15:08Z</lastmod>
</url><url>
    <loc>https://geoconnex.us/iow/usbr/rise/locations/3267</loc>
    <lastmod>2022-11-10T10:15:08Z</lastmod>
</url><url>
    <loc>https://geoconnex.us/iow/usbr/rise/locations/3266</loc>
    <lastmod>2022-11-10T10:15:08Z</lastmod>
</url><url>
    <loc>https://geoconnex.us/iow/usbr/rise/locations/3265</loc>
    <lastmod>2022-11-10T10:15:08Z</lastmod>
</url><url>
    <loc>https://geoconnex.us/iow/usbr/rise/locations/3264</loc>
    <lastmod>2022-11-10T10:15:08Z</lastmod>
</url><url>
    <loc>https://geoconnex.us/iow/usbr/rise/locations/3263</loc>
    <lastmod>2022-11-10T10:15:08Z</lastmod>
</url><url>
    <loc>https://geoconnex.us/iow/usbr/rise/locations/3262</loc>
    <lastmod>2022-11-10T10:15:08Z</lastmod>
</url><url>
    <loc>https://geoconnex.us/iow/usbr/rise/locations/3261</loc>
    <lastmod>2022-11-10T10:15:08Z</lastmod>
</url><url>
    <loc>https://geoconnex.us/iow/usbr/rise/locations/3259</loc>
    <lastmod>2022-11-10T10:15:08Z</lastmod>
</url><url>
    <loc>https://geoconnex.us/iow/usbr/rise/locations/3258</loc>
    <lastmod>2022-11-10T10:15:08Z</lastmod>
</url><url>
    <loc>https://geoconnex.us/iow/usbr/rise/locations/3257</loc>
    <lastmod>2022-11-10T10:15:08Z</lastmod>
</url><url>
    <loc>https://geoconnex.us/iow/usbr/rise/locations/3256</loc>
    <lastmod>2022-11-10T10:15:08Z</lastmod>
</url><url>
    <loc>https://geoconnex.us/iow/usbr/rise/locations/3255</loc>
    <lastmod>2022-11-10T10:15:08Z</lastmod>
</url><url>
    <loc>https://geoconnex.us/iow/usbr/rise/locations/3254</loc>
    <lastmod>2022-11-10T10:15:08Z</lastmod>
</url><url>
    <loc>https://geoconnex.us/iow/usbr/rise/locations/3253</loc>
    <lastmod>2022-11-10T10:15:08Z</lastmod>
</url><url>
    <loc>https://geoconnex.us/iow/usbr/rise/locations/3252</loc>
    <lastmod>2022-11-10T10:15:08Z</lastmod>
</url><url>
    <loc>https://geoconnex.us/iow/usbr/rise/locations/3251</loc>
    <lastmod>2022-11-10T10:15:08Z</lastmod>
</url><url>
    <loc>https://geoconnex.us/iow/usbr/rise/locations/3250</loc>
    <lastmod>2022-11-10T10:15:08Z</lastmod>
</url><url>
    <loc>https://geoconnex.us/iow/usbr/rise/locations/3249</loc>
    <lastmod>2022-11-10T10:15:08Z</lastmod>
</url><url>
    <loc>https://geoconnex.us/iow/usbr/rise/locations/3248</loc>
    <lastmod>2022-11-10T10:15:08Z</lastmod>
</url><url>
    <loc>https://geoconnex.us/iow/usbr/rise/locations/477</loc>
    <lastmod>2022-11-10T10:15:08Z</lastmod>
</url><url>
    <loc>https://geoconnex.us/iow/usbr/rise/locations/448</loc>
    <lastmod>2022-11-10T10:15:08Z</lastmod>
</url><url>
    <loc>https://geoconnex.us/iow/usbr/rise/locations/431</loc>
    <lastmod>2022-11-10T10:15:08Z</lastmod>
</url><url>
    <loc>https://geoconnex.us/iow/usbr/rise/locations/338</loc>
    <lastmod>2022-11-10T10:15:08Z</lastmod>
</url><url>
    <loc>https://geoconnex.us/iow/usbr/rise/locations/3247</loc>
    <lastmod>2022-11-10T10:15:08Z</lastmod>
</url><url>
    <loc>https://geoconnex.us/iow/usbr/rise/locations/3246</loc>
    <lastmod>2022-11-10T10:15:08Z</lastmod>
</url><url>
    <loc>https://geoconnex.us/iow/usbr/rise/locations/3245</loc>
    <lastmod>2022-11-10T10:15:08Z</lastmod>
</url><url>
    <loc>https://geoconnex.us/iow/usbr/rise/locations/3244</loc>
    <lastmod>2022-11-10T10:15:08Z</lastmod>
</url><url>
    <loc>https://geoconnex.us/iow/usbr/rise/locations/3243</loc>
    <lastmod>2022-11-10T10:15:08Z</lastmod>
</url><url>
    <loc>https://geoconnex.us/iow/usbr/rise/locations/3209</loc>
    <lastmod>2022-11-10T10:15:08Z</lastmod>
</url><url>
    <loc>https://geoconnex.us/iow/usbr/rise/locations/3208</loc>
    <lastmod>2022-11-10T10:15:08Z</lastmod>
</url><url>
    <loc>https://geoconnex.us/iow/usbr/rise/locations/3207</loc>
    <lastmod>2022-11-10T10:15:08Z</lastmod>
</url><url>
    <loc>https://geoconnex.us/iow/usbr/rise/locations/3125</loc>
    <lastmod>2022-11-10T10:15:08Z</lastmod>
</url><url>
    <loc>https://geoconnex.us/iow/usbr/rise/locations/3183</loc>
    <lastmod>2022-11-10T10:15:08Z</lastmod>
</url><url>
    <loc>https://geoconnex.us/iow/usbr/rise/locations/3182</loc>
    <lastmod>2022-11-10T10:15:08Z</lastmod>
</url><url>
    <loc>https://geoconnex.us/iow/usbr/rise/locations/3181</loc>
    <lastmod>2022-11-10T10:15:08Z</lastmod>
</url><url>
    <loc>https://geoconnex.us/iow/usbr/rise/locations/3204</loc>
    <lastmod>2022-11-10T10:15:08Z</lastmod>
</url><url>
    <loc>https://geoconnex.us/iow/usbr/rise/locations/3203</loc>
    <lastmod>2022-11-10T10:15:08Z</lastmod>
</url><url>
    <loc>https://geoconnex.us/iow/usbr/rise/locations/3201</loc>
    <lastmod>2022-11-10T10:15:08Z</lastmod>
</url><url>
    <loc>https://geoconnex.us/iow/usbr/rise/locations/3200</loc>
    <lastmod>2022-11-10T10:15:08Z</lastmod>
</url><url>
    <loc>https://geoconnex.us/iow/usbr/rise/locations/3199</loc>
    <lastmod>2022-11-10T10:15:08Z</lastmod>
</url><url>
    <loc>https://geoconnex.us/iow/usbr/rise/locations/3198</loc>
    <lastmod>2022-11-10T10:15:08Z</lastmod>
</url><url>
    <loc>https://geoconnex.us/iow/usbr/rise/locations/3196</loc>
    <lastmod>2022-11-10T10:15:08Z</lastmod>
</url><url>
    <loc>https://geoconnex.us/iow/usbr/rise/locations/3195</loc>
    <lastmod>2022-11-10T10:15:08Z</lastmod>
</url><url>
    <loc>https://geoconnex.us/iow/usbr/rise/locations/3194</loc>
    <lastmod>2022-11-10T10:15:08Z</lastmod>
</url><url>
    <loc>https://geoconnex.us/iow/usbr/rise/locations/3193</loc>
    <lastmod>2022-11-10T10:15:08Z</lastmod>
</url><url>
    <loc>https://geoconnex.us/iow/usbr/rise/locations/3192</loc>
    <lastmod>2022-11-10T10:15:08Z</lastmod>
</url><url>
    <loc>https://geoconnex.us/iow/usbr/rise/locations/3191</loc>
    <lastmod>2022-11-10T10:15:08Z</lastmod>
</url><url>
    <loc>https://geoconnex.us/iow/usbr/rise/locations/3190</loc>
    <lastmod>2022-11-10T10:15:08Z</lastmod>
</url><url>
    <loc>https://geoconnex.us/iow/usbr/rise/locations/3189</loc>
    <lastmod>2022-11-10T10:15:08Z</lastmod>
</url><url>
    <loc>https://geoconnex.us/iow/usbr/rise/locations/3188</loc>
    <lastmod>2022-11-10T10:15:08Z</lastmod>
</url><url>
    <loc>https://geoconnex.us/iow/usbr/rise/locations/3187</loc>
    <lastmod>2022-11-10T10:15:08Z</lastmod>
</url><url>
    <loc>https://geoconnex.us/iow/usbr/rise/locations/3186</loc>
    <lastmod>2022-11-10T10:15:08Z</lastmod>
</url><url>
    <loc>https://geoconnex.us/iow/usbr/rise/locations/3185</loc>
    <lastmod>2022-11-10T10:15:08Z</lastmod>
</url><url>
    <loc>https://geoconnex.us/iow/usbr/rise/locations/3184</loc>
    <lastmod>2022-11-10T10:15:08Z</lastmod>
</url><url>
    <loc>https://geoconnex.us/iow/usbr/rise/locations/3180</loc>
    <lastmod>2022-11-10T10:15:08Z</lastmod>
</url><url>
    <loc>https://geoconnex.us/iow/usbr/rise/locations/3178</loc>
    <lastmod>2022-11-10T10:15:08Z</lastmod>
</url><url>
    <loc>https://geoconnex.us/iow/usbr/rise/locations/3177</loc>
    <lastmod>2022-11-10T10:15:08Z</lastmod>
</url><url>
    <loc>https://geoconnex.us/iow/usbr/rise/locations/1536</loc>
    <lastmod>2022-11-10T10:15:08Z</lastmod>
</url><url>
    <loc>https://geoconnex.us/iow/usbr/rise/locations/1535</loc>
    <lastmod>2022-11-10T10:15:08Z</lastmod>
</url><url>
    <loc>https://geoconnex.us/iow/usbr/rise/locations/1534</loc>
    <lastmod>2022-11-10T10:15:08Z</lastmod>
</url><url>
    <loc>https://geoconnex.us/iow/usbr/rise/locations/1533</loc>
    <lastmod>2022-11-10T10:15:08Z</lastmod>
</url><url>
    <loc>https://geoconnex.us/iow/usbr/rise/locations/512</loc>
    <lastmod>2022-11-10T10:15:08Z</lastmod>
</url><url>
    <loc>https://geoconnex.us/iow/usbr/rise/locations/501</loc>
    <lastmod>2022-11-10T10:15:08Z</lastmod>
</url><url>
    <loc>https://geoconnex.us/iow/usbr/rise/locations/500</loc>
    <lastmod>2022-11-10T10:15:08Z</lastmod>
</url><url>
    <loc>https://geoconnex.us/iow/usbr/rise/locations/491</loc>
    <lastmod>2022-11-10T10:15:08Z</lastmod>
</url><url>
    <loc>https://geoconnex.us/iow/usbr/rise/locations/488</loc>
    <lastmod>2022-11-10T10:15:08Z</lastmod>
</url><url>
    <loc>https://geoconnex.us/iow/usbr/rise/locations/486</loc>
    <lastmod>2022-11-10T10:15:08Z</lastmod>
</url><url>
    <loc>https://geoconnex.us/iow/usbr/rise/locations/485</loc>
    <lastmod>2022-11-10T10:15:08Z</lastmod>
</url><url>
    <loc>https://geoconnex.us/iow/usbr/rise/locations/484</loc>
    <lastmod>2022-11-10T10:15:08Z</lastmod>
</url><url>
    <loc>https://geoconnex.us/iow/usbr/rise/locations/471</loc>
    <lastmod>2022-11-10T10:15:08Z</lastmod>
</url><url>
    <loc>https://geoconnex.us/iow/usbr/rise/locations/466</loc>
    <lastmod>2022-11-10T10:15:08Z</lastmod>
</url><url>
    <loc>https://geoconnex.us/iow/usbr/rise/locations/453</loc>
    <lastmod>2022-11-10T10:15:08Z</lastmod>
</url><url>
    <loc>https://geoconnex.us/iow/usbr/rise/locations/447</loc>
    <lastmod>2022-11-10T10:15:08Z</lastmod>
</url><url>
    <loc>https://geoconnex.us/iow/usbr/rise/locations/437</loc>
    <lastmod>2022-11-10T10:15:08Z</lastmod>
</url><url>
    <loc>https://geoconnex.us/iow/usbr/rise/locations/425</loc>
    <lastmod>2022-11-10T10:15:08Z</lastmod>
</url><url>
    <loc>https://geoconnex.us/iow/usbr/rise/locations/423</loc>
    <lastmod>2022-11-10T10:15:08Z</lastmod>
</url><url>
    <loc>https://geoconnex.us/iow/usbr/rise/locations/417</loc>
    <lastmod>2022-11-10T10:15:08Z</lastmod>
</url><url>
    <loc>https://geoconnex.us/iow/usbr/rise/locations/416</loc>
    <lastmod>2022-11-10T10:15:08Z</lastmod>
</url><url>
    <loc>https://geoconnex.us/iow/usbr/rise/locations/411</loc>
    <lastmod>2022-11-10T10:15:08Z</lastmod>
</url><url>
    <loc>https://geoconnex.us/iow/usbr/rise/locations/410</loc>
    <lastmod>2022-11-10T10:15:08Z</lastmod>
</url><url>
    <loc>https://geoconnex.us/iow/usbr/rise/locations/400</loc>
    <lastmod>2022-11-10T10:15:08Z</lastmod>
</url><url>
    <loc>https://geoconnex.us/iow/usbr/rise/locations/395</loc>
    <lastmod>2022-11-10T10:15:08Z</lastmod>
</url><url>
    <loc>https://geoconnex.us/iow/usbr/rise/locations/393</loc>
    <lastmod>2022-11-10T10:15:08Z</lastmod>
</url><url>
    <loc>https://geoconnex.us/iow/usbr/rise/locations/392</loc>
    <lastmod>2022-11-10T10:15:08Z</lastmod>
</url><url>
    <loc>https://geoconnex.us/iow/usbr/rise/locations/387</loc>
    <lastmod>2022-11-10T10:15:08Z</lastmod>
</url><url>
    <loc>https://geoconnex.us/iow/usbr/rise/locations/384</loc>
    <lastmod>2022-11-10T10:15:08Z</lastmod>
</url><url>
    <loc>https://geoconnex.us/iow/usbr/rise/locations/383</loc>
    <lastmod>2022-11-10T10:15:08Z</lastmod>
</url><url>
    <loc>https://geoconnex.us/iow/usbr/rise/locations/378</loc>
    <lastmod>2022-11-10T10:15:08Z</lastmod>
</url><url>
    <loc>https://geoconnex.us/iow/usbr/rise/locations/370</loc>
    <lastmod>2022-11-10T10:15:08Z</lastmod>
</url><url>
    <loc>https://geoconnex.us/iow/usbr/rise/locations/365</loc>
    <lastmod>2022-11-10T10:15:08Z</lastmod>
</url><url>
    <loc>https://geoconnex.us/iow/usbr/rise/locations/324</loc>
    <lastmod>2022-11-10T10:15:08Z</lastmod>
</url><url>
    <loc>https://geoconnex.us/iow/usbr/rise/locations/323</loc>
    <lastmod>2022-11-10T10:15:08Z</lastmod>
</url><url>
    <loc>https://geoconnex.us/iow/usbr/rise/locations/321</loc>
    <lastmod>2022-11-10T10:15:08Z</lastmod>
</url><url>
    <loc>https://geoconnex.us/iow/usbr/rise/locations/320</loc>
    <lastmod>2022-11-10T10:15:08Z</lastmod>
</url><url>
    <loc>https://geoconnex.us/iow/usbr/rise/locations/319</loc>
    <lastmod>2022-11-10T10:15:08Z</lastmod>
</url><url>
    <loc>https://geoconnex.us/iow/usbr/rise/locations/314</loc>
    <lastmod>2022-11-10T10:15:08Z</lastmod>
</url><url>
    <loc>https://geoconnex.us/iow/usbr/rise/locations/310</loc>
    <lastmod>2022-11-10T10:15:08Z</lastmod>
</url><url>
    <loc>https://geoconnex.us/iow/usbr/rise/locations/305</loc>
    <lastmod>2022-11-10T10:15:08Z</lastmod>
</url><url>
    <loc>https://geoconnex.us/iow/usbr/rise/locations/289</loc>
    <lastmod>2022-11-10T10:15:08Z</lastmod>
</url><url>
    <loc>https://geoconnex.us/iow/usbr/rise/locations/286</loc>
    <lastmod>2022-11-10T10:15:08Z</lastmod>
</url><url>
    <loc>https://geoconnex.us/iow/usbr/rise/locations/277</loc>
    <lastmod>2022-11-10T10:15:08Z</lastmod>
</url><url>
    <loc>https://geoconnex.us/iow/usbr/rise/locations/422</loc>
    <lastmod>2022-11-10T10:15:08Z</lastmod>
</url><url>
    <loc>https://geoconnex.us/iow/usbr/rise/locations/413</loc>
    <lastmod>2022-11-10T10:15:08Z</lastmod>
</url><url>
    <loc>https://geoconnex.us/iow/usbr/rise/locations/397</loc>
    <lastmod>2022-11-10T10:15:08Z</lastmod>
</url><url>
    <loc>https://geoconnex.us/iow/usbr/rise/locations/292</loc>
    <lastmod>2022-11-10T10:15:08Z</lastmod>
</url><url>
    <loc>https://geoconnex.us/iow/usbr/rise/locations/272</loc>
    <lastmod>2022-11-10T10:15:08Z</lastmod>
</url><url>
    <loc>https://geoconnex.us/iow/usbr/rise/locations/6</loc>
    <lastmod>2022-11-10T10:15:08Z</lastmod>
</url></ns0:urlset>