<?xml version='1.0' encoding='utf-8'?>
<ns0:urlset xmlns:ns0="http://www.sitemaps.org/schemas/sitemap/0.9">
<url>
    <loc>https://geoconnex.us/ref/sec_hydrg_reg/S53</loc>
    <lastmod>2022-04-08T14:10:01Z</lastmod>
</url><url>
    <loc>https://geoconnex.us/ref/sec_hydrg_reg/S50</loc>
    <lastmod>2022-04-08T14:10:01Z</lastmod>
</url><url>
    <loc>https://geoconnex.us/ref/sec_hydrg_reg/S38</loc>
    <lastmod>2022-04-08T14:10:01Z</lastmod>
</url><url>
    <loc>https://geoconnex.us/ref/sec_hydrg_reg/S13</loc>
    <lastmod>2022-04-08T14:10:01Z</lastmod>
</url><url>
    <loc>https://geoconnex.us/ref/sec_hydrg_reg/S28</loc>
    <lastmod>2022-04-08T14:10:01Z</lastmod>
</url><url>
    <loc>https://geoconnex.us/ref/sec_hydrg_reg/S27</loc>
    <lastmod>2022-04-08T14:10:01Z</lastmod>
</url><url>
    <loc>https://geoconnex.us/ref/sec_hydrg_reg/S12</loc>
    <lastmod>2022-04-08T14:10:01Z</lastmod>
</url><url>
    <loc>https://geoconnex.us/ref/sec_hydrg_reg/S47</loc>
    <lastmod>2022-04-08T14:10:01Z</lastmod>
</url><url>
    <loc>https://geoconnex.us/ref/sec_hydrg_reg/S61</loc>
    <lastmod>2022-04-08T14:10:01Z</lastmod>
</url><url>
    <loc>https://geoconnex.us/ref/sec_hydrg_reg/S59</loc>
    <lastmod>2022-04-08T14:10:01Z</lastmod>
</url><url>
    <loc>https://geoconnex.us/ref/sec_hydrg_reg/S58</loc>
    <lastmod>2022-04-08T14:10:01Z</lastmod>
</url><url>
    <loc>https://geoconnex.us/ref/sec_hydrg_reg/S08</loc>
    <lastmod>2022-04-08T14:10:01Z</lastmod>
</url><url>
    <loc>https://geoconnex.us/ref/sec_hydrg_reg/S32</loc>
    <lastmod>2022-04-08T14:10:01Z</lastmod>
</url><url>
    <loc>https://geoconnex.us/ref/sec_hydrg_reg/S45</loc>
    <lastmod>2022-04-08T14:10:01Z</lastmod>
</url><url>
    <loc>https://geoconnex.us/ref/sec_hydrg_reg/S69</loc>
    <lastmod>2022-04-08T14:10:01Z</lastmod>
</url><url>
    <loc>https://geoconnex.us/ref/sec_hydrg_reg/S68</loc>
    <lastmod>2022-04-08T14:10:01Z</lastmod>
</url><url>
    <loc>https://geoconnex.us/ref/sec_hydrg_reg/S29</loc>
    <lastmod>2022-04-08T14:10:01Z</lastmod>
</url><url>
    <loc>https://geoconnex.us/ref/sec_hydrg_reg/S14</loc>
    <lastmod>2022-04-08T14:10:01Z</lastmod>
</url><url>
    <loc>https://geoconnex.us/ref/sec_hydrg_reg/S66</loc>
    <lastmod>2022-04-08T14:10:01Z</lastmod>
</url><url>
    <loc>https://geoconnex.us/ref/sec_hydrg_reg/S56</loc>
    <lastmod>2022-04-08T14:10:01Z</lastmod>
</url><url>
    <loc>https://geoconnex.us/ref/sec_hydrg_reg/S57</loc>
    <lastmod>2022-04-08T14:10:01Z</lastmod>
</url><url>
    <loc>https://geoconnex.us/ref/sec_hydrg_reg/S52</loc>
    <lastmod>2022-04-08T14:10:01Z</lastmod>
</url><url>
    <loc>https://geoconnex.us/ref/sec_hydrg_reg/S34</loc>
    <lastmod>2022-04-08T14:10:01Z</lastmod>
</url><url>
    <loc>https://geoconnex.us/ref/sec_hydrg_reg/S33</loc>
    <lastmod>2022-04-08T14:10:01Z</lastmod>
</url><url>
    <loc>https://geoconnex.us/ref/sec_hydrg_reg/S07</loc>
    <lastmod>2022-04-08T14:10:01Z</lastmod>
</url><url>
    <loc>https://geoconnex.us/ref/sec_hydrg_reg/S44</loc>
    <lastmod>2022-04-08T14:10:01Z</lastmod>
</url><url>
    <loc>https://geoconnex.us/ref/sec_hydrg_reg/S05</loc>
    <lastmod>2022-04-08T14:10:01Z</lastmod>
</url><url>
    <loc>https://geoconnex.us/ref/sec_hydrg_reg/S65</loc>
    <lastmod>2022-04-08T14:10:01Z</lastmod>
</url><url>
    <loc>https://geoconnex.us/ref/sec_hydrg_reg/S22</loc>
    <lastmod>2022-04-08T14:10:01Z</lastmod>
</url><url>
    <loc>https://geoconnex.us/ref/sec_hydrg_reg/S23</loc>
    <lastmod>2022-04-08T14:10:01Z</lastmod>
</url><url>
    <loc>https://geoconnex.us/ref/sec_hydrg_reg/S21</loc>
    <lastmod>2022-04-08T14:10:01Z</lastmod>
</url><url>
    <loc>https://geoconnex.us/ref/sec_hydrg_reg/S06</loc>
    <lastmod>2022-04-08T14:10:01Z</lastmod>
</url><url>
    <loc>https://geoconnex.us/ref/sec_hydrg_reg/S54</loc>
    <lastmod>2022-04-08T14:10:01Z</lastmod>
</url><url>
    <loc>https://geoconnex.us/ref/sec_hydrg_reg/S60</loc>
    <lastmod>2022-04-08T14:10:01Z</lastmod>
</url><url>
    <loc>https://geoconnex.us/ref/sec_hydrg_reg/S49</loc>
    <lastmod>2022-04-08T14:10:01Z</lastmod>
</url><url>
    <loc>https://geoconnex.us/ref/sec_hydrg_reg/S48</loc>
    <lastmod>2022-04-08T14:10:01Z</lastmod>
</url><url>
    <loc>https://geoconnex.us/ref/sec_hydrg_reg/S55</loc>
    <lastmod>2022-04-08T14:10:01Z</lastmod>
</url><url>
    <loc>https://geoconnex.us/ref/sec_hydrg_reg/S04</loc>
    <lastmod>2022-04-08T14:10:01Z</lastmod>
</url><url>
    <loc>https://geoconnex.us/ref/sec_hydrg_reg/S20</loc>
    <lastmod>2022-04-08T14:10:01Z</lastmod>
</url><url>
    <loc>https://geoconnex.us/ref/sec_hydrg_reg/S18</loc>
    <lastmod>2022-04-08T14:10:01Z</lastmod>
</url><url>
    <loc>https://geoconnex.us/ref/sec_hydrg_reg/S19</loc>
    <lastmod>2022-04-08T14:10:01Z</lastmod>
</url><url>
    <loc>https://geoconnex.us/ref/sec_hydrg_reg/S17</loc>
    <lastmod>2022-04-08T14:10:01Z</lastmod>
</url><url>
    <loc>https://geoconnex.us/ref/sec_hydrg_reg/S35</loc>
    <lastmod>2022-04-08T14:10:01Z</lastmod>
</url><url>
    <loc>https://geoconnex.us/ref/sec_hydrg_reg/S63</loc>
    <lastmod>2022-04-08T14:10:01Z</lastmod>
</url><url>
    <loc>https://geoconnex.us/ref/sec_hydrg_reg/S51</loc>
    <lastmod>2022-04-08T14:10:01Z</lastmod>
</url><url>
    <loc>https://geoconnex.us/ref/sec_hydrg_reg/S37</loc>
    <lastmod>2022-04-08T14:10:01Z</lastmod>
</url><url>
    <loc>https://geoconnex.us/ref/sec_hydrg_reg/S36</loc>
    <lastmod>2022-04-08T14:10:01Z</lastmod>
</url><url>
    <loc>https://geoconnex.us/ref/sec_hydrg_reg/S11</loc>
    <lastmod>2022-04-08T14:10:01Z</lastmod>
</url><url>
    <loc>https://geoconnex.us/ref/sec_hydrg_reg/S31</loc>
    <lastmod>2022-04-08T14:10:01Z</lastmod>
</url><url>
    <loc>https://geoconnex.us/ref/sec_hydrg_reg/S16</loc>
    <lastmod>2022-04-08T14:10:01Z</lastmod>
</url><url>
    <loc>https://geoconnex.us/ref/sec_hydrg_reg/S10</loc>
    <lastmod>2022-04-08T14:10:01Z</lastmod>
</url><url>
    <loc>https://geoconnex.us/ref/sec_hydrg_reg/S67</loc>
    <lastmod>2022-04-08T14:10:01Z</lastmod>
</url><url>
    <loc>https://geoconnex.us/ref/sec_hydrg_reg/S09</loc>
    <lastmod>2022-04-08T14:10:01Z</lastmod>
</url><url>
    <loc>https://geoconnex.us/ref/sec_hydrg_reg/S25</loc>
    <lastmod>2022-04-08T14:10:01Z</lastmod>
</url><url>
    <loc>https://geoconnex.us/ref/sec_hydrg_reg/S26</loc>
    <lastmod>2022-04-08T14:10:01Z</lastmod>
</url><url>
    <loc>https://geoconnex.us/ref/sec_hydrg_reg/S24</loc>
    <lastmod>2022-04-08T14:10:01Z</lastmod>
</url><url>
    <loc>https://geoconnex.us/ref/sec_hydrg_reg/S40</loc>
    <lastmod>2022-04-08T14:10:01Z</lastmod>
</url><url>
    <loc>https://geoconnex.us/ref/sec_hydrg_reg/S64</loc>
    <lastmod>2022-04-08T14:10:01Z</lastmod>
</url><url>
    <loc>https://geoconnex.us/ref/sec_hydrg_reg/S41</loc>
    <lastmod>2022-04-08T14:10:01Z</lastmod>
</url><url>
    <loc>https://geoconnex.us/ref/sec_hydrg_reg/S39</loc>
    <lastmod>2022-04-08T14:10:01Z</lastmod>
</url><url>
    <loc>https://geoconnex.us/ref/sec_hydrg_reg/S46</loc>
    <lastmod>2022-04-08T14:10:01Z</lastmod>
</url><url>
    <loc>https://geoconnex.us/ref/sec_hydrg_reg/S30</loc>
    <lastmod>2022-04-08T14:10:01Z</lastmod>
</url><url>
    <loc>https://geoconnex.us/ref/sec_hydrg_reg/S01</loc>
    <lastmod>2022-04-08T14:10:01Z</lastmod>
</url><url>
    <loc>https://geoconnex.us/ref/sec_hydrg_reg/S02</loc>
    <lastmod>2022-04-08T14:10:01Z</lastmod>
</url><url>
    <loc>https://geoconnex.us/ref/sec_hydrg_reg/S43</loc>
    <lastmod>2022-04-08T14:10:01Z</lastmod>
</url><url>
    <loc>https://geoconnex.us/ref/sec_hydrg_reg/S42</loc>
    <lastmod>2022-04-08T14:10:01Z</lastmod>
</url><url>
    <loc>https://geoconnex.us/ref/sec_hydrg_reg/S15</loc>
    <lastmod>2022-04-08T14:10:01Z</lastmod>
</url><url>
    <loc>https://geoconnex.us/ref/sec_hydrg_reg/S62</loc>
    <lastmod>2022-04-08T14:10:01Z</lastmod>
</url></ns0:urlset>