<?xml version='1.0' encoding='utf-8'?>
<ns0:urlset xmlns:ns0="http://www.sitemaps.org/schemas/sitemap/0.9">
<url>
    <loc>https://geoconnex.us/ref/hu04/0315</loc>
    <lastmod>2021-11-03T12:58:17Z</lastmod>
</url><url>
    <loc>https://geoconnex.us/ref/hu04/0314</loc>
    <lastmod>2021-11-03T12:58:17Z</lastmod>
</url><url>
    <loc>https://geoconnex.us/ref/hu04/0316</loc>
    <lastmod>2021-11-03T12:58:17Z</lastmod>
</url><url>
    <loc>https://geoconnex.us/ref/hu04/0603</loc>
    <lastmod>2021-11-03T12:58:17Z</lastmod>
</url><url>
    <loc>https://geoconnex.us/ref/hu04/0802</loc>
    <lastmod>2021-11-03T12:58:17Z</lastmod>
</url><url>
    <loc>https://geoconnex.us/ref/hu04/1101</loc>
    <lastmod>2021-11-03T12:58:17Z</lastmod>
</url><url>
    <loc>https://geoconnex.us/ref/hu04/1111</loc>
    <lastmod>2021-11-03T12:58:17Z</lastmod>
</url><url>
    <loc>https://geoconnex.us/ref/hu04/2203</loc>
    <lastmod>2021-11-03T12:58:17Z</lastmod>
</url><url>
    <loc>https://geoconnex.us/ref/hu04/1503</loc>
    <lastmod>2021-11-03T12:58:17Z</lastmod>
</url><url>
    <loc>https://geoconnex.us/ref/hu04/1506</loc>
    <lastmod>2021-11-03T12:58:17Z</lastmod>
</url><url>
    <loc>https://geoconnex.us/ref/hu04/1507</loc>
    <lastmod>2021-11-03T12:58:17Z</lastmod>
</url><url>
    <loc>https://geoconnex.us/ref/hu04/1505</loc>
    <lastmod>2021-11-03T12:58:17Z</lastmod>
</url><url>
    <loc>https://geoconnex.us/ref/hu04/1508</loc>
    <lastmod>2021-11-03T12:58:17Z</lastmod>
</url><url>
    <loc>https://geoconnex.us/ref/hu04/1502</loc>
    <lastmod>2021-11-03T12:58:17Z</lastmod>
</url><url>
    <loc>https://geoconnex.us/ref/hu04/1501</loc>
    <lastmod>2021-11-03T12:58:17Z</lastmod>
</url><url>
    <loc>https://geoconnex.us/ref/hu04/1407</loc>
    <lastmod>2021-11-03T12:58:17Z</lastmod>
</url><url>
    <loc>https://geoconnex.us/ref/hu04/1801</loc>
    <lastmod>2021-11-03T12:58:17Z</lastmod>
</url><url>
    <loc>https://geoconnex.us/ref/hu04/1802</loc>
    <lastmod>2021-11-03T12:58:17Z</lastmod>
</url><url>
    <loc>https://geoconnex.us/ref/hu04/1803</loc>
    <lastmod>2021-11-03T12:58:17Z</lastmod>
</url><url>
    <loc>https://geoconnex.us/ref/hu04/1804</loc>
    <lastmod>2021-11-03T12:58:17Z</lastmod>
</url><url>
    <loc>https://geoconnex.us/ref/hu04/1805</loc>
    <lastmod>2021-11-03T12:58:17Z</lastmod>
</url><url>
    <loc>https://geoconnex.us/ref/hu04/1806</loc>
    <lastmod>2021-11-03T12:58:17Z</lastmod>
</url><url>
    <loc>https://geoconnex.us/ref/hu04/1807</loc>
    <lastmod>2021-11-03T12:58:17Z</lastmod>
</url><url>
    <loc>https://geoconnex.us/ref/hu04/1809</loc>
    <lastmod>2021-11-03T12:58:17Z</lastmod>
</url><url>
    <loc>https://geoconnex.us/ref/hu04/1810</loc>
    <lastmod>2021-11-03T12:58:17Z</lastmod>
</url><url>
    <loc>https://geoconnex.us/ref/hu04/1606</loc>
    <lastmod>2021-11-03T12:58:17Z</lastmod>
</url><url>
    <loc>https://geoconnex.us/ref/hu04/1808</loc>
    <lastmod>2021-11-03T12:58:17Z</lastmod>
</url><url>
    <loc>https://geoconnex.us/ref/hu04/0101</loc>
    <lastmod>2021-11-03T12:58:17Z</lastmod>
</url><url>
    <loc>https://geoconnex.us/ref/hu04/1102</loc>
    <lastmod>2021-11-03T12:58:17Z</lastmod>
</url><url>
    <loc>https://geoconnex.us/ref/hu04/1401</loc>
    <lastmod>2021-11-03T12:58:17Z</lastmod>
</url><url>
    <loc>https://geoconnex.us/ref/hu04/1402</loc>
    <lastmod>2021-11-03T12:58:17Z</lastmod>
</url><url>
    <loc>https://geoconnex.us/ref/hu04/1025</loc>
    <lastmod>2021-11-03T12:58:17Z</lastmod>
</url><url>
    <loc>https://geoconnex.us/ref/hu04/1019</loc>
    <lastmod>2021-11-03T12:58:17Z</lastmod>
</url><url>
    <loc>https://geoconnex.us/ref/hu04/1018</loc>
    <lastmod>2021-11-03T12:58:17Z</lastmod>
</url><url>
    <loc>https://geoconnex.us/ref/hu04/1403</loc>
    <lastmod>2021-11-03T12:58:17Z</lastmod>
</url><url>
    <loc>https://geoconnex.us/ref/hu04/1405</loc>
    <lastmod>2021-11-03T12:58:17Z</lastmod>
</url><url>
    <loc>https://geoconnex.us/ref/hu04/0108</loc>
    <lastmod>2021-11-03T12:58:17Z</lastmod>
</url><url>
    <loc>https://geoconnex.us/ref/hu04/0110</loc>
    <lastmod>2021-11-03T12:58:17Z</lastmod>
</url><url>
    <loc>https://geoconnex.us/ref/hu04/0308</loc>
    <lastmod>2021-11-03T12:58:17Z</lastmod>
</url><url>
    <loc>https://geoconnex.us/ref/hu04/0309</loc>
    <lastmod>2021-11-03T12:58:17Z</lastmod>
</url><url>
    <loc>https://geoconnex.us/ref/hu04/0310</loc>
    <lastmod>2021-11-03T12:58:17Z</lastmod>
</url><url>
    <loc>https://geoconnex.us/ref/hu04/0311</loc>
    <lastmod>2021-11-03T12:58:17Z</lastmod>
</url><url>
    <loc>https://geoconnex.us/ref/hu04/0307</loc>
    <lastmod>2021-11-03T12:58:17Z</lastmod>
</url><url>
    <loc>https://geoconnex.us/ref/hu04/0312</loc>
    <lastmod>2021-11-03T12:58:17Z</lastmod>
</url><url>
    <loc>https://geoconnex.us/ref/hu04/0313</loc>
    <lastmod>2021-11-03T12:58:17Z</lastmod>
</url><url>
    <loc>https://geoconnex.us/ref/hu04/0306</loc>
    <lastmod>2021-11-03T12:58:17Z</lastmod>
</url><url>
    <loc>https://geoconnex.us/ref/hu04/0602</loc>
    <lastmod>2021-11-03T12:58:17Z</lastmod>
</url><url>
    <loc>https://geoconnex.us/ref/hu04/2201</loc>
    <lastmod>2021-11-03T12:58:17Z</lastmod>
</url><url>
    <loc>https://geoconnex.us/ref/hu04/2001</loc>
    <lastmod>2021-11-03T12:58:17Z</lastmod>
</url><url>
    <loc>https://geoconnex.us/ref/hu04/2002</loc>
    <lastmod>2021-11-03T12:58:17Z</lastmod>
</url><url>
    <loc>https://geoconnex.us/ref/hu04/2003</loc>
    <lastmod>2021-11-03T12:58:17Z</lastmod>
</url><url>
    <loc>https://geoconnex.us/ref/hu04/2004</loc>
    <lastmod>2021-11-03T12:58:17Z</lastmod>
</url><url>
    <loc>https://geoconnex.us/ref/hu04/2005</loc>
    <lastmod>2021-11-03T12:58:17Z</lastmod>
</url><url>
    <loc>https://geoconnex.us/ref/hu04/2006</loc>
    <lastmod>2021-11-03T12:58:17Z</lastmod>
</url><url>
    <loc>https://geoconnex.us/ref/hu04/2007</loc>
    <lastmod>2021-11-03T12:58:17Z</lastmod>
</url><url>
    <loc>https://geoconnex.us/ref/hu04/2008</loc>
    <lastmod>2021-11-03T12:58:17Z</lastmod>
</url><url>
    <loc>https://geoconnex.us/ref/hu04/0706</loc>
    <lastmod>2021-11-03T12:58:17Z</lastmod>
</url><url>
    <loc>https://geoconnex.us/ref/hu04/0710</loc>
    <lastmod>2021-11-03T12:58:17Z</lastmod>
</url><url>
    <loc>https://geoconnex.us/ref/hu04/1023</loc>
    <lastmod>2021-11-03T12:58:17Z</lastmod>
</url><url>
    <loc>https://geoconnex.us/ref/hu04/0713</loc>
    <lastmod>2021-11-03T12:58:17Z</lastmod>
</url><url>
    <loc>https://geoconnex.us/ref/hu04/0708</loc>
    <lastmod>2021-11-03T12:58:17Z</lastmod>
</url><url>
    <loc>https://geoconnex.us/ref/hu04/0712</loc>
    <lastmod>2021-11-03T12:58:17Z</lastmod>
</url><url>
    <loc>https://geoconnex.us/ref/hu04/0711</loc>
    <lastmod>2021-11-03T12:58:17Z</lastmod>
</url><url>
    <loc>https://geoconnex.us/ref/hu04/0714</loc>
    <lastmod>2021-11-03T12:58:17Z</lastmod>
</url><url>
    <loc>https://geoconnex.us/ref/hu04/0709</loc>
    <lastmod>2021-11-03T12:58:17Z</lastmod>
</url><url>
    <loc>https://geoconnex.us/ref/hu04/0404</loc>
    <lastmod>2021-11-03T12:58:17Z</lastmod>
</url><url>
    <loc>https://geoconnex.us/ref/hu04/0512</loc>
    <lastmod>2021-11-03T12:58:17Z</lastmod>
</url><url>
    <loc>https://geoconnex.us/ref/hu04/0405</loc>
    <lastmod>2021-11-03T12:58:17Z</lastmod>
</url><url>
    <loc>https://geoconnex.us/ref/hu04/1027</loc>
    <lastmod>2021-11-03T12:58:17Z</lastmod>
</url><url>
    <loc>https://geoconnex.us/ref/hu04/1103</loc>
    <lastmod>2021-11-03T12:58:17Z</lastmod>
</url><url>
    <loc>https://geoconnex.us/ref/hu04/1026</loc>
    <lastmod>2021-11-03T12:58:17Z</lastmod>
</url><url>
    <loc>https://geoconnex.us/ref/hu04/0510</loc>
    <lastmod>2021-11-03T12:58:17Z</lastmod>
</url><url>
    <loc>https://geoconnex.us/ref/hu04/0511</loc>
    <lastmod>2021-11-03T12:58:17Z</lastmod>
</url><url>
    <loc>https://geoconnex.us/ref/hu04/0514</loc>
    <lastmod>2021-11-03T12:58:17Z</lastmod>
</url><url>
    <loc>https://geoconnex.us/ref/hu04/0805</loc>
    <lastmod>2021-11-03T12:58:17Z</lastmod>
</url><url>
    <loc>https://geoconnex.us/ref/hu04/0807</loc>
    <lastmod>2021-11-03T12:58:17Z</lastmod>
</url><url>
    <loc>https://geoconnex.us/ref/hu04/0809</loc>
    <lastmod>2021-11-03T12:58:17Z</lastmod>
</url><url>
    <loc>https://geoconnex.us/ref/hu04/0804</loc>
    <lastmod>2021-11-03T12:58:17Z</lastmod>
</url><url>
    <loc>https://geoconnex.us/ref/hu04/0806</loc>
    <lastmod>2021-11-03T12:58:17Z</lastmod>
</url><url>
    <loc>https://geoconnex.us/ref/hu04/0803</loc>
    <lastmod>2021-11-03T12:58:17Z</lastmod>
</url><url>
    <loc>https://geoconnex.us/ref/hu04/0107</loc>
    <lastmod>2021-11-03T12:58:17Z</lastmod>
</url><url>
    <loc>https://geoconnex.us/ref/hu04/0206</loc>
    <lastmod>2021-11-03T12:58:17Z</lastmod>
</url><url>
    <loc>https://geoconnex.us/ref/hu04/0207</loc>
    <lastmod>2021-11-03T12:58:17Z</lastmod>
</url><url>
    <loc>https://geoconnex.us/ref/hu04/0105</loc>
    <lastmod>2021-11-03T12:58:17Z</lastmod>
</url><url>
    <loc>https://geoconnex.us/ref/hu04/0103</loc>
    <lastmod>2021-11-03T12:58:17Z</lastmod>
</url><url>
    <loc>https://geoconnex.us/ref/hu04/0104</loc>
    <lastmod>2021-11-03T12:58:17Z</lastmod>
</url><url>
    <loc>https://geoconnex.us/ref/hu04/0402</loc>
    <lastmod>2021-11-03T12:58:17Z</lastmod>
</url><url>
    <loc>https://geoconnex.us/ref/hu04/0406</loc>
    <lastmod>2021-11-03T12:58:17Z</lastmod>
</url><url>
    <loc>https://geoconnex.us/ref/hu04/0407</loc>
    <lastmod>2021-11-03T12:58:17Z</lastmod>
</url><url>
    <loc>https://geoconnex.us/ref/hu04/0409</loc>
    <lastmod>2021-11-03T12:58:17Z</lastmod>
</url><url>
    <loc>https://geoconnex.us/ref/hu04/0408</loc>
    <lastmod>2021-11-03T12:58:17Z</lastmod>
</url><url>
    <loc>https://geoconnex.us/ref/hu04/0701</loc>
    <lastmod>2021-11-03T12:58:17Z</lastmod>
</url><url>
    <loc>https://geoconnex.us/ref/hu04/0903</loc>
    <lastmod>2021-11-03T12:58:17Z</lastmod>
</url><url>
    <loc>https://geoconnex.us/ref/hu04/0702</loc>
    <lastmod>2021-11-03T12:58:17Z</lastmod>
</url><url>
    <loc>https://geoconnex.us/ref/hu04/0902</loc>
    <lastmod>2021-11-03T12:58:17Z</lastmod>
</url><url>
    <loc>https://geoconnex.us/ref/hu04/0704</loc>
    <lastmod>2021-11-03T12:58:17Z</lastmod>
</url><url>
    <loc>https://geoconnex.us/ref/hu04/1028</loc>
    <lastmod>2021-11-03T12:58:17Z</lastmod>
</url><url>
    <loc>https://geoconnex.us/ref/hu04/1029</loc>
    <lastmod>2021-11-03T12:58:17Z</lastmod>
</url><url>
    <loc>https://geoconnex.us/ref/hu04/1030</loc>
    <lastmod>2021-11-03T12:58:17Z</lastmod>
</url><url>
    <loc>https://geoconnex.us/ref/hu04/1024</loc>
    <lastmod>2021-11-03T12:58:17Z</lastmod>
</url><url>
    <loc>https://geoconnex.us/ref/hu04/2202</loc>
    <lastmod>2021-11-03T12:58:17Z</lastmod>
</url><url>
    <loc>https://geoconnex.us/ref/hu04/0317</loc>
    <lastmod>2021-11-03T12:58:17Z</lastmod>
</url><url>
    <loc>https://geoconnex.us/ref/hu04/0318</loc>
    <lastmod>2021-11-03T12:58:17Z</lastmod>
</url><url>
    <loc>https://geoconnex.us/ref/hu04/0904</loc>
    <lastmod>2021-11-03T12:58:17Z</lastmod>
</url><url>
    <loc>https://geoconnex.us/ref/hu04/1002</loc>
    <lastmod>2021-11-03T12:58:17Z</lastmod>
</url><url>
    <loc>https://geoconnex.us/ref/hu04/1003</loc>
    <lastmod>2021-11-03T12:58:17Z</lastmod>
</url><url>
    <loc>https://geoconnex.us/ref/hu04/1004</loc>
    <lastmod>2021-11-03T12:58:17Z</lastmod>
</url><url>
    <loc>https://geoconnex.us/ref/hu04/1005</loc>
    <lastmod>2021-11-03T12:58:17Z</lastmod>
</url><url>
    <loc>https://geoconnex.us/ref/hu04/1010</loc>
    <lastmod>2021-11-03T12:58:17Z</lastmod>
</url><url>
    <loc>https://geoconnex.us/ref/hu04/1006</loc>
    <lastmod>2021-11-03T12:58:17Z</lastmod>
</url><url>
    <loc>https://geoconnex.us/ref/hu04/1011</loc>
    <lastmod>2021-11-03T12:58:17Z</lastmod>
</url><url>
    <loc>https://geoconnex.us/ref/hu04/0302</loc>
    <lastmod>2021-11-03T12:58:17Z</lastmod>
</url><url>
    <loc>https://geoconnex.us/ref/hu04/0303</loc>
    <lastmod>2021-11-03T12:58:17Z</lastmod>
</url><url>
    <loc>https://geoconnex.us/ref/hu04/0601</loc>
    <lastmod>2021-11-03T12:58:17Z</lastmod>
</url><url>
    <loc>https://geoconnex.us/ref/hu04/0301</loc>
    <lastmod>2021-11-03T12:58:17Z</lastmod>
</url><url>
    <loc>https://geoconnex.us/ref/hu04/0505</loc>
    <lastmod>2021-11-03T12:58:17Z</lastmod>
</url><url>
    <loc>https://geoconnex.us/ref/hu04/0901</loc>
    <lastmod>2021-11-03T12:58:17Z</lastmod>
</url><url>
    <loc>https://geoconnex.us/ref/hu04/1015</loc>
    <lastmod>2021-11-03T12:58:17Z</lastmod>
</url><url>
    <loc>https://geoconnex.us/ref/hu04/1020</loc>
    <lastmod>2021-11-03T12:58:17Z</lastmod>
</url><url>
    <loc>https://geoconnex.us/ref/hu04/1021</loc>
    <lastmod>2021-11-03T12:58:17Z</lastmod>
</url><url>
    <loc>https://geoconnex.us/ref/hu04/1022</loc>
    <lastmod>2021-11-03T12:58:17Z</lastmod>
</url><url>
    <loc>https://geoconnex.us/ref/hu04/1017</loc>
    <lastmod>2021-11-03T12:58:17Z</lastmod>
</url><url>
    <loc>https://geoconnex.us/ref/hu04/1012</loc>
    <lastmod>2021-11-03T12:58:17Z</lastmod>
</url><url>
    <loc>https://geoconnex.us/ref/hu04/0106</loc>
    <lastmod>2021-11-03T12:58:17Z</lastmod>
</url><url>
    <loc>https://geoconnex.us/ref/hu04/0202</loc>
    <lastmod>2021-11-03T12:58:17Z</lastmod>
</url><url>
    <loc>https://geoconnex.us/ref/hu04/1108</loc>
    <lastmod>2021-11-03T12:58:17Z</lastmod>
</url><url>
    <loc>https://geoconnex.us/ref/hu04/1302</loc>
    <lastmod>2021-11-03T12:58:17Z</lastmod>
</url><url>
    <loc>https://geoconnex.us/ref/hu04/1303</loc>
    <lastmod>2021-11-03T12:58:17Z</lastmod>
</url><url>
    <loc>https://geoconnex.us/ref/hu04/1306</loc>
    <lastmod>2021-11-03T12:58:17Z</lastmod>
</url><url>
    <loc>https://geoconnex.us/ref/hu04/1504</loc>
    <lastmod>2021-11-03T12:58:17Z</lastmod>
</url><url>
    <loc>https://geoconnex.us/ref/hu04/1301</loc>
    <lastmod>2021-11-03T12:58:17Z</lastmod>
</url><url>
    <loc>https://geoconnex.us/ref/hu04/1408</loc>
    <lastmod>2021-11-03T12:58:17Z</lastmod>
</url><url>
    <loc>https://geoconnex.us/ref/hu04/1104</loc>
    <lastmod>2021-11-03T12:58:17Z</lastmod>
</url><url>
    <loc>https://geoconnex.us/ref/hu04/1604</loc>
    <lastmod>2021-11-03T12:58:17Z</lastmod>
</url><url>
    <loc>https://geoconnex.us/ref/hu04/1605</loc>
    <lastmod>2021-11-03T12:58:17Z</lastmod>
</url><url>
    <loc>https://geoconnex.us/ref/hu04/0414</loc>
    <lastmod>2021-11-03T12:58:17Z</lastmod>
</url><url>
    <loc>https://geoconnex.us/ref/hu04/0203</loc>
    <lastmod>2021-11-03T12:58:17Z</lastmod>
</url><url>
    <loc>https://geoconnex.us/ref/hu04/0411</loc>
    <lastmod>2021-11-03T12:58:17Z</lastmod>
</url><url>
    <loc>https://geoconnex.us/ref/hu04/0504</loc>
    <lastmod>2021-11-03T12:58:17Z</lastmod>
</url><url>
    <loc>https://geoconnex.us/ref/hu04/0506</loc>
    <lastmod>2021-11-03T12:58:17Z</lastmod>
</url><url>
    <loc>https://geoconnex.us/ref/hu04/0508</loc>
    <lastmod>2021-11-03T12:58:17Z</lastmod>
</url><url>
    <loc>https://geoconnex.us/ref/hu04/0410</loc>
    <lastmod>2021-11-03T12:58:17Z</lastmod>
</url><url>
    <loc>https://geoconnex.us/ref/hu04/1105</loc>
    <lastmod>2021-11-03T12:58:17Z</lastmod>
</url><url>
    <loc>https://geoconnex.us/ref/hu04/1106</loc>
    <lastmod>2021-11-03T12:58:17Z</lastmod>
</url><url>
    <loc>https://geoconnex.us/ref/hu04/1107</loc>
    <lastmod>2021-11-03T12:58:17Z</lastmod>
</url><url>
    <loc>https://geoconnex.us/ref/hu04/1110</loc>
    <lastmod>2021-11-03T12:58:17Z</lastmod>
</url><url>
    <loc>https://geoconnex.us/ref/hu04/1112</loc>
    <lastmod>2021-11-03T12:58:17Z</lastmod>
</url><url>
    <loc>https://geoconnex.us/ref/hu04/1109</loc>
    <lastmod>2021-11-03T12:58:17Z</lastmod>
</url><url>
    <loc>https://geoconnex.us/ref/hu04/0501</loc>
    <lastmod>2021-11-03T12:58:17Z</lastmod>
</url><url>
    <loc>https://geoconnex.us/ref/hu04/0205</loc>
    <lastmod>2021-11-03T12:58:17Z</lastmod>
</url><url>
    <loc>https://geoconnex.us/ref/hu04/0413</loc>
    <lastmod>2021-11-03T12:58:17Z</lastmod>
</url><url>
    <loc>https://geoconnex.us/ref/hu04/2101</loc>
    <lastmod>2021-11-03T12:58:17Z</lastmod>
</url><url>
    <loc>https://geoconnex.us/ref/hu04/2102</loc>
    <lastmod>2021-11-03T12:58:17Z</lastmod>
</url><url>
    <loc>https://geoconnex.us/ref/hu04/0109</loc>
    <lastmod>2021-11-03T12:58:17Z</lastmod>
</url><url>
    <loc>https://geoconnex.us/ref/hu04/0305</loc>
    <lastmod>2021-11-03T12:58:17Z</lastmod>
</url><url>
    <loc>https://geoconnex.us/ref/hu04/0304</loc>
    <lastmod>2021-11-03T12:58:17Z</lastmod>
</url><url>
    <loc>https://geoconnex.us/ref/hu04/1013</loc>
    <lastmod>2021-11-03T12:58:17Z</lastmod>
</url><url>
    <loc>https://geoconnex.us/ref/hu04/1016</loc>
    <lastmod>2021-11-03T12:58:17Z</lastmod>
</url><url>
    <loc>https://geoconnex.us/ref/hu04/1014</loc>
    <lastmod>2021-11-03T12:58:17Z</lastmod>
</url><url>
    <loc>https://geoconnex.us/ref/hu04/0513</loc>
    <lastmod>2021-11-03T12:58:17Z</lastmod>
</url><url>
    <loc>https://geoconnex.us/ref/hu04/0604</loc>
    <lastmod>2021-11-03T12:58:17Z</lastmod>
</url><url>
    <loc>https://geoconnex.us/ref/hu04/0801</loc>
    <lastmod>2021-11-03T12:58:17Z</lastmod>
</url><url>
    <loc>https://geoconnex.us/ref/hu04/1202</loc>
    <lastmod>2021-11-03T12:58:17Z</lastmod>
</url><url>
    <loc>https://geoconnex.us/ref/hu04/1203</loc>
    <lastmod>2021-11-03T12:58:17Z</lastmod>
</url><url>
    <loc>https://geoconnex.us/ref/hu04/1204</loc>
    <lastmod>2021-11-03T12:58:17Z</lastmod>
</url><url>
    <loc>https://geoconnex.us/ref/hu04/1205</loc>
    <lastmod>2021-11-03T12:58:17Z</lastmod>
</url><url>
    <loc>https://geoconnex.us/ref/hu04/1206</loc>
    <lastmod>2021-11-03T12:58:17Z</lastmod>
</url><url>
    <loc>https://geoconnex.us/ref/hu04/1207</loc>
    <lastmod>2021-11-03T12:58:17Z</lastmod>
</url><url>
    <loc>https://geoconnex.us/ref/hu04/1208</loc>
    <lastmod>2021-11-03T12:58:17Z</lastmod>
</url><url>
    <loc>https://geoconnex.us/ref/hu04/1209</loc>
    <lastmod>2021-11-03T12:58:17Z</lastmod>
</url><url>
    <loc>https://geoconnex.us/ref/hu04/1210</loc>
    <lastmod>2021-11-03T12:58:17Z</lastmod>
</url><url>
    <loc>https://geoconnex.us/ref/hu04/1211</loc>
    <lastmod>2021-11-03T12:58:17Z</lastmod>
</url><url>
    <loc>https://geoconnex.us/ref/hu04/1304</loc>
    <lastmod>2021-11-03T12:58:17Z</lastmod>
</url><url>
    <loc>https://geoconnex.us/ref/hu04/1307</loc>
    <lastmod>2021-11-03T12:58:17Z</lastmod>
</url><url>
    <loc>https://geoconnex.us/ref/hu04/1114</loc>
    <lastmod>2021-11-03T12:58:17Z</lastmod>
</url><url>
    <loc>https://geoconnex.us/ref/hu04/1201</loc>
    <lastmod>2021-11-03T12:58:17Z</lastmod>
</url><url>
    <loc>https://geoconnex.us/ref/hu04/1309</loc>
    <lastmod>2021-11-03T12:58:17Z</lastmod>
</url><url>
    <loc>https://geoconnex.us/ref/hu04/1305</loc>
    <lastmod>2021-11-03T12:58:17Z</lastmod>
</url><url>
    <loc>https://geoconnex.us/ref/hu04/1113</loc>
    <lastmod>2021-11-03T12:58:17Z</lastmod>
</url><url>
    <loc>https://geoconnex.us/ref/hu04/1406</loc>
    <lastmod>2021-11-03T12:58:17Z</lastmod>
</url><url>
    <loc>https://geoconnex.us/ref/hu04/1602</loc>
    <lastmod>2021-11-03T12:58:17Z</lastmod>
</url><url>
    <loc>https://geoconnex.us/ref/hu04/1601</loc>
    <lastmod>2021-11-03T12:58:17Z</lastmod>
</url><url>
    <loc>https://geoconnex.us/ref/hu04/1603</loc>
    <lastmod>2021-11-03T12:58:17Z</lastmod>
</url><url>
    <loc>https://geoconnex.us/ref/hu04/0208</loc>
    <lastmod>2021-11-03T12:58:17Z</lastmod>
</url><url>
    <loc>https://geoconnex.us/ref/hu04/0507</loc>
    <lastmod>2021-11-03T12:58:17Z</lastmod>
</url><url>
    <loc>https://geoconnex.us/ref/hu04/0204</loc>
    <lastmod>2021-11-03T12:58:17Z</lastmod>
</url><url>
    <loc>https://geoconnex.us/ref/hu04/0403</loc>
    <lastmod>2021-11-03T12:58:17Z</lastmod>
</url><url>
    <loc>https://geoconnex.us/ref/hu04/0705</loc>
    <lastmod>2021-11-03T12:58:17Z</lastmod>
</url><url>
    <loc>https://geoconnex.us/ref/hu04/0707</loc>
    <lastmod>2021-11-03T12:58:17Z</lastmod>
</url><url>
    <loc>https://geoconnex.us/ref/hu04/0401</loc>
    <lastmod>2021-11-03T12:58:17Z</lastmod>
</url><url>
    <loc>https://geoconnex.us/ref/hu04/0703</loc>
    <lastmod>2021-11-03T12:58:17Z</lastmod>
</url><url>
    <loc>https://geoconnex.us/ref/hu04/0509</loc>
    <lastmod>2021-11-03T12:58:17Z</lastmod>
</url><url>
    <loc>https://geoconnex.us/ref/hu04/0502</loc>
    <lastmod>2021-11-03T12:58:17Z</lastmod>
</url><url>
    <loc>https://geoconnex.us/ref/hu04/0503</loc>
    <lastmod>2021-11-03T12:58:17Z</lastmod>
</url><url>
    <loc>https://geoconnex.us/ref/hu04/1404</loc>
    <lastmod>2021-11-03T12:58:17Z</lastmod>
</url><url>
    <loc>https://geoconnex.us/ref/hu04/1007</loc>
    <lastmod>2021-11-03T12:58:17Z</lastmod>
</url><url>
    <loc>https://geoconnex.us/ref/hu04/1008</loc>
    <lastmod>2021-11-03T12:58:17Z</lastmod>
</url><url>
    <loc>https://geoconnex.us/ref/hu04/1009</loc>
    <lastmod>2021-11-03T12:58:17Z</lastmod>
</url><url>
    <loc>https://geoconnex.us/ref/hu04/1710</loc>
    <lastmod>2021-11-03T12:58:17Z</lastmod>
</url><url>
    <loc>https://geoconnex.us/ref/hu04/1706</loc>
    <lastmod>2021-11-03T12:58:17Z</lastmod>
</url><url>
    <loc>https://geoconnex.us/ref/hu04/1701</loc>
    <lastmod>2021-11-03T12:58:17Z</lastmod>
</url><url>
    <loc>https://geoconnex.us/ref/hu04/1704</loc>
    <lastmod>2021-11-03T12:58:17Z</lastmod>
</url><url>
    <loc>https://geoconnex.us/ref/hu04/1705</loc>
    <lastmod>2021-11-03T12:58:17Z</lastmod>
</url><url>
    <loc>https://geoconnex.us/ref/hu04/1712</loc>
    <lastmod>2021-11-03T12:58:17Z</lastmod>
</url><url>
    <loc>https://geoconnex.us/ref/hu04/1707</loc>
    <lastmod>2021-11-03T12:58:17Z</lastmod>
</url><url>
    <loc>https://geoconnex.us/ref/hu04/1708</loc>
    <lastmod>2021-11-03T12:58:17Z</lastmod>
</url><url>
    <loc>https://geoconnex.us/ref/hu04/1702</loc>
    <lastmod>2021-11-03T12:58:17Z</lastmod>
</url><url>
    <loc>https://geoconnex.us/ref/hu04/1703</loc>
    <lastmod>2021-11-03T12:58:17Z</lastmod>
</url><url>
    <loc>https://geoconnex.us/ref/hu04/1711</loc>
    <lastmod>2021-11-03T12:58:17Z</lastmod>
</url><url>
    <loc>https://geoconnex.us/ref/hu04/1709</loc>
    <lastmod>2021-11-03T12:58:17Z</lastmod>
</url><url>
    <loc>https://geoconnex.us/ref/hu04/0808</loc>
    <lastmod>2021-11-03T12:58:17Z</lastmod>
</url><url>
    <loc>https://geoconnex.us/ref/hu04/0102</loc>
    <lastmod>2021-11-03T12:58:17Z</lastmod>
</url><url>
    <loc>https://geoconnex.us/ref/hu04/1308</loc>
    <lastmod>2021-11-03T12:58:17Z</lastmod>
</url><url>
    <loc>https://geoconnex.us/ref/hu04/0412</loc>
    <lastmod>2021-11-03T12:58:17Z</lastmod>
</url><url>
    <loc>https://geoconnex.us/ref/hu04/1901</loc>
    <lastmod>2021-11-03T12:58:17Z</lastmod>
</url><url>
    <loc>https://geoconnex.us/ref/hu04/1902</loc>
    <lastmod>2021-11-03T12:58:17Z</lastmod>
</url><url>
    <loc>https://geoconnex.us/ref/hu04/1903</loc>
    <lastmod>2021-11-03T12:58:17Z</lastmod>
</url><url>
    <loc>https://geoconnex.us/ref/hu04/1907</loc>
    <lastmod>2021-11-03T12:58:17Z</lastmod>
</url><url>
    <loc>https://geoconnex.us/ref/hu04/1909</loc>
    <lastmod>2021-11-03T12:58:17Z</lastmod>
</url><url>
    <loc>https://geoconnex.us/ref/hu04/1905</loc>
    <lastmod>2021-11-03T12:58:17Z</lastmod>
</url><url>
    <loc>https://geoconnex.us/ref/hu04/1908</loc>
    <lastmod>2021-11-03T12:58:17Z</lastmod>
</url><url>
    <loc>https://geoconnex.us/ref/hu04/1906</loc>
    <lastmod>2021-11-03T12:58:17Z</lastmod>
</url><url>
    <loc>https://geoconnex.us/ref/hu04/1310</loc>
    <lastmod>2021-11-03T12:58:17Z</lastmod>
</url><url>
    <loc>https://geoconnex.us/ref/hu04/1311</loc>
    <lastmod>2021-11-03T12:58:17Z</lastmod>
</url><url>
    <loc>https://geoconnex.us/ref/hu04/1312</loc>
    <lastmod>2021-11-03T12:58:17Z</lastmod>
</url><url>
    <loc>https://geoconnex.us/ref/hu04/0416</loc>
    <lastmod>2021-11-03T12:58:17Z</lastmod>
</url><url>
    <loc>https://geoconnex.us/ref/hu04/0433</loc>
    <lastmod>2021-11-03T12:58:17Z</lastmod>
</url><url>
    <loc>https://geoconnex.us/ref/hu04/0432</loc>
    <lastmod>2021-11-03T12:58:17Z</lastmod>
</url><url>
    <loc>https://geoconnex.us/ref/hu04/0417</loc>
    <lastmod>2021-11-03T12:58:17Z</lastmod>
</url><url>
    <loc>https://geoconnex.us/ref/hu04/0419</loc>
    <lastmod>2021-11-03T12:58:17Z</lastmod>
</url><url>
    <loc>https://geoconnex.us/ref/hu04/0420</loc>
    <lastmod>2021-11-03T12:58:17Z</lastmod>
</url><url>
    <loc>https://geoconnex.us/ref/hu04/0423</loc>
    <lastmod>2021-11-03T12:58:17Z</lastmod>
</url><url>
    <loc>https://geoconnex.us/ref/hu04/0422</loc>
    <lastmod>2021-11-03T12:58:17Z</lastmod>
</url><url>
    <loc>https://geoconnex.us/ref/hu04/0421</loc>
    <lastmod>2021-11-03T12:58:17Z</lastmod>
</url><url>
    <loc>https://geoconnex.us/ref/hu04/0425</loc>
    <lastmod>2021-11-03T12:58:17Z</lastmod>
</url><url>
    <loc>https://geoconnex.us/ref/hu04/0426</loc>
    <lastmod>2021-11-03T12:58:17Z</lastmod>
</url><url>
    <loc>https://geoconnex.us/ref/hu04/0424</loc>
    <lastmod>2021-11-03T12:58:17Z</lastmod>
</url><url>
    <loc>https://geoconnex.us/ref/hu04/0418</loc>
    <lastmod>2021-11-03T12:58:17Z</lastmod>
</url><url>
    <loc>https://geoconnex.us/ref/hu04/0427</loc>
    <lastmod>2021-11-03T12:58:17Z</lastmod>
</url><url>
    <loc>https://geoconnex.us/ref/hu04/0428</loc>
    <lastmod>2021-11-03T12:58:17Z</lastmod>
</url><url>
    <loc>https://geoconnex.us/ref/hu04/0429</loc>
    <lastmod>2021-11-03T12:58:17Z</lastmod>
</url><url>
    <loc>https://geoconnex.us/ref/hu04/0430</loc>
    <lastmod>2021-11-03T12:58:17Z</lastmod>
</url><url>
    <loc>https://geoconnex.us/ref/hu04/0431</loc>
    <lastmod>2021-11-03T12:58:17Z</lastmod>
</url><url>
    <loc>https://geoconnex.us/ref/hu04/2204</loc>
    <lastmod>2021-11-03T12:58:17Z</lastmod>
</url></ns0:urlset>