<?xml version='1.0' encoding='utf-8'?>
<ns0:urlset xmlns:ns0="http://www.sitemaps.org/schemas/sitemap/0.9">
<url>
    <loc>https://geoconnex.us/ref/states/12</loc>
    <lastmod>2022-07-14T14:34:10Z</lastmod>
</url><url>
    <loc>https://geoconnex.us/ref/states/78</loc>
    <lastmod>2022-07-14T14:34:10Z</lastmod>
</url><url>
    <loc>https://geoconnex.us/ref/states/30</loc>
    <lastmod>2022-07-14T14:34:10Z</lastmod>
</url><url>
    <loc>https://geoconnex.us/ref/states/27</loc>
    <lastmod>2022-07-14T14:34:10Z</lastmod>
</url><url>
    <loc>https://geoconnex.us/ref/states/24</loc>
    <lastmod>2022-07-14T14:34:10Z</lastmod>
</url><url>
    <loc>https://geoconnex.us/ref/states/45</loc>
    <lastmod>2022-07-14T14:34:10Z</lastmod>
</url><url>
    <loc>https://geoconnex.us/ref/states/23</loc>
    <lastmod>2022-07-14T14:34:10Z</lastmod>
</url><url>
    <loc>https://geoconnex.us/ref/states/15</loc>
    <lastmod>2022-07-14T14:34:10Z</lastmod>
</url><url>
    <loc>https://geoconnex.us/ref/states/11</loc>
    <lastmod>2022-07-14T14:34:10Z</lastmod>
</url><url>
    <loc>https://geoconnex.us/ref/states/69</loc>
    <lastmod>2022-07-14T14:34:10Z</lastmod>
</url><url>
    <loc>https://geoconnex.us/ref/states/44</loc>
    <lastmod>2022-07-14T14:34:10Z</lastmod>
</url><url>
    <loc>https://geoconnex.us/ref/states/31</loc>
    <lastmod>2022-07-14T14:34:10Z</lastmod>
</url><url>
    <loc>https://geoconnex.us/ref/states/53</loc>
    <lastmod>2022-07-14T14:34:10Z</lastmod>
</url><url>
    <loc>https://geoconnex.us/ref/states/35</loc>
    <lastmod>2022-07-14T14:34:10Z</lastmod>
</url><url>
    <loc>https://geoconnex.us/ref/states/72</loc>
    <lastmod>2022-07-14T14:34:10Z</lastmod>
</url><url>
    <loc>https://geoconnex.us/ref/states/46</loc>
    <lastmod>2022-07-14T14:34:10Z</lastmod>
</url><url>
    <loc>https://geoconnex.us/ref/states/48</loc>
    <lastmod>2022-07-14T14:34:10Z</lastmod>
</url><url>
    <loc>https://geoconnex.us/ref/states/06</loc>
    <lastmod>2022-07-14T14:34:10Z</lastmod>
</url><url>
    <loc>https://geoconnex.us/ref/states/01</loc>
    <lastmod>2022-07-14T14:34:10Z</lastmod>
</url><url>
    <loc>https://geoconnex.us/ref/states/13</loc>
    <lastmod>2022-07-14T14:34:10Z</lastmod>
</url><url>
    <loc>https://geoconnex.us/ref/states/05</loc>
    <lastmod>2022-07-14T14:34:10Z</lastmod>
</url><url>
    <loc>https://geoconnex.us/ref/states/42</loc>
    <lastmod>2022-07-14T14:34:10Z</lastmod>
</url><url>
    <loc>https://geoconnex.us/ref/states/29</loc>
    <lastmod>2022-07-14T14:34:10Z</lastmod>
</url><url>
    <loc>https://geoconnex.us/ref/states/49</loc>
    <lastmod>2022-07-14T14:34:10Z</lastmod>
</url><url>
    <loc>https://geoconnex.us/ref/states/40</loc>
    <lastmod>2022-07-14T14:34:10Z</lastmod>
</url><url>
    <loc>https://geoconnex.us/ref/states/47</loc>
    <lastmod>2022-07-14T14:34:10Z</lastmod>
</url><url>
    <loc>https://geoconnex.us/ref/states/56</loc>
    <lastmod>2022-07-14T14:34:10Z</lastmod>
</url><url>
    <loc>https://geoconnex.us/ref/states/18</loc>
    <lastmod>2022-07-14T14:34:10Z</lastmod>
</url><url>
    <loc>https://geoconnex.us/ref/states/20</loc>
    <lastmod>2022-07-14T14:34:10Z</lastmod>
</url><url>
    <loc>https://geoconnex.us/ref/states/16</loc>
    <lastmod>2022-07-14T14:34:10Z</lastmod>
</url><url>
    <loc>https://geoconnex.us/ref/states/02</loc>
    <lastmod>2022-07-14T14:34:10Z</lastmod>
</url><url>
    <loc>https://geoconnex.us/ref/states/32</loc>
    <lastmod>2022-07-14T14:34:10Z</lastmod>
</url><url>
    <loc>https://geoconnex.us/ref/states/17</loc>
    <lastmod>2022-07-14T14:34:10Z</lastmod>
</url><url>
    <loc>https://geoconnex.us/ref/states/50</loc>
    <lastmod>2022-07-14T14:34:10Z</lastmod>
</url><url>
    <loc>https://geoconnex.us/ref/states/09</loc>
    <lastmod>2022-07-14T14:34:10Z</lastmod>
</url><url>
    <loc>https://geoconnex.us/ref/states/34</loc>
    <lastmod>2022-07-14T14:34:10Z</lastmod>
</url><url>
    <loc>https://geoconnex.us/ref/states/38</loc>
    <lastmod>2022-07-14T14:34:10Z</lastmod>
</url><url>
    <loc>https://geoconnex.us/ref/states/19</loc>
    <lastmod>2022-07-14T14:34:10Z</lastmod>
</url><url>
    <loc>https://geoconnex.us/ref/states/33</loc>
    <lastmod>2022-07-14T14:34:10Z</lastmod>
</url><url>
    <loc>https://geoconnex.us/ref/states/04</loc>
    <lastmod>2022-07-14T14:34:10Z</lastmod>
</url><url>
    <loc>https://geoconnex.us/ref/states/10</loc>
    <lastmod>2022-07-14T14:34:10Z</lastmod>
</url><url>
    <loc>https://geoconnex.us/ref/states/66</loc>
    <lastmod>2022-07-14T14:34:10Z</lastmod>
</url><url>
    <loc>https://geoconnex.us/ref/states/60</loc>
    <lastmod>2022-07-14T14:34:10Z</lastmod>
</url><url>
    <loc>https://geoconnex.us/ref/states/21</loc>
    <lastmod>2022-07-14T14:34:10Z</lastmod>
</url><url>
    <loc>https://geoconnex.us/ref/states/39</loc>
    <lastmod>2022-07-14T14:34:10Z</lastmod>
</url><url>
    <loc>https://geoconnex.us/ref/states/55</loc>
    <lastmod>2022-07-14T14:34:10Z</lastmod>
</url><url>
    <loc>https://geoconnex.us/ref/states/41</loc>
    <lastmod>2022-07-14T14:34:10Z</lastmod>
</url><url>
    <loc>https://geoconnex.us/ref/states/28</loc>
    <lastmod>2022-07-14T14:34:10Z</lastmod>
</url><url>
    <loc>https://geoconnex.us/ref/states/08</loc>
    <lastmod>2022-07-14T14:34:10Z</lastmod>
</url><url>
    <loc>https://geoconnex.us/ref/states/37</loc>
    <lastmod>2022-07-14T14:34:10Z</lastmod>
</url><url>
    <loc>https://geoconnex.us/ref/states/51</loc>
    <lastmod>2022-07-14T14:34:10Z</lastmod>
</url><url>
    <loc>https://geoconnex.us/ref/states/54</loc>
    <lastmod>2022-07-14T14:34:10Z</lastmod>
</url><url>
    <loc>https://geoconnex.us/ref/states/22</loc>
    <lastmod>2022-07-14T14:34:10Z</lastmod>
</url><url>
    <loc>https://geoconnex.us/ref/states/36</loc>
    <lastmod>2022-07-14T14:34:10Z</lastmod>
</url><url>
    <loc>https://geoconnex.us/ref/states/26</loc>
    <lastmod>2022-07-14T14:34:10Z</lastmod>
</url><url>
    <loc>https://geoconnex.us/ref/states/25</loc>
    <lastmod>2022-07-14T14:34:10Z</lastmod>
</url></ns0:urlset>