<?xml version='1.0' encoding='utf-8'?>
<ns0:urlset xmlns:ns0="http://www.sitemaps.org/schemas/sitemap/0.9">
<url>
    <loc>https://geoconnex.us/ref/aiannh/0250</loc>
    <lastmod>2021-11-03T12:58:17Z</lastmod>
</url><url>
    <loc>https://geoconnex.us/ref/aiannh/3355</loc>
    <lastmod>2021-11-03T12:58:17Z</lastmod>
</url><url>
    <loc>https://geoconnex.us/ref/aiannh/7075</loc>
    <lastmod>2021-11-03T12:58:17Z</lastmod>
</url><url>
    <loc>https://geoconnex.us/ref/aiannh/7310</loc>
    <lastmod>2021-11-03T12:58:17Z</lastmod>
</url><url>
    <loc>https://geoconnex.us/ref/aiannh/6175</loc>
    <lastmod>2021-11-03T12:58:17Z</lastmod>
</url><url>
    <loc>https://geoconnex.us/ref/aiannh/1970</loc>
    <lastmod>2021-11-03T12:58:17Z</lastmod>
</url><url>
    <loc>https://geoconnex.us/ref/aiannh/3145</loc>
    <lastmod>2021-11-03T12:58:17Z</lastmod>
</url><url>
    <loc>https://geoconnex.us/ref/aiannh/3070</loc>
    <lastmod>2021-11-03T12:58:17Z</lastmod>
</url><url>
    <loc>https://geoconnex.us/ref/aiannh/1555</loc>
    <lastmod>2021-11-03T12:58:17Z</lastmod>
</url><url>
    <loc>https://geoconnex.us/ref/aiannh/4635</loc>
    <lastmod>2021-11-03T12:58:17Z</lastmod>
</url><url>
    <loc>https://geoconnex.us/ref/aiannh/0440</loc>
    <lastmod>2021-11-03T12:58:17Z</lastmod>
</url><url>
    <loc>https://geoconnex.us/ref/aiannh/6440</loc>
    <lastmod>2021-11-03T12:58:17Z</lastmod>
</url><url>
    <loc>https://geoconnex.us/ref/aiannh/6470</loc>
    <lastmod>2021-11-03T12:58:17Z</lastmod>
</url><url>
    <loc>https://geoconnex.us/ref/aiannh/7005</loc>
    <lastmod>2021-11-03T12:58:17Z</lastmod>
</url><url>
    <loc>https://geoconnex.us/ref/aiannh/0780</loc>
    <lastmod>2021-11-03T12:58:17Z</lastmod>
</url><url>
    <loc>https://geoconnex.us/ref/aiannh/3860</loc>
    <lastmod>2021-11-03T12:58:17Z</lastmod>
</url><url>
    <loc>https://geoconnex.us/ref/aiannh/5193</loc>
    <lastmod>2021-11-03T12:58:17Z</lastmod>
</url><url>
    <loc>https://geoconnex.us/ref/aiannh/2255</loc>
    <lastmod>2021-11-03T12:58:17Z</lastmod>
</url><url>
    <loc>https://geoconnex.us/ref/aiannh/7440</loc>
    <lastmod>2021-11-03T12:58:17Z</lastmod>
</url><url>
    <loc>https://geoconnex.us/ref/aiannh/6615</loc>
    <lastmod>2021-11-03T12:58:17Z</lastmod>
</url><url>
    <loc>https://geoconnex.us/ref/aiannh/5248</loc>
    <lastmod>2021-11-03T12:58:17Z</lastmod>
</url><url>
    <loc>https://geoconnex.us/ref/aiannh/4580</loc>
    <lastmod>2021-11-03T12:58:17Z</lastmod>
</url><url>
    <loc>https://geoconnex.us/ref/aiannh/0620</loc>
    <lastmod>2021-11-03T12:58:17Z</lastmod>
</url><url>
    <loc>https://geoconnex.us/ref/aiannh/0095</loc>
    <lastmod>2021-11-03T12:58:17Z</lastmod>
</url><url>
    <loc>https://geoconnex.us/ref/aiannh/2330</loc>
    <lastmod>2021-11-03T12:58:17Z</lastmod>
</url><url>
    <loc>https://geoconnex.us/ref/aiannh/6825</loc>
    <lastmod>2021-11-03T12:58:17Z</lastmod>
</url><url>
    <loc>https://geoconnex.us/ref/aiannh/4110</loc>
    <lastmod>2021-11-03T12:58:17Z</lastmod>
</url><url>
    <loc>https://geoconnex.us/ref/aiannh/1075</loc>
    <lastmod>2021-11-03T12:58:17Z</lastmod>
</url><url>
    <loc>https://geoconnex.us/ref/aiannh/0760</loc>
    <lastmod>2021-11-03T12:58:17Z</lastmod>
</url><url>
    <loc>https://geoconnex.us/ref/aiannh/3625</loc>
    <lastmod>2021-11-03T12:58:17Z</lastmod>
</url><url>
    <loc>https://geoconnex.us/ref/aiannh/3100</loc>
    <lastmod>2021-11-03T12:58:17Z</lastmod>
</url><url>
    <loc>https://geoconnex.us/ref/aiannh/1940</loc>
    <lastmod>2021-11-03T12:58:17Z</lastmod>
</url><url>
    <loc>https://geoconnex.us/ref/aiannh/4595</loc>
    <lastmod>2021-11-03T12:58:17Z</lastmod>
</url><url>
    <loc>https://geoconnex.us/ref/aiannh/1505</loc>
    <lastmod>2021-11-03T12:58:17Z</lastmod>
</url><url>
    <loc>https://geoconnex.us/ref/aiannh/4200</loc>
    <lastmod>2021-11-03T12:58:17Z</lastmod>
</url><url>
    <loc>https://geoconnex.us/ref/aiannh/3970</loc>
    <lastmod>2021-11-03T12:58:17Z</lastmod>
</url><url>
    <loc>https://geoconnex.us/ref/aiannh/4700</loc>
    <lastmod>2021-11-03T12:58:17Z</lastmod>
</url><url>
    <loc>https://geoconnex.us/ref/aiannh/9820</loc>
    <lastmod>2021-11-03T12:58:17Z</lastmod>
</url><url>
    <loc>https://geoconnex.us/ref/aiannh/6290</loc>
    <lastmod>2021-11-03T12:58:17Z</lastmod>
</url><url>
    <loc>https://geoconnex.us/ref/aiannh/9680</loc>
    <lastmod>2021-11-03T12:58:17Z</lastmod>
</url><url>
    <loc>https://geoconnex.us/ref/aiannh/9880</loc>
    <lastmod>2021-11-03T12:58:17Z</lastmod>
</url><url>
    <loc>https://geoconnex.us/ref/aiannh/9560</loc>
    <lastmod>2021-11-03T12:58:17Z</lastmod>
</url><url>
    <loc>https://geoconnex.us/ref/aiannh/7540</loc>
    <lastmod>2021-11-03T12:58:17Z</lastmod>
</url><url>
    <loc>https://geoconnex.us/ref/aiannh/6280</loc>
    <lastmod>2021-11-03T12:58:17Z</lastmod>
</url><url>
    <loc>https://geoconnex.us/ref/aiannh/7263</loc>
    <lastmod>2021-11-03T12:58:17Z</lastmod>
</url><url>
    <loc>https://geoconnex.us/ref/aiannh/7110</loc>
    <lastmod>2021-11-03T12:58:17Z</lastmod>
</url><url>
    <loc>https://geoconnex.us/ref/aiannh/6795</loc>
    <lastmod>2021-11-03T12:58:17Z</lastmod>
</url><url>
    <loc>https://geoconnex.us/ref/aiannh/7035</loc>
    <lastmod>2021-11-03T12:58:17Z</lastmod>
</url><url>
    <loc>https://geoconnex.us/ref/aiannh/6830</loc>
    <lastmod>2021-11-03T12:58:17Z</lastmod>
</url><url>
    <loc>https://geoconnex.us/ref/aiannh/7133</loc>
    <lastmod>2021-11-03T12:58:17Z</lastmod>
</url><url>
    <loc>https://geoconnex.us/ref/aiannh/6480</loc>
    <lastmod>2021-11-03T12:58:17Z</lastmod>
</url><url>
    <loc>https://geoconnex.us/ref/aiannh/6205</loc>
    <lastmod>2021-11-03T12:58:17Z</lastmod>
</url><url>
    <loc>https://geoconnex.us/ref/aiannh/6690</loc>
    <lastmod>2021-11-03T12:58:17Z</lastmod>
</url><url>
    <loc>https://geoconnex.us/ref/aiannh/6165</loc>
    <lastmod>2021-11-03T12:58:17Z</lastmod>
</url><url>
    <loc>https://geoconnex.us/ref/aiannh/7470</loc>
    <lastmod>2021-11-03T12:58:17Z</lastmod>
</url><url>
    <loc>https://geoconnex.us/ref/aiannh/4375</loc>
    <lastmod>2021-11-03T12:58:17Z</lastmod>
</url><url>
    <loc>https://geoconnex.us/ref/aiannh/1515</loc>
    <lastmod>2021-11-03T12:58:17Z</lastmod>
</url><url>
    <loc>https://geoconnex.us/ref/aiannh/5076</loc>
    <lastmod>2021-11-03T12:58:17Z</lastmod>
</url><url>
    <loc>https://geoconnex.us/ref/aiannh/5026</loc>
    <lastmod>2021-11-03T12:58:17Z</lastmod>
</url><url>
    <loc>https://geoconnex.us/ref/aiannh/5188</loc>
    <lastmod>2021-11-03T12:58:17Z</lastmod>
</url><url>
    <loc>https://geoconnex.us/ref/aiannh/4760</loc>
    <lastmod>2021-11-03T12:58:17Z</lastmod>
</url><url>
    <loc>https://geoconnex.us/ref/aiannh/8100</loc>
    <lastmod>2021-11-03T12:58:17Z</lastmod>
</url><url>
    <loc>https://geoconnex.us/ref/aiannh/4680</loc>
    <lastmod>2021-11-03T12:58:17Z</lastmod>
</url><url>
    <loc>https://geoconnex.us/ref/aiannh/4610</loc>
    <lastmod>2021-11-03T12:58:17Z</lastmod>
</url><url>
    <loc>https://geoconnex.us/ref/aiannh/9635</loc>
    <lastmod>2021-11-03T12:58:17Z</lastmod>
</url><url>
    <loc>https://geoconnex.us/ref/aiannh/2430</loc>
    <lastmod>2021-11-03T12:58:17Z</lastmod>
</url><url>
    <loc>https://geoconnex.us/ref/aiannh/3940</loc>
    <lastmod>2021-11-03T12:58:17Z</lastmod>
</url><url>
    <loc>https://geoconnex.us/ref/aiannh/9400</loc>
    <lastmod>2021-11-03T12:58:17Z</lastmod>
</url><url>
    <loc>https://geoconnex.us/ref/aiannh/4785</loc>
    <lastmod>2021-11-03T12:58:17Z</lastmod>
</url><url>
    <loc>https://geoconnex.us/ref/aiannh/3235</loc>
    <lastmod>2021-11-03T12:58:17Z</lastmod>
</url><url>
    <loc>https://geoconnex.us/ref/aiannh/1860</loc>
    <lastmod>2021-11-03T12:58:17Z</lastmod>
</url><url>
    <loc>https://geoconnex.us/ref/aiannh/6785</loc>
    <lastmod>2021-11-03T12:58:17Z</lastmod>
</url><url>
    <loc>https://geoconnex.us/ref/aiannh/7080</loc>
    <lastmod>2021-11-03T12:58:17Z</lastmod>
</url><url>
    <loc>https://geoconnex.us/ref/aiannh/7580</loc>
    <lastmod>2021-11-03T12:58:17Z</lastmod>
</url><url>
    <loc>https://geoconnex.us/ref/aiannh/7765</loc>
    <lastmod>2021-11-03T12:58:17Z</lastmod>
</url><url>
    <loc>https://geoconnex.us/ref/aiannh/6790</loc>
    <lastmod>2021-11-03T12:58:17Z</lastmod>
</url><url>
    <loc>https://geoconnex.us/ref/aiannh/7115</loc>
    <lastmod>2021-11-03T12:58:17Z</lastmod>
</url><url>
    <loc>https://geoconnex.us/ref/aiannh/6335</loc>
    <lastmod>2021-11-03T12:58:17Z</lastmod>
</url><url>
    <loc>https://geoconnex.us/ref/aiannh/6730</loc>
    <lastmod>2021-11-03T12:58:17Z</lastmod>
</url><url>
    <loc>https://geoconnex.us/ref/aiannh/7095</loc>
    <lastmod>2021-11-03T12:58:17Z</lastmod>
</url><url>
    <loc>https://geoconnex.us/ref/aiannh/6835</loc>
    <lastmod>2021-11-03T12:58:17Z</lastmod>
</url><url>
    <loc>https://geoconnex.us/ref/aiannh/6075</loc>
    <lastmod>2021-11-03T12:58:17Z</lastmod>
</url><url>
    <loc>https://geoconnex.us/ref/aiannh/7430</loc>
    <lastmod>2021-11-03T12:58:17Z</lastmod>
</url><url>
    <loc>https://geoconnex.us/ref/aiannh/6910</loc>
    <lastmod>2021-11-03T12:58:17Z</lastmod>
</url><url>
    <loc>https://geoconnex.us/ref/aiannh/7125</loc>
    <lastmod>2021-11-03T12:58:17Z</lastmod>
</url><url>
    <loc>https://geoconnex.us/ref/aiannh/6890</loc>
    <lastmod>2021-11-03T12:58:17Z</lastmod>
</url><url>
    <loc>https://geoconnex.us/ref/aiannh/6240</loc>
    <lastmod>2021-11-03T12:58:17Z</lastmod>
</url><url>
    <loc>https://geoconnex.us/ref/aiannh/1815</loc>
    <lastmod>2021-11-03T12:58:17Z</lastmod>
</url><url>
    <loc>https://geoconnex.us/ref/aiannh/4255</loc>
    <lastmod>2021-11-03T12:58:17Z</lastmod>
</url><url>
    <loc>https://geoconnex.us/ref/aiannh/2100</loc>
    <lastmod>2021-11-03T12:58:17Z</lastmod>
</url><url>
    <loc>https://geoconnex.us/ref/aiannh/0690</loc>
    <lastmod>2021-11-03T12:58:17Z</lastmod>
</url><url>
    <loc>https://geoconnex.us/ref/aiannh/5123</loc>
    <lastmod>2021-11-03T12:58:17Z</lastmod>
</url><url>
    <loc>https://geoconnex.us/ref/aiannh/4140</loc>
    <lastmod>2021-11-03T12:58:17Z</lastmod>
</url><url>
    <loc>https://geoconnex.us/ref/aiannh/4930</loc>
    <lastmod>2021-11-03T12:58:17Z</lastmod>
</url><url>
    <loc>https://geoconnex.us/ref/aiannh/5098</loc>
    <lastmod>2021-11-03T12:58:17Z</lastmod>
</url><url>
    <loc>https://geoconnex.us/ref/aiannh/5008</loc>
    <lastmod>2021-11-03T12:58:17Z</lastmod>
</url><url>
    <loc>https://geoconnex.us/ref/aiannh/1250</loc>
    <lastmod>2021-11-03T12:58:17Z</lastmod>
</url><url>
    <loc>https://geoconnex.us/ref/aiannh/5135</loc>
    <lastmod>2021-11-03T12:58:17Z</lastmod>
</url><url>
    <loc>https://geoconnex.us/ref/aiannh/5177</loc>
    <lastmod>2021-11-03T12:58:17Z</lastmod>
</url><url>
    <loc>https://geoconnex.us/ref/aiannh/5560</loc>
    <lastmod>2021-11-03T12:58:17Z</lastmod>
</url><url>
    <loc>https://geoconnex.us/ref/aiannh/5620</loc>
    <lastmod>2021-11-03T12:58:17Z</lastmod>
</url><url>
    <loc>https://geoconnex.us/ref/aiannh/9720</loc>
    <lastmod>2021-11-03T12:58:17Z</lastmod>
</url><url>
    <loc>https://geoconnex.us/ref/aiannh/3185</loc>
    <lastmod>2021-11-03T12:58:17Z</lastmod>
</url><url>
    <loc>https://geoconnex.us/ref/aiannh/1955</loc>
    <lastmod>2021-11-03T12:58:17Z</lastmod>
</url><url>
    <loc>https://geoconnex.us/ref/aiannh/0605</loc>
    <lastmod>2021-11-03T12:58:17Z</lastmod>
</url><url>
    <loc>https://geoconnex.us/ref/aiannh/2810</loc>
    <lastmod>2021-11-03T12:58:17Z</lastmod>
</url><url>
    <loc>https://geoconnex.us/ref/aiannh/9100</loc>
    <lastmod>2021-11-03T12:58:17Z</lastmod>
</url><url>
    <loc>https://geoconnex.us/ref/aiannh/2595</loc>
    <lastmod>2021-11-03T12:58:17Z</lastmod>
</url><url>
    <loc>https://geoconnex.us/ref/aiannh/5071</loc>
    <lastmod>2021-11-03T12:58:17Z</lastmod>
</url><url>
    <loc>https://geoconnex.us/ref/aiannh/6275</loc>
    <lastmod>2021-11-03T12:58:17Z</lastmod>
</url><url>
    <loc>https://geoconnex.us/ref/aiannh/1355</loc>
    <lastmod>2021-11-03T12:58:17Z</lastmod>
</url><url>
    <loc>https://geoconnex.us/ref/aiannh/7390</loc>
    <lastmod>2021-11-03T12:58:17Z</lastmod>
</url><url>
    <loc>https://geoconnex.us/ref/aiannh/6710</loc>
    <lastmod>2021-11-03T12:58:17Z</lastmod>
</url><url>
    <loc>https://geoconnex.us/ref/aiannh/6225</loc>
    <lastmod>2021-11-03T12:58:17Z</lastmod>
</url><url>
    <loc>https://geoconnex.us/ref/aiannh/6595</loc>
    <lastmod>2021-11-03T12:58:17Z</lastmod>
</url><url>
    <loc>https://geoconnex.us/ref/aiannh/7185</loc>
    <lastmod>2021-11-03T12:58:17Z</lastmod>
</url><url>
    <loc>https://geoconnex.us/ref/aiannh/6070</loc>
    <lastmod>2021-11-03T12:58:17Z</lastmod>
</url><url>
    <loc>https://geoconnex.us/ref/aiannh/6820</loc>
    <lastmod>2021-11-03T12:58:17Z</lastmod>
</url><url>
    <loc>https://geoconnex.us/ref/aiannh/7755</loc>
    <lastmod>2021-11-03T12:58:17Z</lastmod>
</url><url>
    <loc>https://geoconnex.us/ref/aiannh/6725</loc>
    <lastmod>2021-11-03T12:58:17Z</lastmod>
</url><url>
    <loc>https://geoconnex.us/ref/aiannh/1700</loc>
    <lastmod>2021-11-03T12:58:17Z</lastmod>
</url><url>
    <loc>https://geoconnex.us/ref/aiannh/4940</loc>
    <lastmod>2021-11-03T12:58:17Z</lastmod>
</url><url>
    <loc>https://geoconnex.us/ref/aiannh/9675</loc>
    <lastmod>2021-11-03T12:58:17Z</lastmod>
</url><url>
    <loc>https://geoconnex.us/ref/aiannh/1895</loc>
    <lastmod>2021-11-03T12:58:17Z</lastmod>
</url><url>
    <loc>https://geoconnex.us/ref/aiannh/9370</loc>
    <lastmod>2021-11-03T12:58:17Z</lastmod>
</url><url>
    <loc>https://geoconnex.us/ref/aiannh/6855</loc>
    <lastmod>2021-11-03T12:58:17Z</lastmod>
</url><url>
    <loc>https://geoconnex.us/ref/aiannh/1560</loc>
    <lastmod>2021-11-03T12:58:17Z</lastmod>
</url><url>
    <loc>https://geoconnex.us/ref/aiannh/0720</loc>
    <lastmod>2021-11-03T12:58:17Z</lastmod>
</url><url>
    <loc>https://geoconnex.us/ref/aiannh/9230</loc>
    <lastmod>2021-11-03T12:58:17Z</lastmod>
</url><url>
    <loc>https://geoconnex.us/ref/aiannh/1135</loc>
    <lastmod>2021-11-03T12:58:17Z</lastmod>
</url><url>
    <loc>https://geoconnex.us/ref/aiannh/0110</loc>
    <lastmod>2021-11-03T12:58:17Z</lastmod>
</url><url>
    <loc>https://geoconnex.us/ref/aiannh/0750</loc>
    <lastmod>2021-11-03T12:58:17Z</lastmod>
</url><url>
    <loc>https://geoconnex.us/ref/aiannh/0820</loc>
    <lastmod>2021-11-03T12:58:17Z</lastmod>
</url><url>
    <loc>https://geoconnex.us/ref/aiannh/6720</loc>
    <lastmod>2021-11-03T12:58:17Z</lastmod>
</url><url>
    <loc>https://geoconnex.us/ref/aiannh/7740</loc>
    <lastmod>2021-11-03T12:58:17Z</lastmod>
</url><url>
    <loc>https://geoconnex.us/ref/aiannh/6545</loc>
    <lastmod>2021-11-03T12:58:17Z</lastmod>
</url><url>
    <loc>https://geoconnex.us/ref/aiannh/5114</loc>
    <lastmod>2021-11-03T12:58:17Z</lastmod>
</url><url>
    <loc>https://geoconnex.us/ref/aiannh/5067</loc>
    <lastmod>2021-11-03T12:58:17Z</lastmod>
</url><url>
    <loc>https://geoconnex.us/ref/aiannh/1395</loc>
    <lastmod>2021-11-03T12:58:17Z</lastmod>
</url><url>
    <loc>https://geoconnex.us/ref/aiannh/0955</loc>
    <lastmod>2021-11-03T12:58:17Z</lastmod>
</url><url>
    <loc>https://geoconnex.us/ref/aiannh/5600</loc>
    <lastmod>2021-11-03T12:58:17Z</lastmod>
</url><url>
    <loc>https://geoconnex.us/ref/aiannh/0215</loc>
    <lastmod>2021-11-03T12:58:17Z</lastmod>
</url><url>
    <loc>https://geoconnex.us/ref/aiannh/1775</loc>
    <lastmod>2021-11-03T12:58:17Z</lastmod>
</url><url>
    <loc>https://geoconnex.us/ref/aiannh/5134</loc>
    <lastmod>2021-11-03T12:58:17Z</lastmod>
</url><url>
    <loc>https://geoconnex.us/ref/aiannh/1005</loc>
    <lastmod>2021-11-03T12:58:17Z</lastmod>
</url><url>
    <loc>https://geoconnex.us/ref/aiannh/0560</loc>
    <lastmod>2021-11-03T12:58:17Z</lastmod>
</url><url>
    <loc>https://geoconnex.us/ref/aiannh/2535</loc>
    <lastmod>2021-11-03T12:58:17Z</lastmod>
</url><url>
    <loc>https://geoconnex.us/ref/aiannh/6605</loc>
    <lastmod>2021-11-03T12:58:17Z</lastmod>
</url><url>
    <loc>https://geoconnex.us/ref/aiannh/6905</loc>
    <lastmod>2021-11-03T12:58:17Z</lastmod>
</url><url>
    <loc>https://geoconnex.us/ref/aiannh/1925</loc>
    <lastmod>2021-11-03T12:58:17Z</lastmod>
</url><url>
    <loc>https://geoconnex.us/ref/aiannh/4545</loc>
    <lastmod>2021-11-03T12:58:17Z</lastmod>
</url><url>
    <loc>https://geoconnex.us/ref/aiannh/5069</loc>
    <lastmod>2021-11-03T12:58:17Z</lastmod>
</url><url>
    <loc>https://geoconnex.us/ref/aiannh/0305</loc>
    <lastmod>2021-11-03T12:58:17Z</lastmod>
</url><url>
    <loc>https://geoconnex.us/ref/aiannh/1010</loc>
    <lastmod>2021-11-03T12:58:17Z</lastmod>
</url><url>
    <loc>https://geoconnex.us/ref/aiannh/7665</loc>
    <lastmod>2021-11-03T12:58:17Z</lastmod>
</url><url>
    <loc>https://geoconnex.us/ref/aiannh/3520</loc>
    <lastmod>2021-11-03T12:58:17Z</lastmod>
</url><url>
    <loc>https://geoconnex.us/ref/aiannh/0290</loc>
    <lastmod>2021-11-03T12:58:17Z</lastmod>
</url><url>
    <loc>https://geoconnex.us/ref/aiannh/1550</loc>
    <lastmod>2021-11-03T12:58:17Z</lastmod>
</url><url>
    <loc>https://geoconnex.us/ref/aiannh/2015</loc>
    <lastmod>2021-11-03T12:58:17Z</lastmod>
</url><url>
    <loc>https://geoconnex.us/ref/aiannh/7695</loc>
    <lastmod>2021-11-03T12:58:17Z</lastmod>
</url><url>
    <loc>https://geoconnex.us/ref/aiannh/2320</loc>
    <lastmod>2021-11-03T12:58:17Z</lastmod>
</url><url>
    <loc>https://geoconnex.us/ref/aiannh/9280</loc>
    <lastmod>2021-11-03T12:58:17Z</lastmod>
</url><url>
    <loc>https://geoconnex.us/ref/aiannh/0020</loc>
    <lastmod>2021-11-03T12:58:17Z</lastmod>
</url><url>
    <loc>https://geoconnex.us/ref/aiannh/0540</loc>
    <lastmod>2021-11-03T12:58:17Z</lastmod>
</url><url>
    <loc>https://geoconnex.us/ref/aiannh/3550</loc>
    <lastmod>2021-11-03T12:58:17Z</lastmod>
</url><url>
    <loc>https://geoconnex.us/ref/aiannh/3750</loc>
    <lastmod>2021-11-03T12:58:17Z</lastmod>
</url><url>
    <loc>https://geoconnex.us/ref/aiannh/9815</loc>
    <lastmod>2021-11-03T12:58:17Z</lastmod>
</url><url>
    <loc>https://geoconnex.us/ref/aiannh/0010</loc>
    <lastmod>2021-11-03T12:58:17Z</lastmod>
</url><url>
    <loc>https://geoconnex.us/ref/aiannh/5148</loc>
    <lastmod>2021-11-03T12:58:17Z</lastmod>
</url><url>
    <loc>https://geoconnex.us/ref/aiannh/5156</loc>
    <lastmod>2021-11-03T12:58:17Z</lastmod>
</url><url>
    <loc>https://geoconnex.us/ref/aiannh/5009</loc>
    <lastmod>2021-11-03T12:58:17Z</lastmod>
</url><url>
    <loc>https://geoconnex.us/ref/aiannh/5196</loc>
    <lastmod>2021-11-03T12:58:17Z</lastmod>
</url><url>
    <loc>https://geoconnex.us/ref/aiannh/5111</loc>
    <lastmod>2021-11-03T12:58:17Z</lastmod>
</url><url>
    <loc>https://geoconnex.us/ref/aiannh/0275</loc>
    <lastmod>2021-11-03T12:58:17Z</lastmod>
</url><url>
    <loc>https://geoconnex.us/ref/aiannh/5251</loc>
    <lastmod>2021-11-03T12:58:17Z</lastmod>
</url><url>
    <loc>https://geoconnex.us/ref/aiannh/5540</loc>
    <lastmod>2021-11-03T12:58:17Z</lastmod>
</url><url>
    <loc>https://geoconnex.us/ref/aiannh/5820</loc>
    <lastmod>2021-11-03T12:58:17Z</lastmod>
</url><url>
    <loc>https://geoconnex.us/ref/aiannh/5580</loc>
    <lastmod>2021-11-03T12:58:17Z</lastmod>
</url><url>
    <loc>https://geoconnex.us/ref/aiannh/9515</loc>
    <lastmod>2021-11-03T12:58:17Z</lastmod>
</url><url>
    <loc>https://geoconnex.us/ref/aiannh/9745</loc>
    <lastmod>2021-11-03T12:58:17Z</lastmod>
</url><url>
    <loc>https://geoconnex.us/ref/aiannh/4665</loc>
    <lastmod>2021-11-03T12:58:17Z</lastmod>
</url><url>
    <loc>https://geoconnex.us/ref/aiannh/2490</loc>
    <lastmod>2021-11-03T12:58:17Z</lastmod>
</url><url>
    <loc>https://geoconnex.us/ref/aiannh/9150</loc>
    <lastmod>2021-11-03T12:58:17Z</lastmod>
</url><url>
    <loc>https://geoconnex.us/ref/aiannh/5830</loc>
    <lastmod>2021-11-03T12:58:17Z</lastmod>
</url><url>
    <loc>https://geoconnex.us/ref/aiannh/5780</loc>
    <lastmod>2021-11-03T12:58:17Z</lastmod>
</url><url>
    <loc>https://geoconnex.us/ref/aiannh/5011</loc>
    <lastmod>2021-11-03T12:58:17Z</lastmod>
</url><url>
    <loc>https://geoconnex.us/ref/aiannh/0240</loc>
    <lastmod>2021-11-03T12:58:17Z</lastmod>
</url><url>
    <loc>https://geoconnex.us/ref/aiannh/0185</loc>
    <lastmod>2021-11-03T12:58:17Z</lastmod>
</url><url>
    <loc>https://geoconnex.us/ref/aiannh/1140</loc>
    <lastmod>2021-11-03T12:58:17Z</lastmod>
</url><url>
    <loc>https://geoconnex.us/ref/aiannh/1440</loc>
    <lastmod>2021-11-03T12:58:17Z</lastmod>
</url><url>
    <loc>https://geoconnex.us/ref/aiannh/5740</loc>
    <lastmod>2021-11-03T12:58:17Z</lastmod>
</url><url>
    <loc>https://geoconnex.us/ref/aiannh/6750</loc>
    <lastmod>2021-11-03T12:58:17Z</lastmod>
</url><url>
    <loc>https://geoconnex.us/ref/aiannh/6350</loc>
    <lastmod>2021-11-03T12:58:17Z</lastmod>
</url><url>
    <loc>https://geoconnex.us/ref/aiannh/6250</loc>
    <lastmod>2021-11-03T12:58:17Z</lastmod>
</url><url>
    <loc>https://geoconnex.us/ref/aiannh/7050</loc>
    <lastmod>2021-11-03T12:58:17Z</lastmod>
</url><url>
    <loc>https://geoconnex.us/ref/aiannh/7135</loc>
    <lastmod>2021-11-03T12:58:17Z</lastmod>
</url><url>
    <loc>https://geoconnex.us/ref/aiannh/6755</loc>
    <lastmod>2021-11-03T12:58:17Z</lastmod>
</url><url>
    <loc>https://geoconnex.us/ref/aiannh/0350</loc>
    <lastmod>2021-11-03T12:58:17Z</lastmod>
</url><url>
    <loc>https://geoconnex.us/ref/aiannh/3265</loc>
    <lastmod>2021-11-03T12:58:17Z</lastmod>
</url><url>
    <loc>https://geoconnex.us/ref/aiannh/4030</loc>
    <lastmod>2021-11-03T12:58:17Z</lastmod>
</url><url>
    <loc>https://geoconnex.us/ref/aiannh/7100</loc>
    <lastmod>2021-11-03T12:58:17Z</lastmod>
</url><url>
    <loc>https://geoconnex.us/ref/aiannh/1670</loc>
    <lastmod>2021-11-03T12:58:17Z</lastmod>
</url><url>
    <loc>https://geoconnex.us/ref/aiannh/1260</loc>
    <lastmod>2021-11-03T12:58:17Z</lastmod>
</url><url>
    <loc>https://geoconnex.us/ref/aiannh/3935</loc>
    <lastmod>2021-11-03T12:58:17Z</lastmod>
</url><url>
    <loc>https://geoconnex.us/ref/aiannh/2115</loc>
    <lastmod>2021-11-03T12:58:17Z</lastmod>
</url><url>
    <loc>https://geoconnex.us/ref/aiannh/9300</loc>
    <lastmod>2021-11-03T12:58:17Z</lastmod>
</url><url>
    <loc>https://geoconnex.us/ref/aiannh/2505</loc>
    <lastmod>2021-11-03T12:58:17Z</lastmod>
</url><url>
    <loc>https://geoconnex.us/ref/aiannh/6630</loc>
    <lastmod>2021-11-03T12:58:17Z</lastmod>
</url><url>
    <loc>https://geoconnex.us/ref/aiannh/1270</loc>
    <lastmod>2021-11-03T12:58:17Z</lastmod>
</url><url>
    <loc>https://geoconnex.us/ref/aiannh/9260</loc>
    <lastmod>2021-11-03T12:58:17Z</lastmod>
</url><url>
    <loc>https://geoconnex.us/ref/aiannh/2555</loc>
    <lastmod>2021-11-03T12:58:17Z</lastmod>
</url><url>
    <loc>https://geoconnex.us/ref/aiannh/4910</loc>
    <lastmod>2021-11-03T12:58:17Z</lastmod>
</url><url>
    <loc>https://geoconnex.us/ref/aiannh/3665</loc>
    <lastmod>2021-11-03T12:58:17Z</lastmod>
</url><url>
    <loc>https://geoconnex.us/ref/aiannh/4360</loc>
    <lastmod>2021-11-03T12:58:17Z</lastmod>
</url><url>
    <loc>https://geoconnex.us/ref/aiannh/7745</loc>
    <lastmod>2021-11-03T12:58:17Z</lastmod>
</url><url>
    <loc>https://geoconnex.us/ref/aiannh/2835</loc>
    <lastmod>2021-11-03T12:58:17Z</lastmod>
</url><url>
    <loc>https://geoconnex.us/ref/aiannh/5550</loc>
    <lastmod>2021-11-03T12:58:17Z</lastmod>
</url><url>
    <loc>https://geoconnex.us/ref/aiannh/9550</loc>
    <lastmod>2021-11-03T12:58:17Z</lastmod>
</url><url>
    <loc>https://geoconnex.us/ref/aiannh/7275</loc>
    <lastmod>2021-11-03T12:58:17Z</lastmod>
</url><url>
    <loc>https://geoconnex.us/ref/aiannh/6080</loc>
    <lastmod>2021-11-03T12:58:17Z</lastmod>
</url><url>
    <loc>https://geoconnex.us/ref/aiannh/6975</loc>
    <lastmod>2021-11-03T12:58:17Z</lastmod>
</url><url>
    <loc>https://geoconnex.us/ref/aiannh/6815</loc>
    <lastmod>2021-11-03T12:58:17Z</lastmod>
</url><url>
    <loc>https://geoconnex.us/ref/aiannh/6895</loc>
    <lastmod>2021-11-03T12:58:17Z</lastmod>
</url><url>
    <loc>https://geoconnex.us/ref/aiannh/4470</loc>
    <lastmod>2021-11-03T12:58:17Z</lastmod>
</url><url>
    <loc>https://geoconnex.us/ref/aiannh/2785</loc>
    <lastmod>2021-11-03T12:58:17Z</lastmod>
</url><url>
    <loc>https://geoconnex.us/ref/aiannh/4390</loc>
    <lastmod>2021-11-03T12:58:17Z</lastmod>
</url><url>
    <loc>https://geoconnex.us/ref/aiannh/1185</loc>
    <lastmod>2021-11-03T12:58:17Z</lastmod>
</url><url>
    <loc>https://geoconnex.us/ref/aiannh/5590</loc>
    <lastmod>2021-11-03T12:58:17Z</lastmod>
</url><url>
    <loc>https://geoconnex.us/ref/aiannh/9960</loc>
    <lastmod>2021-11-03T12:58:17Z</lastmod>
</url><url>
    <loc>https://geoconnex.us/ref/aiannh/1110</loc>
    <lastmod>2021-11-03T12:58:17Z</lastmod>
</url><url>
    <loc>https://geoconnex.us/ref/aiannh/2075</loc>
    <lastmod>2021-11-03T12:58:17Z</lastmod>
</url><url>
    <loc>https://geoconnex.us/ref/aiannh/3985</loc>
    <lastmod>2021-11-03T12:58:17Z</lastmod>
</url><url>
    <loc>https://geoconnex.us/ref/aiannh/0555</loc>
    <lastmod>2021-11-03T12:58:17Z</lastmod>
</url><url>
    <loc>https://geoconnex.us/ref/aiannh/5720</loc>
    <lastmod>2021-11-03T12:58:17Z</lastmod>
</url><url>
    <loc>https://geoconnex.us/ref/aiannh/5955</loc>
    <lastmod>2021-11-03T12:58:17Z</lastmod>
</url><url>
    <loc>https://geoconnex.us/ref/aiannh/6455</loc>
    <lastmod>2021-11-03T12:58:17Z</lastmod>
</url><url>
    <loc>https://geoconnex.us/ref/aiannh/7245</loc>
    <lastmod>2021-11-03T12:58:17Z</lastmod>
</url><url>
    <loc>https://geoconnex.us/ref/aiannh/7565</loc>
    <lastmod>2021-11-03T12:58:17Z</lastmod>
</url><url>
    <loc>https://geoconnex.us/ref/aiannh/6100</loc>
    <lastmod>2021-11-03T12:58:17Z</lastmod>
</url><url>
    <loc>https://geoconnex.us/ref/aiannh/7180</loc>
    <lastmod>2021-11-03T12:58:17Z</lastmod>
</url><url>
    <loc>https://geoconnex.us/ref/aiannh/7300</loc>
    <lastmod>2021-11-03T12:58:17Z</lastmod>
</url><url>
    <loc>https://geoconnex.us/ref/aiannh/4455</loc>
    <lastmod>2021-11-03T12:58:17Z</lastmod>
</url><url>
    <loc>https://geoconnex.us/ref/aiannh/3955</loc>
    <lastmod>2021-11-03T12:58:17Z</lastmod>
</url><url>
    <loc>https://geoconnex.us/ref/aiannh/2300</loc>
    <lastmod>2021-11-03T12:58:17Z</lastmod>
</url><url>
    <loc>https://geoconnex.us/ref/aiannh/1125</loc>
    <lastmod>2021-11-03T12:58:17Z</lastmod>
</url><url>
    <loc>https://geoconnex.us/ref/aiannh/3250</loc>
    <lastmod>2021-11-03T12:58:17Z</lastmod>
</url><url>
    <loc>https://geoconnex.us/ref/aiannh/1310</loc>
    <lastmod>2021-11-03T12:58:17Z</lastmod>
</url><url>
    <loc>https://geoconnex.us/ref/aiannh/0775</loc>
    <lastmod>2021-11-03T12:58:17Z</lastmod>
</url><url>
    <loc>https://geoconnex.us/ref/aiannh/4405</loc>
    <lastmod>2021-11-03T12:58:17Z</lastmod>
</url><url>
    <loc>https://geoconnex.us/ref/aiannh/1785</loc>
    <lastmod>2021-11-03T12:58:17Z</lastmod>
</url><url>
    <loc>https://geoconnex.us/ref/aiannh/0400</loc>
    <lastmod>2021-11-03T12:58:17Z</lastmod>
</url><url>
    <loc>https://geoconnex.us/ref/aiannh/5166</loc>
    <lastmod>2021-11-03T12:58:17Z</lastmod>
</url><url>
    <loc>https://geoconnex.us/ref/aiannh/5029</loc>
    <lastmod>2021-11-03T12:58:17Z</lastmod>
</url><url>
    <loc>https://geoconnex.us/ref/aiannh/1840</loc>
    <lastmod>2021-11-03T12:58:17Z</lastmod>
</url><url>
    <loc>https://geoconnex.us/ref/aiannh/3400</loc>
    <lastmod>2021-11-03T12:58:17Z</lastmod>
</url><url>
    <loc>https://geoconnex.us/ref/aiannh/2240</loc>
    <lastmod>2021-11-03T12:58:17Z</lastmod>
</url><url>
    <loc>https://geoconnex.us/ref/aiannh/1735</loc>
    <lastmod>2021-11-03T12:58:17Z</lastmod>
</url><url>
    <loc>https://geoconnex.us/ref/aiannh/3825</loc>
    <lastmod>2021-11-03T12:58:17Z</lastmod>
</url><url>
    <loc>https://geoconnex.us/ref/aiannh/6430</loc>
    <lastmod>2021-11-03T12:58:17Z</lastmod>
</url><url>
    <loc>https://geoconnex.us/ref/aiannh/6285</loc>
    <lastmod>2021-11-03T12:58:17Z</lastmod>
</url><url>
    <loc>https://geoconnex.us/ref/aiannh/6550</loc>
    <lastmod>2021-11-03T12:58:17Z</lastmod>
</url><url>
    <loc>https://geoconnex.us/ref/aiannh/6045</loc>
    <lastmod>2021-11-03T12:58:17Z</lastmod>
</url><url>
    <loc>https://geoconnex.us/ref/aiannh/6105</loc>
    <lastmod>2021-11-03T12:58:17Z</lastmod>
</url><url>
    <loc>https://geoconnex.us/ref/aiannh/6065</loc>
    <lastmod>2021-11-03T12:58:17Z</lastmod>
</url><url>
    <loc>https://geoconnex.us/ref/aiannh/6525</loc>
    <lastmod>2021-11-03T12:58:17Z</lastmod>
</url><url>
    <loc>https://geoconnex.us/ref/aiannh/6915</loc>
    <lastmod>2021-11-03T12:58:17Z</lastmod>
</url><url>
    <loc>https://geoconnex.us/ref/aiannh/6965</loc>
    <lastmod>2021-11-03T12:58:17Z</lastmod>
</url><url>
    <loc>https://geoconnex.us/ref/aiannh/7020</loc>
    <lastmod>2021-11-03T12:58:17Z</lastmod>
</url><url>
    <loc>https://geoconnex.us/ref/aiannh/6195</loc>
    <lastmod>2021-11-03T12:58:17Z</lastmod>
</url><url>
    <loc>https://geoconnex.us/ref/aiannh/0855</loc>
    <lastmod>2021-11-03T12:58:17Z</lastmod>
</url><url>
    <loc>https://geoconnex.us/ref/aiannh/9580</loc>
    <lastmod>2021-11-03T12:58:17Z</lastmod>
</url><url>
    <loc>https://geoconnex.us/ref/aiannh/4330</loc>
    <lastmod>2021-11-03T12:58:17Z</lastmod>
</url><url>
    <loc>https://geoconnex.us/ref/aiannh/1490</loc>
    <lastmod>2021-11-03T12:58:17Z</lastmod>
</url><url>
    <loc>https://geoconnex.us/ref/aiannh/5770</loc>
    <lastmod>2021-11-03T12:58:17Z</lastmod>
</url><url>
    <loc>https://geoconnex.us/ref/aiannh/5198</loc>
    <lastmod>2021-11-03T12:58:17Z</lastmod>
</url><url>
    <loc>https://geoconnex.us/ref/aiannh/0080</loc>
    <lastmod>2021-11-03T12:58:17Z</lastmod>
</url><url>
    <loc>https://geoconnex.us/ref/aiannh/9835</loc>
    <lastmod>2021-11-03T12:58:17Z</lastmod>
</url><url>
    <loc>https://geoconnex.us/ref/aiannh/1690</loc>
    <lastmod>2021-11-03T12:58:17Z</lastmod>
</url><url>
    <loc>https://geoconnex.us/ref/aiannh/9800</loc>
    <lastmod>2021-11-03T12:58:17Z</lastmod>
</url><url>
    <loc>https://geoconnex.us/ref/aiannh/4755</loc>
    <lastmod>2021-11-03T12:58:17Z</lastmod>
</url><url>
    <loc>https://geoconnex.us/ref/aiannh/2040</loc>
    <lastmod>2021-11-03T12:58:17Z</lastmod>
</url><url>
    <loc>https://geoconnex.us/ref/aiannh/1460</loc>
    <lastmod>2021-11-03T12:58:17Z</lastmod>
</url><url>
    <loc>https://geoconnex.us/ref/aiannh/2990</loc>
    <lastmod>2021-11-03T12:58:17Z</lastmod>
</url><url>
    <loc>https://geoconnex.us/ref/aiannh/2205</loc>
    <lastmod>2021-11-03T12:58:17Z</lastmod>
</url><url>
    <loc>https://geoconnex.us/ref/aiannh/2625</loc>
    <lastmod>2021-11-03T12:58:17Z</lastmod>
</url><url>
    <loc>https://geoconnex.us/ref/aiannh/2445</loc>
    <lastmod>2021-11-03T12:58:17Z</lastmod>
</url><url>
    <loc>https://geoconnex.us/ref/aiannh/5271</loc>
    <lastmod>2021-11-03T12:58:17Z</lastmod>
</url><url>
    <loc>https://geoconnex.us/ref/aiannh/5091</loc>
    <lastmod>2021-11-03T12:58:17Z</lastmod>
</url><url>
    <loc>https://geoconnex.us/ref/aiannh/5106</loc>
    <lastmod>2021-11-03T12:58:17Z</lastmod>
</url><url>
    <loc>https://geoconnex.us/ref/aiannh/5146</loc>
    <lastmod>2021-11-03T12:58:17Z</lastmod>
</url><url>
    <loc>https://geoconnex.us/ref/aiannh/3415</loc>
    <lastmod>2021-11-03T12:58:17Z</lastmod>
</url><url>
    <loc>https://geoconnex.us/ref/aiannh/5161</loc>
    <lastmod>2021-11-03T12:58:17Z</lastmod>
</url><url>
    <loc>https://geoconnex.us/ref/aiannh/5044</loc>
    <lastmod>2021-11-03T12:58:17Z</lastmod>
</url><url>
    <loc>https://geoconnex.us/ref/aiannh/5104</loc>
    <lastmod>2021-11-03T12:58:17Z</lastmod>
</url><url>
    <loc>https://geoconnex.us/ref/aiannh/5053</loc>
    <lastmod>2021-11-03T12:58:17Z</lastmod>
</url><url>
    <loc>https://geoconnex.us/ref/aiannh/5222</loc>
    <lastmod>2021-11-03T12:58:17Z</lastmod>
</url><url>
    <loc>https://geoconnex.us/ref/aiannh/6305</loc>
    <lastmod>2021-11-03T12:58:17Z</lastmod>
</url><url>
    <loc>https://geoconnex.us/ref/aiannh/6530</loc>
    <lastmod>2021-11-03T12:58:17Z</lastmod>
</url><url>
    <loc>https://geoconnex.us/ref/aiannh/2560</loc>
    <lastmod>2021-11-03T12:58:17Z</lastmod>
</url><url>
    <loc>https://geoconnex.us/ref/aiannh/3085</loc>
    <lastmod>2021-11-03T12:58:17Z</lastmod>
</url><url>
    <loc>https://geoconnex.us/ref/aiannh/1825</loc>
    <lastmod>2021-11-03T12:58:17Z</lastmod>
</url><url>
    <loc>https://geoconnex.us/ref/aiannh/0140</loc>
    <lastmod>2021-11-03T12:58:17Z</lastmod>
</url><url>
    <loc>https://geoconnex.us/ref/aiannh/4015</loc>
    <lastmod>2021-11-03T12:58:17Z</lastmod>
</url><url>
    <loc>https://geoconnex.us/ref/aiannh/1963</loc>
    <lastmod>2021-11-03T12:58:17Z</lastmod>
</url><url>
    <loc>https://geoconnex.us/ref/aiannh/3195</loc>
    <lastmod>2021-11-03T12:58:17Z</lastmod>
</url><url>
    <loc>https://geoconnex.us/ref/aiannh/2495</loc>
    <lastmod>2021-11-03T12:58:17Z</lastmod>
</url><url>
    <loc>https://geoconnex.us/ref/aiannh/2147</loc>
    <lastmod>2021-11-03T12:58:17Z</lastmod>
</url><url>
    <loc>https://geoconnex.us/ref/aiannh/6625</loc>
    <lastmod>2021-11-03T12:58:17Z</lastmod>
</url><url>
    <loc>https://geoconnex.us/ref/aiannh/6520</loc>
    <lastmod>2021-11-03T12:58:17Z</lastmod>
</url><url>
    <loc>https://geoconnex.us/ref/aiannh/7625</loc>
    <lastmod>2021-11-03T12:58:17Z</lastmod>
</url><url>
    <loc>https://geoconnex.us/ref/aiannh/3030</loc>
    <lastmod>2021-11-03T12:58:17Z</lastmod>
</url><url>
    <loc>https://geoconnex.us/ref/aiannh/0845</loc>
    <lastmod>2021-11-03T12:58:17Z</lastmod>
</url><url>
    <loc>https://geoconnex.us/ref/aiannh/0225</loc>
    <lastmod>2021-11-03T12:58:17Z</lastmod>
</url><url>
    <loc>https://geoconnex.us/ref/aiannh/2400</loc>
    <lastmod>2021-11-03T12:58:17Z</lastmod>
</url><url>
    <loc>https://geoconnex.us/ref/aiannh/3870</loc>
    <lastmod>2021-11-03T12:58:17Z</lastmod>
</url><url>
    <loc>https://geoconnex.us/ref/aiannh/3020</loc>
    <lastmod>2021-11-03T12:58:17Z</lastmod>
</url><url>
    <loc>https://geoconnex.us/ref/aiannh/4060</loc>
    <lastmod>2021-11-03T12:58:17Z</lastmod>
</url><url>
    <loc>https://geoconnex.us/ref/aiannh/4430</loc>
    <lastmod>2021-11-03T12:58:17Z</lastmod>
</url><url>
    <loc>https://geoconnex.us/ref/aiannh/2715</loc>
    <lastmod>2021-11-03T12:58:17Z</lastmod>
</url><url>
    <loc>https://geoconnex.us/ref/aiannh/0415</loc>
    <lastmod>2021-11-03T12:58:17Z</lastmod>
</url><url>
    <loc>https://geoconnex.us/ref/aiannh/0155</loc>
    <lastmod>2021-11-03T12:58:17Z</lastmod>
</url><url>
    <loc>https://geoconnex.us/ref/aiannh/6500</loc>
    <lastmod>2021-11-03T12:58:17Z</lastmod>
</url><url>
    <loc>https://geoconnex.us/ref/aiannh/7085</loc>
    <lastmod>2021-11-03T12:58:17Z</lastmod>
</url><url>
    <loc>https://geoconnex.us/ref/aiannh/6840</loc>
    <lastmod>2021-11-03T12:58:17Z</lastmod>
</url><url>
    <loc>https://geoconnex.us/ref/aiannh/6255</loc>
    <lastmod>2021-11-03T12:58:17Z</lastmod>
</url><url>
    <loc>https://geoconnex.us/ref/aiannh/7500</loc>
    <lastmod>2021-11-03T12:58:17Z</lastmod>
</url><url>
    <loc>https://geoconnex.us/ref/aiannh/6865</loc>
    <lastmod>2021-11-03T12:58:17Z</lastmod>
</url><url>
    <loc>https://geoconnex.us/ref/aiannh/7650</loc>
    <lastmod>2021-11-03T12:58:17Z</lastmod>
</url><url>
    <loc>https://geoconnex.us/ref/aiannh/4130</loc>
    <lastmod>2021-11-03T12:58:17Z</lastmod>
</url><url>
    <loc>https://geoconnex.us/ref/aiannh/3115</loc>
    <lastmod>2021-11-03T12:58:17Z</lastmod>
</url><url>
    <loc>https://geoconnex.us/ref/aiannh/4625</loc>
    <lastmod>2021-11-03T12:58:17Z</lastmod>
</url><url>
    <loc>https://geoconnex.us/ref/aiannh/3285</loc>
    <lastmod>2021-11-03T12:58:17Z</lastmod>
</url><url>
    <loc>https://geoconnex.us/ref/aiannh/0325</loc>
    <lastmod>2021-11-03T12:58:17Z</lastmod>
</url><url>
    <loc>https://geoconnex.us/ref/aiannh/9950</loc>
    <lastmod>2021-11-03T12:58:17Z</lastmod>
</url><url>
    <loc>https://geoconnex.us/ref/aiannh/7415</loc>
    <lastmod>2021-11-03T12:58:17Z</lastmod>
</url><url>
    <loc>https://geoconnex.us/ref/aiannh/1040</loc>
    <lastmod>2021-11-03T12:58:17Z</lastmod>
</url><url>
    <loc>https://geoconnex.us/ref/aiannh/0165</loc>
    <lastmod>2021-11-03T12:58:17Z</lastmod>
</url><url>
    <loc>https://geoconnex.us/ref/aiannh/6300</loc>
    <lastmod>2021-11-03T12:58:17Z</lastmod>
</url><url>
    <loc>https://geoconnex.us/ref/aiannh/7250</loc>
    <lastmod>2021-11-03T12:58:17Z</lastmod>
</url><url>
    <loc>https://geoconnex.us/ref/aiannh/6490</loc>
    <lastmod>2021-11-03T12:58:17Z</lastmod>
</url><url>
    <loc>https://geoconnex.us/ref/aiannh/7225</loc>
    <lastmod>2021-11-03T12:58:17Z</lastmod>
</url><url>
    <loc>https://geoconnex.us/ref/aiannh/2475</loc>
    <lastmod>2021-11-03T12:58:17Z</lastmod>
</url><url>
    <loc>https://geoconnex.us/ref/aiannh/0575</loc>
    <lastmod>2021-11-03T12:58:17Z</lastmod>
</url><url>
    <loc>https://geoconnex.us/ref/aiannh/2925</loc>
    <lastmod>2021-11-03T12:58:17Z</lastmod>
</url><url>
    <loc>https://geoconnex.us/ref/aiannh/2985</loc>
    <lastmod>2021-11-03T12:58:17Z</lastmod>
</url><url>
    <loc>https://geoconnex.us/ref/aiannh/0335</loc>
    <lastmod>2021-11-03T12:58:17Z</lastmod>
</url><url>
    <loc>https://geoconnex.us/ref/aiannh/5730</loc>
    <lastmod>2021-11-03T12:58:17Z</lastmod>
</url><url>
    <loc>https://geoconnex.us/ref/aiannh/3280</loc>
    <lastmod>2021-11-03T12:58:17Z</lastmod>
</url><url>
    <loc>https://geoconnex.us/ref/aiannh/5088</loc>
    <lastmod>2021-11-03T12:58:17Z</lastmod>
</url><url>
    <loc>https://geoconnex.us/ref/aiannh/5116</loc>
    <lastmod>2021-11-03T12:58:17Z</lastmod>
</url><url>
    <loc>https://geoconnex.us/ref/aiannh/4500</loc>
    <lastmod>2021-11-03T12:58:17Z</lastmod>
</url><url>
    <loc>https://geoconnex.us/ref/aiannh/1055</loc>
    <lastmod>2021-11-03T12:58:17Z</lastmod>
</url><url>
    <loc>https://geoconnex.us/ref/aiannh/3095</loc>
    <lastmod>2021-11-03T12:58:17Z</lastmod>
</url><url>
    <loc>https://geoconnex.us/ref/aiannh/1915</loc>
    <lastmod>2021-11-03T12:58:17Z</lastmod>
</url><url>
    <loc>https://geoconnex.us/ref/aiannh/7315</loc>
    <lastmod>2021-11-03T12:58:17Z</lastmod>
</url><url>
    <loc>https://geoconnex.us/ref/aiannh/7450</loc>
    <lastmod>2021-11-03T12:58:17Z</lastmod>
</url><url>
    <loc>https://geoconnex.us/ref/aiannh/7495</loc>
    <lastmod>2021-11-03T12:58:17Z</lastmod>
</url><url>
    <loc>https://geoconnex.us/ref/aiannh/6015</loc>
    <lastmod>2021-11-03T12:58:17Z</lastmod>
</url><url>
    <loc>https://geoconnex.us/ref/aiannh/6860</loc>
    <lastmod>2021-11-03T12:58:17Z</lastmod>
</url><url>
    <loc>https://geoconnex.us/ref/aiannh/2055</loc>
    <lastmod>2021-11-03T12:58:17Z</lastmod>
</url><url>
    <loc>https://geoconnex.us/ref/aiannh/2150</loc>
    <lastmod>2021-11-03T12:58:17Z</lastmod>
</url><url>
    <loc>https://geoconnex.us/ref/aiannh/5051</loc>
    <lastmod>2021-11-03T12:58:17Z</lastmod>
</url><url>
    <loc>https://geoconnex.us/ref/aiannh/5239</loc>
    <lastmod>2021-11-03T12:58:17Z</lastmod>
</url><url>
    <loc>https://geoconnex.us/ref/aiannh/5640</loc>
    <lastmod>2021-11-03T12:58:17Z</lastmod>
</url><url>
    <loc>https://geoconnex.us/ref/aiannh/3010</loc>
    <lastmod>2021-11-03T12:58:17Z</lastmod>
</url><url>
    <loc>https://geoconnex.us/ref/aiannh/7145</loc>
    <lastmod>2021-11-03T12:58:17Z</lastmod>
</url><url>
    <loc>https://geoconnex.us/ref/aiannh/2070</loc>
    <lastmod>2021-11-03T12:58:17Z</lastmod>
</url><url>
    <loc>https://geoconnex.us/ref/aiannh/0200</loc>
    <lastmod>2021-11-03T12:58:17Z</lastmod>
</url><url>
    <loc>https://geoconnex.us/ref/aiannh/6810</loc>
    <lastmod>2021-11-03T12:58:17Z</lastmod>
</url><url>
    <loc>https://geoconnex.us/ref/aiannh/6995</loc>
    <lastmod>2021-11-03T12:58:17Z</lastmod>
</url><url>
    <loc>https://geoconnex.us/ref/aiannh/6365</loc>
    <lastmod>2021-11-03T12:58:17Z</lastmod>
</url><url>
    <loc>https://geoconnex.us/ref/aiannh/2285</loc>
    <lastmod>2021-11-03T12:58:17Z</lastmod>
</url><url>
    <loc>https://geoconnex.us/ref/aiannh/3885</loc>
    <lastmod>2021-11-03T12:58:17Z</lastmod>
</url><url>
    <loc>https://geoconnex.us/ref/aiannh/5915</loc>
    <lastmod>2021-11-03T12:58:17Z</lastmod>
</url><url>
    <loc>https://geoconnex.us/ref/aiannh/9975</loc>
    <lastmod>2021-11-03T12:58:17Z</lastmod>
</url><url>
    <loc>https://geoconnex.us/ref/aiannh/2850</loc>
    <lastmod>2021-11-03T12:58:17Z</lastmod>
</url><url>
    <loc>https://geoconnex.us/ref/aiannh/0940</loc>
    <lastmod>2021-11-03T12:58:17Z</lastmod>
</url><url>
    <loc>https://geoconnex.us/ref/aiannh/1380</loc>
    <lastmod>2021-11-03T12:58:17Z</lastmod>
</url><url>
    <loc>https://geoconnex.us/ref/aiannh/0265</loc>
    <lastmod>2021-11-03T12:58:17Z</lastmod>
</url><url>
    <loc>https://geoconnex.us/ref/aiannh/4235</loc>
    <lastmod>2021-11-03T12:58:17Z</lastmod>
</url><url>
    <loc>https://geoconnex.us/ref/aiannh/6590</loc>
    <lastmod>2021-11-03T12:58:17Z</lastmod>
</url><url>
    <loc>https://geoconnex.us/ref/aiannh/6680</loc>
    <lastmod>2021-11-03T12:58:17Z</lastmod>
</url><url>
    <loc>https://geoconnex.us/ref/aiannh/7130</loc>
    <lastmod>2021-11-03T12:58:17Z</lastmod>
</url><url>
    <loc>https://geoconnex.us/ref/aiannh/7150</loc>
    <lastmod>2021-11-03T12:58:17Z</lastmod>
</url><url>
    <loc>https://geoconnex.us/ref/aiannh/7260</loc>
    <lastmod>2021-11-03T12:58:17Z</lastmod>
</url><url>
    <loc>https://geoconnex.us/ref/aiannh/6390</loc>
    <lastmod>2021-11-03T12:58:17Z</lastmod>
</url><url>
    <loc>https://geoconnex.us/ref/aiannh/4290</loc>
    <lastmod>2021-11-03T12:58:17Z</lastmod>
</url><url>
    <loc>https://geoconnex.us/ref/aiannh/2085</loc>
    <lastmod>2021-11-03T12:58:17Z</lastmod>
</url><url>
    <loc>https://geoconnex.us/ref/aiannh/2685</loc>
    <lastmod>2021-11-03T12:58:17Z</lastmod>
</url><url>
    <loc>https://geoconnex.us/ref/aiannh/0125</loc>
    <lastmod>2021-11-03T12:58:17Z</lastmod>
</url><url>
    <loc>https://geoconnex.us/ref/aiannh/2820</loc>
    <lastmod>2021-11-03T12:58:17Z</lastmod>
</url><url>
    <loc>https://geoconnex.us/ref/aiannh/6235</loc>
    <lastmod>2021-11-03T12:58:17Z</lastmod>
</url><url>
    <loc>https://geoconnex.us/ref/aiannh/6540</loc>
    <lastmod>2021-11-03T12:58:17Z</lastmod>
</url><url>
    <loc>https://geoconnex.us/ref/aiannh/6650</loc>
    <lastmod>2021-11-03T12:58:17Z</lastmod>
</url><url>
    <loc>https://geoconnex.us/ref/aiannh/6265</loc>
    <lastmod>2021-11-03T12:58:17Z</lastmod>
</url><url>
    <loc>https://geoconnex.us/ref/aiannh/1195</loc>
    <lastmod>2021-11-03T12:58:17Z</lastmod>
</url><url>
    <loc>https://geoconnex.us/ref/aiannh/1770</loc>
    <lastmod>2021-11-03T12:58:17Z</lastmod>
</url><url>
    <loc>https://geoconnex.us/ref/aiannh/3165</loc>
    <lastmod>2021-11-03T12:58:17Z</lastmod>
</url><url>
    <loc>https://geoconnex.us/ref/aiannh/1625</loc>
    <lastmod>2021-11-03T12:58:17Z</lastmod>
</url><url>
    <loc>https://geoconnex.us/ref/aiannh/3000</loc>
    <lastmod>2021-11-03T12:58:17Z</lastmod>
</url><url>
    <loc>https://geoconnex.us/ref/aiannh/4690</loc>
    <lastmod>2021-11-03T12:58:17Z</lastmod>
</url><url>
    <loc>https://geoconnex.us/ref/aiannh/6295</loc>
    <lastmod>2021-11-03T12:58:17Z</lastmod>
</url><url>
    <loc>https://geoconnex.us/ref/aiannh/7065</loc>
    <lastmod>2021-11-03T12:58:17Z</lastmod>
</url><url>
    <loc>https://geoconnex.us/ref/aiannh/7465</loc>
    <lastmod>2021-11-03T12:58:17Z</lastmod>
</url><url>
    <loc>https://geoconnex.us/ref/aiannh/7270</loc>
    <lastmod>2021-11-03T12:58:17Z</lastmod>
</url><url>
    <loc>https://geoconnex.us/ref/aiannh/6945</loc>
    <lastmod>2021-11-03T12:58:17Z</lastmod>
</url><url>
    <loc>https://geoconnex.us/ref/aiannh/7605</loc>
    <lastmod>2021-11-03T12:58:17Z</lastmod>
</url><url>
    <loc>https://geoconnex.us/ref/aiannh/7220</loc>
    <lastmod>2021-11-03T12:58:17Z</lastmod>
</url><url>
    <loc>https://geoconnex.us/ref/aiannh/6040</loc>
    <lastmod>2021-11-03T12:58:17Z</lastmod>
</url><url>
    <loc>https://geoconnex.us/ref/aiannh/6570</loc>
    <lastmod>2021-11-03T12:58:17Z</lastmod>
</url><url>
    <loc>https://geoconnex.us/ref/aiannh/6405</loc>
    <lastmod>2021-11-03T12:58:17Z</lastmod>
</url><url>
    <loc>https://geoconnex.us/ref/aiannh/7475</loc>
    <lastmod>2021-11-03T12:58:17Z</lastmod>
</url><url>
    <loc>https://geoconnex.us/ref/aiannh/7030</loc>
    <lastmod>2021-11-03T12:58:17Z</lastmod>
</url><url>
    <loc>https://geoconnex.us/ref/aiannh/2745</loc>
    <lastmod>2021-11-03T12:58:17Z</lastmod>
</url><url>
    <loc>https://geoconnex.us/ref/aiannh/9963</loc>
    <lastmod>2021-11-03T12:58:17Z</lastmod>
</url><url>
    <loc>https://geoconnex.us/ref/aiannh/1100</loc>
    <lastmod>2021-11-03T12:58:17Z</lastmod>
</url><url>
    <loc>https://geoconnex.us/ref/aiannh/6670</loc>
    <lastmod>2021-11-03T12:58:17Z</lastmod>
</url><url>
    <loc>https://geoconnex.us/ref/aiannh/0510</loc>
    <lastmod>2021-11-03T12:58:17Z</lastmod>
</url><url>
    <loc>https://geoconnex.us/ref/aiannh/2510</loc>
    <lastmod>2021-11-03T12:58:17Z</lastmod>
</url><url>
    <loc>https://geoconnex.us/ref/aiannh/2270</loc>
    <lastmod>2021-11-03T12:58:17Z</lastmod>
</url><url>
    <loc>https://geoconnex.us/ref/aiannh/4708</loc>
    <lastmod>2021-11-03T12:58:17Z</lastmod>
</url><url>
    <loc>https://geoconnex.us/ref/aiannh/2680</loc>
    <lastmod>2021-11-03T12:58:17Z</lastmod>
</url><url>
    <loc>https://geoconnex.us/ref/aiannh/2315</loc>
    <lastmod>2021-11-03T12:58:17Z</lastmod>
</url><url>
    <loc>https://geoconnex.us/ref/aiannh/3480</loc>
    <lastmod>2021-11-03T12:58:17Z</lastmod>
</url><url>
    <loc>https://geoconnex.us/ref/aiannh/4770</loc>
    <lastmod>2021-11-03T12:58:17Z</lastmod>
</url><url>
    <loc>https://geoconnex.us/ref/aiannh/9970</loc>
    <lastmod>2021-11-03T12:58:17Z</lastmod>
</url><url>
    <loc>https://geoconnex.us/ref/aiannh/5181</loc>
    <lastmod>2021-11-03T12:58:17Z</lastmod>
</url><url>
    <loc>https://geoconnex.us/ref/aiannh/5216</loc>
    <lastmod>2021-11-03T12:58:17Z</lastmod>
</url><url>
    <loc>https://geoconnex.us/ref/aiannh/7205</loc>
    <lastmod>2021-11-03T12:58:17Z</lastmod>
</url><url>
    <loc>https://geoconnex.us/ref/aiannh/5970</loc>
    <lastmod>2021-11-03T12:58:17Z</lastmod>
</url><url>
    <loc>https://geoconnex.us/ref/aiannh/6990</loc>
    <lastmod>2021-11-03T12:58:17Z</lastmod>
</url><url>
    <loc>https://geoconnex.us/ref/aiannh/6445</loc>
    <lastmod>2021-11-03T12:58:17Z</lastmod>
</url><url>
    <loc>https://geoconnex.us/ref/aiannh/6415</loc>
    <lastmod>2021-11-03T12:58:17Z</lastmod>
</url><url>
    <loc>https://geoconnex.us/ref/aiannh/6310</loc>
    <lastmod>2021-11-03T12:58:17Z</lastmod>
</url><url>
    <loc>https://geoconnex.us/ref/aiannh/7070</loc>
    <lastmod>2021-11-03T12:58:17Z</lastmod>
</url><url>
    <loc>https://geoconnex.us/ref/aiannh/7485</loc>
    <lastmod>2021-11-03T12:58:17Z</lastmod>
</url><url>
    <loc>https://geoconnex.us/ref/aiannh/7640</loc>
    <lastmod>2021-11-03T12:58:17Z</lastmod>
</url><url>
    <loc>https://geoconnex.us/ref/aiannh/6025</loc>
    <lastmod>2021-11-03T12:58:17Z</lastmod>
</url><url>
    <loc>https://geoconnex.us/ref/aiannh/7055</loc>
    <lastmod>2021-11-03T12:58:17Z</lastmod>
</url><url>
    <loc>https://geoconnex.us/ref/aiannh/6585</loc>
    <lastmod>2021-11-03T12:58:17Z</lastmod>
</url><url>
    <loc>https://geoconnex.us/ref/aiannh/7175</loc>
    <lastmod>2021-11-03T12:58:17Z</lastmod>
</url><url>
    <loc>https://geoconnex.us/ref/aiannh/7410</loc>
    <lastmod>2021-11-03T12:58:17Z</lastmod>
</url><url>
    <loc>https://geoconnex.us/ref/aiannh/3340</loc>
    <lastmod>2021-11-03T12:58:17Z</lastmod>
</url><url>
    <loc>https://geoconnex.us/ref/aiannh/3320</loc>
    <lastmod>2021-11-03T12:58:17Z</lastmod>
</url><url>
    <loc>https://geoconnex.us/ref/aiannh/7510</loc>
    <lastmod>2021-11-03T12:58:17Z</lastmod>
</url><url>
    <loc>https://geoconnex.us/ref/aiannh/6935</loc>
    <lastmod>2021-11-03T12:58:17Z</lastmod>
</url><url>
    <loc>https://geoconnex.us/ref/aiannh/7040</loc>
    <lastmod>2021-11-03T12:58:17Z</lastmod>
</url><url>
    <loc>https://geoconnex.us/ref/aiannh/7255</loc>
    <lastmod>2021-11-03T12:58:17Z</lastmod>
</url><url>
    <loc>https://geoconnex.us/ref/aiannh/7630</loc>
    <lastmod>2021-11-03T12:58:17Z</lastmod>
</url><url>
    <loc>https://geoconnex.us/ref/aiannh/7435</loc>
    <lastmod>2021-11-03T12:58:17Z</lastmod>
</url><url>
    <loc>https://geoconnex.us/ref/aiannh/5061</loc>
    <lastmod>2021-11-03T12:58:17Z</lastmod>
</url><url>
    <loc>https://geoconnex.us/ref/aiannh/5238</loc>
    <lastmod>2021-11-03T12:58:17Z</lastmod>
</url><url>
    <loc>https://geoconnex.us/ref/aiannh/5176</loc>
    <lastmod>2021-11-03T12:58:17Z</lastmod>
</url><url>
    <loc>https://geoconnex.us/ref/aiannh/4075</loc>
    <lastmod>2021-11-03T12:58:17Z</lastmod>
</url><url>
    <loc>https://geoconnex.us/ref/aiannh/2910</loc>
    <lastmod>2021-11-03T12:58:17Z</lastmod>
</url><url>
    <loc>https://geoconnex.us/ref/aiannh/3370</loc>
    <lastmod>2021-11-03T12:58:17Z</lastmod>
</url><url>
    <loc>https://geoconnex.us/ref/aiannh/6340</loc>
    <lastmod>2021-11-03T12:58:17Z</lastmod>
</url><url>
    <loc>https://geoconnex.us/ref/aiannh/6460</loc>
    <lastmod>2021-11-03T12:58:17Z</lastmod>
</url><url>
    <loc>https://geoconnex.us/ref/aiannh/1610</loc>
    <lastmod>2021-11-03T12:58:17Z</lastmod>
</url><url>
    <loc>https://geoconnex.us/ref/aiannh/3735</loc>
    <lastmod>2021-11-03T12:58:17Z</lastmod>
</url><url>
    <loc>https://geoconnex.us/ref/aiannh/5223</loc>
    <lastmod>2021-11-03T12:58:17Z</lastmod>
</url><url>
    <loc>https://geoconnex.us/ref/aiannh/5030</loc>
    <lastmod>2021-11-03T12:58:17Z</lastmod>
</url><url>
    <loc>https://geoconnex.us/ref/aiannh/5046</loc>
    <lastmod>2021-11-03T12:58:17Z</lastmod>
</url><url>
    <loc>https://geoconnex.us/ref/aiannh/3795</loc>
    <lastmod>2021-11-03T12:58:17Z</lastmod>
</url><url>
    <loc>https://geoconnex.us/ref/aiannh/5186</loc>
    <lastmod>2021-11-03T12:58:17Z</lastmod>
</url><url>
    <loc>https://geoconnex.us/ref/aiannh/5033</loc>
    <lastmod>2021-11-03T12:58:17Z</lastmod>
</url><url>
    <loc>https://geoconnex.us/ref/aiannh/5101</loc>
    <lastmod>2021-11-03T12:58:17Z</lastmod>
</url><url>
    <loc>https://geoconnex.us/ref/aiannh/3930</loc>
    <lastmod>2021-11-03T12:58:17Z</lastmod>
</url><url>
    <loc>https://geoconnex.us/ref/aiannh/5800</loc>
    <lastmod>2021-11-03T12:58:17Z</lastmod>
</url><url>
    <loc>https://geoconnex.us/ref/aiannh/6325</loc>
    <lastmod>2021-11-03T12:58:17Z</lastmod>
</url><url>
    <loc>https://geoconnex.us/ref/aiannh/6575</loc>
    <lastmod>2021-11-03T12:58:17Z</lastmod>
</url><url>
    <loc>https://geoconnex.us/ref/aiannh/6450</loc>
    <lastmod>2021-11-03T12:58:17Z</lastmod>
</url><url>
    <loc>https://geoconnex.us/ref/aiannh/2775</loc>
    <lastmod>2021-11-03T12:58:17Z</lastmod>
</url><url>
    <loc>https://geoconnex.us/ref/aiannh/0495</loc>
    <lastmod>2021-11-03T12:58:17Z</lastmod>
</url><url>
    <loc>https://geoconnex.us/ref/aiannh/7530</loc>
    <lastmod>2021-11-03T12:58:17Z</lastmod>
</url><url>
    <loc>https://geoconnex.us/ref/aiannh/1160</loc>
    <lastmod>2021-11-03T12:58:17Z</lastmod>
</url><url>
    <loc>https://geoconnex.us/ref/aiannh/9865</loc>
    <lastmod>2021-11-03T12:58:17Z</lastmod>
</url><url>
    <loc>https://geoconnex.us/ref/aiannh/1750</loc>
    <lastmod>2021-11-03T12:58:17Z</lastmod>
</url><url>
    <loc>https://geoconnex.us/ref/aiannh/2190</loc>
    <lastmod>2021-11-03T12:58:17Z</lastmod>
</url><url>
    <loc>https://geoconnex.us/ref/aiannh/4090</loc>
    <lastmod>2021-11-03T12:58:17Z</lastmod>
</url><url>
    <loc>https://geoconnex.us/ref/aiannh/4530</loc>
    <lastmod>2021-11-03T12:58:17Z</lastmod>
</url><url>
    <loc>https://geoconnex.us/ref/aiannh/4225</loc>
    <lastmod>2021-11-03T12:58:17Z</lastmod>
</url><url>
    <loc>https://geoconnex.us/ref/aiannh/5056</loc>
    <lastmod>2021-11-03T12:58:17Z</lastmod>
</url><url>
    <loc>https://geoconnex.us/ref/aiannh/1590</loc>
    <lastmod>2021-11-03T12:58:17Z</lastmod>
</url><url>
    <loc>https://geoconnex.us/ref/aiannh/7505</loc>
    <lastmod>2021-11-03T12:58:17Z</lastmod>
</url><url>
    <loc>https://geoconnex.us/ref/aiannh/6515</loc>
    <lastmod>2021-11-03T12:58:17Z</lastmod>
</url><url>
    <loc>https://geoconnex.us/ref/aiannh/6125</loc>
    <lastmod>2021-11-03T12:58:17Z</lastmod>
</url><url>
    <loc>https://geoconnex.us/ref/aiannh/6150</loc>
    <lastmod>2021-11-03T12:58:17Z</lastmod>
</url><url>
    <loc>https://geoconnex.us/ref/aiannh/6765</loc>
    <lastmod>2021-11-03T12:58:17Z</lastmod>
</url><url>
    <loc>https://geoconnex.us/ref/aiannh/6385</loc>
    <lastmod>2021-11-03T12:58:17Z</lastmod>
</url><url>
    <loc>https://geoconnex.us/ref/aiannh/1410</loc>
    <lastmod>2021-11-03T12:58:17Z</lastmod>
</url><url>
    <loc>https://geoconnex.us/ref/aiannh/3780</loc>
    <lastmod>2021-11-03T12:58:17Z</lastmod>
</url><url>
    <loc>https://geoconnex.us/ref/aiannh/9838</loc>
    <lastmod>2021-11-03T12:58:17Z</lastmod>
</url><url>
    <loc>https://geoconnex.us/ref/aiannh/5179</loc>
    <lastmod>2021-11-03T12:58:17Z</lastmod>
</url><url>
    <loc>https://geoconnex.us/ref/aiannh/5083</loc>
    <lastmod>2021-11-03T12:58:17Z</lastmod>
</url><url>
    <loc>https://geoconnex.us/ref/aiannh/5276</loc>
    <lastmod>2021-11-03T12:58:17Z</lastmod>
</url><url>
    <loc>https://geoconnex.us/ref/aiannh/4315</loc>
    <lastmod>2021-11-03T12:58:17Z</lastmod>
</url><url>
    <loc>https://geoconnex.us/ref/aiannh/9830</loc>
    <lastmod>2021-11-03T12:58:17Z</lastmod>
</url><url>
    <loc>https://geoconnex.us/ref/aiannh/2375</loc>
    <lastmod>2021-11-03T12:58:17Z</lastmod>
</url><url>
    <loc>https://geoconnex.us/ref/aiannh/3680</loc>
    <lastmod>2021-11-03T12:58:17Z</lastmod>
</url><url>
    <loc>https://geoconnex.us/ref/aiannh/6160</loc>
    <lastmod>2021-11-03T12:58:17Z</lastmod>
</url><url>
    <loc>https://geoconnex.us/ref/aiannh/7560</loc>
    <lastmod>2021-11-03T12:58:17Z</lastmod>
</url><url>
    <loc>https://geoconnex.us/ref/aiannh/6685</loc>
    <lastmod>2021-11-03T12:58:17Z</lastmod>
</url><url>
    <loc>https://geoconnex.us/ref/aiannh/6495</loc>
    <lastmod>2021-11-03T12:58:17Z</lastmod>
</url><url>
    <loc>https://geoconnex.us/ref/aiannh/1880</loc>
    <lastmod>2021-11-03T12:58:17Z</lastmod>
</url><url>
    <loc>https://geoconnex.us/ref/aiannh/0815</loc>
    <lastmod>2021-11-03T12:58:17Z</lastmod>
</url><url>
    <loc>https://geoconnex.us/ref/aiannh/6740</loc>
    <lastmod>2021-11-03T12:58:17Z</lastmod>
</url><url>
    <loc>https://geoconnex.us/ref/aiannh/4710</loc>
    <lastmod>2021-11-03T12:58:17Z</lastmod>
</url><url>
    <loc>https://geoconnex.us/ref/aiannh/1220</loc>
    <lastmod>2021-11-03T12:58:17Z</lastmod>
</url><url>
    <loc>https://geoconnex.us/ref/aiannh/3840</loc>
    <lastmod>2021-11-03T12:58:17Z</lastmod>
</url><url>
    <loc>https://geoconnex.us/ref/aiannh/6620</loc>
    <lastmod>2021-11-03T12:58:17Z</lastmod>
</url><url>
    <loc>https://geoconnex.us/ref/aiannh/1830</loc>
    <lastmod>2021-11-03T12:58:17Z</lastmod>
</url><url>
    <loc>https://geoconnex.us/ref/aiannh/0975</loc>
    <lastmod>2021-11-03T12:58:17Z</lastmod>
</url><url>
    <loc>https://geoconnex.us/ref/aiannh/9825</loc>
    <lastmod>2021-11-03T12:58:17Z</lastmod>
</url><url>
    <loc>https://geoconnex.us/ref/aiannh/2865</loc>
    <lastmod>2021-11-03T12:58:17Z</lastmod>
</url><url>
    <loc>https://geoconnex.us/ref/aiannh/6700</loc>
    <lastmod>2021-11-03T12:58:17Z</lastmod>
</url><url>
    <loc>https://geoconnex.us/ref/aiannh/3635</loc>
    <lastmod>2021-11-03T12:58:17Z</lastmod>
</url><url>
    <loc>https://geoconnex.us/ref/aiannh/2635</loc>
    <lastmod>2021-11-03T12:58:17Z</lastmod>
</url><url>
    <loc>https://geoconnex.us/ref/aiannh/1655</loc>
    <lastmod>2021-11-03T12:58:17Z</lastmod>
</url><url>
    <loc>https://geoconnex.us/ref/aiannh/2360</loc>
    <lastmod>2021-11-03T12:58:17Z</lastmod>
</url><url>
    <loc>https://geoconnex.us/ref/aiannh/7375</loc>
    <lastmod>2021-11-03T12:58:17Z</lastmod>
</url><url>
    <loc>https://geoconnex.us/ref/aiannh/6735</loc>
    <lastmod>2021-11-03T12:58:17Z</lastmod>
</url><url>
    <loc>https://geoconnex.us/ref/aiannh/5004</loc>
    <lastmod>2021-11-03T12:58:17Z</lastmod>
</url><url>
    <loc>https://geoconnex.us/ref/aiannh/9510</loc>
    <lastmod>2021-11-03T12:58:17Z</lastmod>
</url><url>
    <loc>https://geoconnex.us/ref/aiannh/6420</loc>
    <lastmod>2021-11-03T12:58:17Z</lastmod>
</url><url>
    <loc>https://geoconnex.us/ref/aiannh/7735</loc>
    <lastmod>2021-11-03T12:58:17Z</lastmod>
</url><url>
    <loc>https://geoconnex.us/ref/aiannh/7645</loc>
    <lastmod>2021-11-03T12:58:17Z</lastmod>
</url><url>
    <loc>https://geoconnex.us/ref/aiannh/9525</loc>
    <lastmod>2021-11-03T12:58:17Z</lastmod>
</url><url>
    <loc>https://geoconnex.us/ref/aiannh/7215</loc>
    <lastmod>2021-11-03T12:58:17Z</lastmod>
</url><url>
    <loc>https://geoconnex.us/ref/aiannh/1475</loc>
    <lastmod>2021-11-03T12:58:17Z</lastmod>
</url><url>
    <loc>https://geoconnex.us/ref/aiannh/5031</loc>
    <lastmod>2021-11-03T12:58:17Z</lastmod>
</url><url>
    <loc>https://geoconnex.us/ref/aiannh/1685</loc>
    <lastmod>2021-11-03T12:58:17Z</lastmod>
</url><url>
    <loc>https://geoconnex.us/ref/aiannh/2550</loc>
    <lastmod>2021-11-03T12:58:17Z</lastmod>
</url><url>
    <loc>https://geoconnex.us/ref/aiannh/5041</loc>
    <lastmod>2021-11-03T12:58:17Z</lastmod>
</url><url>
    <loc>https://geoconnex.us/ref/aiannh/5138</loc>
    <lastmod>2021-11-03T12:58:17Z</lastmod>
</url><url>
    <loc>https://geoconnex.us/ref/aiannh/5213</loc>
    <lastmod>2021-11-03T12:58:17Z</lastmod>
</url><url>
    <loc>https://geoconnex.us/ref/aiannh/5120</loc>
    <lastmod>2021-11-03T12:58:17Z</lastmod>
</url><url>
    <loc>https://geoconnex.us/ref/aiannh/5086</loc>
    <lastmod>2021-11-03T12:58:17Z</lastmod>
</url><url>
    <loc>https://geoconnex.us/ref/aiannh/5133</loc>
    <lastmod>2021-11-03T12:58:17Z</lastmod>
</url><url>
    <loc>https://geoconnex.us/ref/aiannh/5066</loc>
    <lastmod>2021-11-03T12:58:17Z</lastmod>
</url><url>
    <loc>https://geoconnex.us/ref/aiannh/5256</loc>
    <lastmod>2021-11-03T12:58:17Z</lastmod>
</url><url>
    <loc>https://geoconnex.us/ref/aiannh/2760</loc>
    <lastmod>2021-11-03T12:58:17Z</lastmod>
</url><url>
    <loc>https://geoconnex.us/ref/aiannh/2695</loc>
    <lastmod>2021-11-03T12:58:17Z</lastmod>
</url><url>
    <loc>https://geoconnex.us/ref/aiannh/3040</loc>
    <lastmod>2021-11-03T12:58:17Z</lastmod>
</url><url>
    <loc>https://geoconnex.us/ref/aiannh/3925</loc>
    <lastmod>2021-11-03T12:58:17Z</lastmod>
</url><url>
    <loc>https://geoconnex.us/ref/aiannh/9630</loc>
    <lastmod>2021-11-03T12:58:17Z</lastmod>
</url><url>
    <loc>https://geoconnex.us/ref/aiannh/3565</loc>
    <lastmod>2021-11-03T12:58:17Z</lastmod>
</url><url>
    <loc>https://geoconnex.us/ref/aiannh/2900</loc>
    <lastmod>2021-11-03T12:58:17Z</lastmod>
</url><url>
    <loc>https://geoconnex.us/ref/aiannh/8450</loc>
    <lastmod>2021-11-03T12:58:17Z</lastmod>
</url><url>
    <loc>https://geoconnex.us/ref/aiannh/7340</loc>
    <lastmod>2021-11-03T12:58:17Z</lastmod>
</url><url>
    <loc>https://geoconnex.us/ref/aiannh/1850</loc>
    <lastmod>2021-11-03T12:58:17Z</lastmod>
</url><url>
    <loc>https://geoconnex.us/ref/aiannh/2580</loc>
    <lastmod>2021-11-03T12:58:17Z</lastmod>
</url><url>
    <loc>https://geoconnex.us/ref/aiannh/6400</loc>
    <lastmod>2021-11-03T12:58:17Z</lastmod>
</url><url>
    <loc>https://geoconnex.us/ref/aiannh/6535</loc>
    <lastmod>2021-11-03T12:58:17Z</lastmod>
</url><url>
    <loc>https://geoconnex.us/ref/aiannh/5670</loc>
    <lastmod>2021-11-03T12:58:17Z</lastmod>
</url><url>
    <loc>https://geoconnex.us/ref/aiannh/2570</loc>
    <lastmod>2021-11-03T12:58:17Z</lastmod>
</url><url>
    <loc>https://geoconnex.us/ref/aiannh/2175</loc>
    <lastmod>2021-11-03T12:58:17Z</lastmod>
</url><url>
    <loc>https://geoconnex.us/ref/aiannh/6380</loc>
    <lastmod>2021-11-03T12:58:17Z</lastmod>
</url><url>
    <loc>https://geoconnex.us/ref/aiannh/1280</loc>
    <lastmod>2021-11-03T12:58:17Z</lastmod>
</url><url>
    <loc>https://geoconnex.us/ref/aiannh/3220</loc>
    <lastmod>2021-11-03T12:58:17Z</lastmod>
</url><url>
    <loc>https://geoconnex.us/ref/aiannh/1980</loc>
    <lastmod>2021-11-03T12:58:17Z</lastmod>
</url><url>
    <loc>https://geoconnex.us/ref/aiannh/1065</loc>
    <lastmod>2021-11-03T12:58:17Z</lastmod>
</url><url>
    <loc>https://geoconnex.us/ref/aiannh/7570</loc>
    <lastmod>2021-11-03T12:58:17Z</lastmod>
</url><url>
    <loc>https://geoconnex.us/ref/aiannh/6900</loc>
    <lastmod>2021-11-03T12:58:17Z</lastmod>
</url><url>
    <loc>https://geoconnex.us/ref/aiannh/7025</loc>
    <lastmod>2021-11-03T12:58:17Z</lastmod>
</url><url>
    <loc>https://geoconnex.us/ref/aiannh/6030</loc>
    <lastmod>2021-11-03T12:58:17Z</lastmod>
</url><url>
    <loc>https://geoconnex.us/ref/aiannh/1960</loc>
    <lastmod>2021-11-03T12:58:17Z</lastmod>
</url><url>
    <loc>https://geoconnex.us/ref/aiannh/4345</loc>
    <lastmod>2021-11-03T12:58:17Z</lastmod>
</url><url>
    <loc>https://geoconnex.us/ref/aiannh/3205</loc>
    <lastmod>2021-11-03T12:58:17Z</lastmod>
</url><url>
    <loc>https://geoconnex.us/ref/aiannh/1150</loc>
    <lastmod>2021-11-03T12:58:17Z</lastmod>
</url><url>
    <loc>https://geoconnex.us/ref/aiannh/1995</loc>
    <lastmod>2021-11-03T12:58:17Z</lastmod>
</url><url>
    <loc>https://geoconnex.us/ref/aiannh/1170</loc>
    <lastmod>2021-11-03T12:58:17Z</lastmod>
</url><url>
    <loc>https://geoconnex.us/ref/aiannh/7690</loc>
    <lastmod>2021-11-03T12:58:17Z</lastmod>
</url><url>
    <loc>https://geoconnex.us/ref/aiannh/5890</loc>
    <lastmod>2021-11-03T12:58:17Z</lastmod>
</url><url>
    <loc>https://geoconnex.us/ref/aiannh/9850</loc>
    <lastmod>2021-11-03T12:58:17Z</lastmod>
</url><url>
    <loc>https://geoconnex.us/ref/aiannh/0360</loc>
    <lastmod>2021-11-03T12:58:17Z</lastmod>
</url><url>
    <loc>https://geoconnex.us/ref/aiannh/0795</loc>
    <lastmod>2021-11-03T12:58:17Z</lastmod>
</url><url>
    <loc>https://geoconnex.us/ref/aiannh/3130</loc>
    <lastmod>2021-11-03T12:58:17Z</lastmod>
</url><url>
    <loc>https://geoconnex.us/ref/aiannh/6257</loc>
    <lastmod>2021-11-03T12:58:17Z</lastmod>
</url><url>
    <loc>https://geoconnex.us/ref/aiannh/1450</loc>
    <lastmod>2021-11-03T12:58:17Z</lastmod>
</url><url>
    <loc>https://geoconnex.us/ref/aiannh/5236</loc>
    <lastmod>2021-11-03T12:58:17Z</lastmod>
</url><url>
    <loc>https://geoconnex.us/ref/aiannh/5136</loc>
    <lastmod>2021-11-03T12:58:17Z</lastmod>
</url><url>
    <loc>https://geoconnex.us/ref/aiannh/5139</loc>
    <lastmod>2021-11-03T12:58:17Z</lastmod>
</url><url>
    <loc>https://geoconnex.us/ref/aiannh/5283</loc>
    <lastmod>2021-11-03T12:58:17Z</lastmod>
</url><url>
    <loc>https://geoconnex.us/ref/aiannh/1800</loc>
    <lastmod>2021-11-03T12:58:17Z</lastmod>
</url><url>
    <loc>https://geoconnex.us/ref/aiannh/5018</loc>
    <lastmod>2021-11-03T12:58:17Z</lastmod>
</url><url>
    <loc>https://geoconnex.us/ref/aiannh/5199</loc>
    <lastmod>2021-11-03T12:58:17Z</lastmod>
</url><url>
    <loc>https://geoconnex.us/ref/aiannh/3980</loc>
    <lastmod>2021-11-03T12:58:17Z</lastmod>
</url><url>
    <loc>https://geoconnex.us/ref/aiannh/4740</loc>
    <lastmod>2021-11-03T12:58:17Z</lastmod>
</url><url>
    <loc>https://geoconnex.us/ref/aiannh/9240</loc>
    <lastmod>2021-11-03T12:58:17Z</lastmod>
</url><url>
    <loc>https://geoconnex.us/ref/aiannh/6360</loc>
    <lastmod>2021-11-03T12:58:17Z</lastmod>
</url><url>
    <loc>https://geoconnex.us/ref/aiannh/7230</loc>
    <lastmod>2021-11-03T12:58:17Z</lastmod>
</url><url>
    <loc>https://geoconnex.us/ref/aiannh/7425</loc>
    <lastmod>2021-11-03T12:58:17Z</lastmod>
</url><url>
    <loc>https://geoconnex.us/ref/aiannh/7400</loc>
    <lastmod>2021-11-03T12:58:17Z</lastmod>
</url><url>
    <loc>https://geoconnex.us/ref/aiannh/6845</loc>
    <lastmod>2021-11-03T12:58:17Z</lastmod>
</url><url>
    <loc>https://geoconnex.us/ref/aiannh/6330</loc>
    <lastmod>2021-11-03T12:58:17Z</lastmod>
</url><url>
    <loc>https://geoconnex.us/ref/aiannh/7525</loc>
    <lastmod>2021-11-03T12:58:17Z</lastmod>
</url><url>
    <loc>https://geoconnex.us/ref/aiannh/6560</loc>
    <lastmod>2021-11-03T12:58:17Z</lastmod>
</url><url>
    <loc>https://geoconnex.us/ref/aiannh/7305</loc>
    <lastmod>2021-11-03T12:58:17Z</lastmod>
</url><url>
    <loc>https://geoconnex.us/ref/aiannh/5286</loc>
    <lastmod>2021-11-03T12:58:17Z</lastmod>
</url><url>
    <loc>https://geoconnex.us/ref/aiannh/4180</loc>
    <lastmod>2021-11-03T12:58:17Z</lastmod>
</url><url>
    <loc>https://geoconnex.us/ref/aiannh/0050</loc>
    <lastmod>2021-11-03T12:58:17Z</lastmod>
</url><url>
    <loc>https://geoconnex.us/ref/aiannh/2460</loc>
    <lastmod>2021-11-03T12:58:17Z</lastmod>
</url><url>
    <loc>https://geoconnex.us/ref/aiannh/4275</loc>
    <lastmod>2021-11-03T12:58:17Z</lastmod>
</url><url>
    <loc>https://geoconnex.us/ref/aiannh/7725</loc>
    <lastmod>2021-11-03T12:58:17Z</lastmod>
</url><url>
    <loc>https://geoconnex.us/ref/aiannh/6095</loc>
    <lastmod>2021-11-03T12:58:17Z</lastmod>
</url><url>
    <loc>https://geoconnex.us/ref/aiannh/7555</loc>
    <lastmod>2021-11-03T12:58:17Z</lastmod>
</url><url>
    <loc>https://geoconnex.us/ref/aiannh/7520</loc>
    <lastmod>2021-11-03T12:58:17Z</lastmod>
</url><url>
    <loc>https://geoconnex.us/ref/aiannh/6800</loc>
    <lastmod>2021-11-03T12:58:17Z</lastmod>
</url><url>
    <loc>https://geoconnex.us/ref/aiannh/7265</loc>
    <lastmod>2021-11-03T12:58:17Z</lastmod>
</url><url>
    <loc>https://geoconnex.us/ref/aiannh/6190</loc>
    <lastmod>2021-11-03T12:58:17Z</lastmod>
</url><url>
    <loc>https://geoconnex.us/ref/aiannh/6705</loc>
    <lastmod>2021-11-03T12:58:17Z</lastmod>
</url><url>
    <loc>https://geoconnex.us/ref/aiannh/9844</loc>
    <lastmod>2021-11-03T12:58:17Z</lastmod>
</url><url>
    <loc>https://geoconnex.us/ref/aiannh/0825</loc>
    <lastmod>2021-11-03T12:58:17Z</lastmod>
</url><url>
    <loc>https://geoconnex.us/ref/aiannh/9967</loc>
    <lastmod>2021-11-03T12:58:17Z</lastmod>
</url><url>
    <loc>https://geoconnex.us/ref/aiannh/0635</loc>
    <lastmod>2021-11-03T12:58:17Z</lastmod>
</url><url>
    <loc>https://geoconnex.us/ref/aiannh/5281</loc>
    <lastmod>2021-11-03T12:58:17Z</lastmod>
</url><url>
    <loc>https://geoconnex.us/ref/aiannh/1640</loc>
    <lastmod>2021-11-03T12:58:17Z</lastmod>
</url><url>
    <loc>https://geoconnex.us/ref/aiannh/0435</loc>
    <lastmod>2021-11-03T12:58:17Z</lastmod>
</url><url>
    <loc>https://geoconnex.us/ref/aiannh/4045</loc>
    <lastmod>2021-11-03T12:58:17Z</lastmod>
</url><url>
    <loc>https://geoconnex.us/ref/aiannh/6315</loc>
    <lastmod>2021-11-03T12:58:17Z</lastmod>
</url><url>
    <loc>https://geoconnex.us/ref/aiannh/4725</loc>
    <lastmod>2021-11-03T12:58:17Z</lastmod>
</url><url>
    <loc>https://geoconnex.us/ref/aiannh/2145</loc>
    <lastmod>2021-11-03T12:58:17Z</lastmod>
</url><url>
    <loc>https://geoconnex.us/ref/aiannh/1235</loc>
    <lastmod>2021-11-03T12:58:17Z</lastmod>
</url><url>
    <loc>https://geoconnex.us/ref/aiannh/0990</loc>
    <lastmod>2021-11-03T12:58:17Z</lastmod>
</url><url>
    <loc>https://geoconnex.us/ref/aiannh/3495</loc>
    <lastmod>2021-11-03T12:58:17Z</lastmod>
</url><url>
    <loc>https://geoconnex.us/ref/aiannh/8750</loc>
    <lastmod>2021-11-03T12:58:17Z</lastmod>
</url><url>
    <loc>https://geoconnex.us/ref/aiannh/4445</loc>
    <lastmod>2021-11-03T12:58:17Z</lastmod>
</url><url>
    <loc>https://geoconnex.us/ref/aiannh/7535</loc>
    <lastmod>2021-11-03T12:58:17Z</lastmod>
</url><url>
    <loc>https://geoconnex.us/ref/aiannh/0735</loc>
    <lastmod>2021-11-03T12:58:17Z</lastmod>
</url><url>
    <loc>https://geoconnex.us/ref/aiannh/1545</loc>
    <lastmod>2021-11-03T12:58:17Z</lastmod>
</url><url>
    <loc>https://geoconnex.us/ref/aiannh/2130</loc>
    <lastmod>2021-11-03T12:58:17Z</lastmod>
</url><url>
    <loc>https://geoconnex.us/ref/aiannh/1720</loc>
    <lastmod>2021-11-03T12:58:17Z</lastmod>
</url><url>
    <loc>https://geoconnex.us/ref/aiannh/1070</loc>
    <lastmod>2021-11-03T12:58:17Z</lastmod>
</url><url>
    <loc>https://geoconnex.us/ref/aiannh/0120</loc>
    <lastmod>2021-11-03T12:58:17Z</lastmod>
</url><url>
    <loc>https://geoconnex.us/ref/aiannh/3540</loc>
    <lastmod>2021-11-03T12:58:17Z</lastmod>
</url><url>
    <loc>https://geoconnex.us/ref/aiannh/0585</loc>
    <lastmod>2021-11-03T12:58:17Z</lastmod>
</url><url>
    <loc>https://geoconnex.us/ref/aiannh/5835</loc>
    <lastmod>2021-11-03T12:58:17Z</lastmod>
</url><url>
    <loc>https://geoconnex.us/ref/aiannh/5810</loc>
    <lastmod>2021-11-03T12:58:17Z</lastmod>
</url><url>
    <loc>https://geoconnex.us/ref/aiannh/0770</loc>
    <lastmod>2021-11-03T12:58:17Z</lastmod>
</url><url>
    <loc>https://geoconnex.us/ref/aiannh/5760</loc>
    <lastmod>2021-11-03T12:58:17Z</lastmod>
</url><url>
    <loc>https://geoconnex.us/ref/aiannh/0115</loc>
    <lastmod>2021-11-03T12:58:17Z</lastmod>
</url><url>
    <loc>https://geoconnex.us/ref/aiannh/1530</loc>
    <lastmod>2021-11-03T12:58:17Z</lastmod>
</url><url>
    <loc>https://geoconnex.us/ref/aiannh/6875</loc>
    <lastmod>2021-11-03T12:58:17Z</lastmod>
</url><url>
    <loc>https://geoconnex.us/ref/aiannh/6140</loc>
    <lastmod>2021-11-03T12:58:17Z</lastmod>
</url><url>
    <loc>https://geoconnex.us/ref/aiannh/6020</loc>
    <lastmod>2021-11-03T12:58:17Z</lastmod>
</url><url>
    <loc>https://geoconnex.us/ref/aiannh/7235</loc>
    <lastmod>2021-11-03T12:58:17Z</lastmod>
</url><url>
    <loc>https://geoconnex.us/ref/aiannh/3305</loc>
    <lastmod>2021-11-03T12:58:17Z</lastmod>
</url><url>
    <loc>https://geoconnex.us/ref/aiannh/7655</loc>
    <lastmod>2021-11-03T12:58:17Z</lastmod>
</url><url>
    <loc>https://geoconnex.us/ref/aiannh/6035</loc>
    <lastmod>2021-11-03T12:58:17Z</lastmod>
</url><url>
    <loc>https://geoconnex.us/ref/aiannh/7420</loc>
    <lastmod>2021-11-03T12:58:17Z</lastmod>
</url><url>
    <loc>https://geoconnex.us/ref/aiannh/6610</loc>
    <lastmod>2021-11-03T12:58:17Z</lastmod>
</url><url>
    <loc>https://geoconnex.us/ref/aiannh/7010</loc>
    <lastmod>2021-11-03T12:58:17Z</lastmod>
</url><url>
    <loc>https://geoconnex.us/ref/aiannh/2890</loc>
    <lastmod>2021-11-03T12:58:17Z</lastmod>
</url><url>
    <loc>https://geoconnex.us/ref/aiannh/2340</loc>
    <lastmod>2021-11-03T12:58:17Z</lastmod>
</url><url>
    <loc>https://geoconnex.us/ref/aiannh/5795</loc>
    <lastmod>2021-11-03T12:58:17Z</lastmod>
</url><url>
    <loc>https://geoconnex.us/ref/aiannh/5950</loc>
    <lastmod>2021-11-03T12:58:17Z</lastmod>
</url><url>
    <loc>https://geoconnex.us/ref/aiannh/5860</loc>
    <lastmod>2021-11-03T12:58:17Z</lastmod>
</url><url>
    <loc>https://geoconnex.us/ref/aiannh/2415</loc>
    <lastmod>2021-11-03T12:58:17Z</lastmod>
</url><url>
    <loc>https://geoconnex.us/ref/aiannh/9875</loc>
    <lastmod>2021-11-03T12:58:17Z</lastmod>
</url><url>
    <loc>https://geoconnex.us/ref/aiannh/1575</loc>
    <lastmod>2021-11-03T12:58:17Z</lastmod>
</url><url>
    <loc>https://geoconnex.us/ref/aiannh/4515</loc>
    <lastmod>2021-11-03T12:58:17Z</lastmod>
</url><url>
    <loc>https://geoconnex.us/ref/aiannh/0965</loc>
    <lastmod>2021-11-03T12:58:17Z</lastmod>
</url><url>
    <loc>https://geoconnex.us/ref/aiannh/0170</loc>
    <lastmod>2021-11-03T12:58:17Z</lastmod>
</url><url>
    <loc>https://geoconnex.us/ref/aiannh/1340</loc>
    <lastmod>2021-11-03T12:58:17Z</lastmod>
</url><url>
    <loc>https://geoconnex.us/ref/aiannh/3525</loc>
    <lastmod>2021-11-03T12:58:17Z</lastmod>
</url><url>
    <loc>https://geoconnex.us/ref/aiannh/4095</loc>
    <lastmod>2021-11-03T12:58:17Z</lastmod>
</url><url>
    <loc>https://geoconnex.us/ref/aiannh/0450</loc>
    <lastmod>2021-11-03T12:58:17Z</lastmod>
</url><url>
    <loc>https://geoconnex.us/ref/aiannh/0525</loc>
    <lastmod>2021-11-03T12:58:17Z</lastmod>
</url><url>
    <loc>https://geoconnex.us/ref/aiannh/9350</loc>
    <lastmod>2021-11-03T12:58:17Z</lastmod>
</url><url>
    <loc>https://geoconnex.us/ref/aiannh/4300</loc>
    <lastmod>2021-11-03T12:58:17Z</lastmod>
</url><url>
    <loc>https://geoconnex.us/ref/aiannh/3585</loc>
    <lastmod>2021-11-03T12:58:17Z</lastmod>
</url><url>
    <loc>https://geoconnex.us/ref/aiannh/3855</loc>
    <lastmod>2021-11-03T12:58:17Z</lastmod>
</url><url>
    <loc>https://geoconnex.us/ref/aiannh/2030</loc>
    <lastmod>2021-11-03T12:58:17Z</lastmod>
</url><url>
    <loc>https://geoconnex.us/ref/aiannh/5700</loc>
    <lastmod>2021-11-03T12:58:17Z</lastmod>
</url><url>
    <loc>https://geoconnex.us/ref/aiannh/5241</loc>
    <lastmod>2021-11-03T12:58:17Z</lastmod>
</url><url>
    <loc>https://geoconnex.us/ref/aiannh/1210</loc>
    <lastmod>2021-11-03T12:58:17Z</lastmod>
</url><url>
    <loc>https://geoconnex.us/ref/aiannh/4560</loc>
    <lastmod>2021-11-03T12:58:17Z</lastmod>
</url><url>
    <loc>https://geoconnex.us/ref/aiannh/3460</loc>
    <lastmod>2021-11-03T12:58:17Z</lastmod>
</url><url>
    <loc>https://geoconnex.us/ref/aiannh/0695</loc>
    <lastmod>2021-11-03T12:58:17Z</lastmod>
</url><url>
    <loc>https://geoconnex.us/ref/aiannh/5690</loc>
    <lastmod>2021-11-03T12:58:17Z</lastmod>
</url><url>
    <loc>https://geoconnex.us/ref/aiannh/8300</loc>
    <lastmod>2021-11-03T12:58:17Z</lastmod>
</url><url>
    <loc>https://geoconnex.us/ref/aiannh/6850</loc>
    <lastmod>2021-11-03T12:58:17Z</lastmod>
</url><url>
    <loc>https://geoconnex.us/ref/aiannh/1400</loc>
    <lastmod>2021-11-03T12:58:17Z</lastmod>
</url><url>
    <loc>https://geoconnex.us/ref/aiannh/2980</loc>
    <lastmod>2021-11-03T12:58:17Z</lastmod>
</url><url>
    <loc>https://geoconnex.us/ref/aiannh/4000</loc>
    <lastmod>2021-11-03T12:58:17Z</lastmod>
</url><url>
    <loc>https://geoconnex.us/ref/aiannh/4170</loc>
    <lastmod>2021-11-03T12:58:17Z</lastmod>
</url><url>
    <loc>https://geoconnex.us/ref/aiannh/0680</loc>
    <lastmod>2021-11-03T12:58:17Z</lastmod>
</url><url>
    <loc>https://geoconnex.us/ref/aiannh/0705</loc>
    <lastmod>2021-11-03T12:58:17Z</lastmod>
</url><url>
    <loc>https://geoconnex.us/ref/aiannh/5043</loc>
    <lastmod>2021-11-03T12:58:17Z</lastmod>
</url><url>
    <loc>https://geoconnex.us/ref/aiannh/5003</loc>
    <lastmod>2021-11-03T12:58:17Z</lastmod>
</url><url>
    <loc>https://geoconnex.us/ref/aiannh/1370</loc>
    <lastmod>2021-11-03T12:58:17Z</lastmod>
</url><url>
    <loc>https://geoconnex.us/ref/aiannh/3445</loc>
    <lastmod>2021-11-03T12:58:17Z</lastmod>
</url><url>
    <loc>https://geoconnex.us/ref/aiannh/5201</loc>
    <lastmod>2021-11-03T12:58:17Z</lastmod>
</url><url>
    <loc>https://geoconnex.us/ref/aiannh/1365</loc>
    <lastmod>2021-11-03T12:58:17Z</lastmod>
</url></ns0:urlset>