<?xml version='1.0' encoding='utf-8'?>
<ns0:sitemapindex xmlns:ns0="http://www.sitemaps.org/schemas/sitemap/0.9">
<sitemap>
    <loc>https://geoconnex.us/sitemap/CUAHSI/CUAHSI_HIS_IRWA_ids__0.xml</loc>
    <lastmod>2020-07-28T00:37:23Z</lastmod>
</sitemap><sitemap>
    <loc>https://geoconnex.us/sitemap/CUAHSI/CUAHSI_HIS_Red_Butte_Creek_GAMUT_ids__0.xml</loc>
    <lastmod>2020-07-28T00:37:23Z</lastmod>
</sitemap><sitemap>
    <loc>https://geoconnex.us/sitemap/CUAHSI/CUAHSI_HIS_Mazar_River_Project_ids__0.xml</loc>
    <lastmod>2020-07-28T00:37:23Z</lastmod>
</sitemap><sitemap>
    <loc>https://geoconnex.us/sitemap/CUAHSI/CUAHSI_HIS_CUISO_ids__0.xml</loc>
    <lastmod>2020-07-28T00:37:23Z</lastmod>
</sitemap><sitemap>
    <loc>https://geoconnex.us/sitemap/CUAHSI/CUAHSI_HIS_Brazil_UCB_ids__0.xml</loc>
    <lastmod>2020-07-28T00:37:23Z</lastmod>
</sitemap><sitemap>
    <loc>https://geoconnex.us/sitemap/CUAHSI/CUAHSI_HIS_ShaleNetworkODM_ids__1.xml</loc>
    <lastmod>2020-07-28T00:37:23Z</lastmod>
</sitemap><sitemap>
    <loc>https://geoconnex.us/sitemap/CUAHSI/CUAHSI_HIS_Isábena_ids__0.xml</loc>
    <lastmod>2020-07-28T00:37:23Z</lastmod>
</sitemap><sitemap>
    <loc>https://geoconnex.us/sitemap/CUAHSI/CUAHSI_HIS_Hassberge_ids__0.xml</loc>
    <lastmod>2020-07-28T00:37:23Z</lastmod>
</sitemap><sitemap>
    <loc>https://geoconnex.us/sitemap/CUAHSI/CUAHSI_HIS_Swedish_Monitoring_Data_ids__0.xml</loc>
    <lastmod>2020-07-28T00:37:23Z</lastmod>
</sitemap><sitemap>
    <loc>https://geoconnex.us/sitemap/CUAHSI/CUAHSI_HIS_SCAN_ids__0.xml</loc>
    <lastmod>2020-07-28T00:37:23Z</lastmod>
</sitemap><sitemap>
    <loc>https://geoconnex.us/sitemap/CUAHSI/CUAHSI_HIS_LittleBearRiver_ids__0.xml</loc>
    <lastmod>2020-07-28T00:37:23Z</lastmod>
</sitemap><sitemap>
    <loc>https://geoconnex.us/sitemap/CUAHSI/CUAHSI_HIS_UMBCGW_ids__0.xml</loc>
    <lastmod>2020-07-28T00:37:23Z</lastmod>
</sitemap><sitemap>
    <loc>https://geoconnex.us/sitemap/CUAHSI/CUAHSI_HIS_FarmRWA_ids__0.xml</loc>
    <lastmod>2020-07-28T00:37:23Z</lastmod>
</sitemap><sitemap>
    <loc>https://geoconnex.us/sitemap/CUAHSI/CUAHSI_HIS_GLEON_Auburn_ids__0.xml</loc>
    <lastmod>2020-07-28T00:37:23Z</lastmod>
</sitemap><sitemap>
    <loc>https://geoconnex.us/sitemap/CUAHSI/CUAHSI_HIS_UMBCWQ_ids__0.xml</loc>
    <lastmod>2020-07-28T00:37:23Z</lastmod>
</sitemap><sitemap>
    <loc>https://geoconnex.us/sitemap/CUAHSI/CUAHSI_HIS_Provo_River_GAMUT_ids__0.xml</loc>
    <lastmod>2020-07-28T00:37:23Z</lastmod>
</sitemap><sitemap>
    <loc>https://geoconnex.us/sitemap/CUAHSI/CUAHSI_HIS_GLEON_LakeAnnie_ids__0.xml</loc>
    <lastmod>2020-07-28T00:37:23Z</lastmod>
</sitemap><sitemap>
    <loc>https://geoconnex.us/sitemap/CUAHSI/CUAHSI_HIS_NevCAN_ids__0.xml</loc>
    <lastmod>2020-07-28T00:37:23Z</lastmod>
</sitemap><sitemap>
    <loc>https://geoconnex.us/sitemap/CUAHSI/CUAHSI_HIS_MWDIS_ids__0.xml</loc>
    <lastmod>2020-07-28T00:37:23Z</lastmod>
</sitemap><sitemap>
    <loc>https://geoconnex.us/sitemap/CUAHSI/CUAHSI_HIS_czo_boulder_ids__0.xml</loc>
    <lastmod>2020-07-28T00:37:23Z</lastmod>
</sitemap><sitemap>
    <loc>https://geoconnex.us/sitemap/CUAHSI/CUAHSI_HIS_LoganRiver_ids__0.xml</loc>
    <lastmod>2020-07-28T00:37:23Z</lastmod>
</sitemap><sitemap>
    <loc>https://geoconnex.us/sitemap/CUAHSI/CUAHSI_HIS_HYDRODATACZ-D_ids__0.xml</loc>
    <lastmod>2020-07-28T00:37:23Z</lastmod>
</sitemap><sitemap>
    <loc>https://geoconnex.us/sitemap/CUAHSI/CUAHSI_HIS_NashRWA_ids__0.xml</loc>
    <lastmod>2020-07-28T00:37:23Z</lastmod>
</sitemap><sitemap>
    <loc>https://geoconnex.us/sitemap/CUAHSI/CUAHSI_HIS_Nevados_ids__0.xml</loc>
    <lastmod>2020-07-28T00:37:23Z</lastmod>
</sitemap><sitemap>
    <loc>https://geoconnex.us/sitemap/CUAHSI/CUAHSI_HIS_TarlandWaterQuality_ids__0.xml</loc>
    <lastmod>2020-07-28T00:37:23Z</lastmod>
</sitemap><sitemap>
    <loc>https://geoconnex.us/sitemap/CUAHSI/CUAHSI_HIS_MudLake_ids__0.xml</loc>
    <lastmod>2020-07-28T00:37:23Z</lastmod>
</sitemap><sitemap>
    <loc>https://geoconnex.us/sitemap/CUAHSI/CUAHSI_HIS_CCBEPDAP_ids__0.xml</loc>
    <lastmod>2020-07-28T00:37:23Z</lastmod>
</sitemap><sitemap>
    <loc>https://geoconnex.us/sitemap/CUAHSI/CUAHSI_HIS_MWRA_ids__0.xml</loc>
    <lastmod>2020-07-28T00:37:23Z</lastmod>
</sitemap><sitemap>
    <loc>https://geoconnex.us/sitemap/CUAHSI/CUAHSI_HIS_NE_WN_ids__0.xml</loc>
    <lastmod>2020-07-28T00:37:23Z</lastmod>
</sitemap><sitemap>
    <loc>https://geoconnex.us/sitemap/CUAHSI/CUAHSI_HIS_GLEON_Dorset_ids__0.xml</loc>
    <lastmod>2020-07-28T00:37:23Z</lastmod>
</sitemap><sitemap>
    <loc>https://geoconnex.us/sitemap/CUAHSI/CUAHSI_HIS_ODM_KentState_ids__0.xml</loc>
    <lastmod>2020-07-28T00:37:23Z</lastmod>
</sitemap><sitemap>
    <loc>https://geoconnex.us/sitemap/CUAHSI/CUAHSI_HIS_NCEIWW2_ids__0.xml</loc>
    <lastmod>2020-07-28T00:37:23Z</lastmod>
</sitemap><sitemap>
    <loc>https://geoconnex.us/sitemap/CUAHSI/CUAHSI_HIS_ShaleNetworkODM_ids__0.xml</loc>
    <lastmod>2020-07-28T00:37:23Z</lastmod>
</sitemap><sitemap>
    <loc>https://geoconnex.us/sitemap/CUAHSI/CUAHSI_HIS_UNH_Snow_ids__0.xml</loc>
    <lastmod>2020-07-28T00:37:23Z</lastmod>
</sitemap><sitemap>
    <loc>https://geoconnex.us/sitemap/CUAHSI/CUAHSI_HIS_Kansas_Weather_Data_ids__0.xml</loc>
    <lastmod>2020-07-28T00:37:23Z</lastmod>
</sitemap><sitemap>
    <loc>https://geoconnex.us/sitemap/CUAHSI/CUAHSI_HIS_GlacialRidge_ids__0.xml</loc>
    <lastmod>2020-07-28T00:37:23Z</lastmod>
</sitemap><sitemap>
    <loc>https://geoconnex.us/sitemap/CUAHSI/CUAHSI_HIS_Panola_ODM_ids__0.xml</loc>
    <lastmod>2020-07-28T00:37:23Z</lastmod>
</sitemap><sitemap>
    <loc>https://geoconnex.us/sitemap/CUAHSI/CUAHSI_HIS_Clarksburg_SP_ids__0.xml</loc>
    <lastmod>2020-07-28T00:37:23Z</lastmod>
</sitemap><sitemap>
    <loc>https://geoconnex.us/sitemap/CUAHSI/CUAHSI_HIS_AndrewsforestLTER_ids__0.xml</loc>
    <lastmod>2020-07-28T00:37:23Z</lastmod>
</sitemap><sitemap>
    <loc>https://geoconnex.us/sitemap/CUAHSI/CUAHSI_HIS_TRWA_ids__0.xml</loc>
    <lastmod>2020-07-28T00:37:23Z</lastmod>
</sitemap><sitemap>
    <loc>https://geoconnex.us/sitemap/CUAHSI/CUAHSI_HIS_MobileCrowdHydrology_ids__0.xml</loc>
    <lastmod>2020-07-28T00:37:23Z</lastmod>
</sitemap><sitemap>
    <loc>https://geoconnex.us/sitemap/CUAHSI/CUAHSI_HIS_RMBL_ids__0.xml</loc>
    <lastmod>2020-07-28T00:37:23Z</lastmod>
</sitemap><sitemap>
    <loc>https://geoconnex.us/sitemap/CUAHSI/CUAHSI_HIS_MuddyRiver_ids__0.xml</loc>
    <lastmod>2020-07-28T00:37:23Z</lastmod>
</sitemap><sitemap>
    <loc>https://geoconnex.us/sitemap/CUAHSI/CUAHSI_HIS_UBWPAD_ids__0.xml</loc>
    <lastmod>2020-07-28T00:37:23Z</lastmod>
</sitemap><sitemap>
    <loc>https://geoconnex.us/sitemap/CUAHSI/CUAHSI_HIS_Weiherbach_ids__0.xml</loc>
    <lastmod>2020-07-28T00:37:23Z</lastmod>
</sitemap><sitemap>
    <loc>https://geoconnex.us/sitemap/CUAHSI/CUAHSI_HIS_GLEON_Sunapee_ids__0.xml</loc>
    <lastmod>2020-07-28T00:37:23Z</lastmod>
</sitemap><sitemap>
    <loc>https://geoconnex.us/sitemap/CUAHSI/CUAHSI_HIS_MOPEX_ids__0.xml</loc>
    <lastmod>2020-07-28T00:37:23Z</lastmod>
</sitemap><sitemap>
    <loc>https://geoconnex.us/sitemap/CUAHSI/CUAHSI_HIS_MAAERI_ids__0.xml</loc>
    <lastmod>2020-07-28T00:37:23Z</lastmod>
</sitemap><sitemap>
    <loc>https://geoconnex.us/sitemap/CUAHSI/CUAHSI_HIS_Logan_River_GAMUT_ids__0.xml</loc>
    <lastmod>2020-07-28T00:37:23Z</lastmod>
</sitemap><sitemap>
    <loc>https://geoconnex.us/sitemap/CUAHSI/CUAHSI_HIS_GlobalRiversObservatory_ids__0.xml</loc>
    <lastmod>2020-07-28T00:37:23Z</lastmod>
</sitemap><sitemap>
    <loc>https://geoconnex.us/sitemap/CUAHSI/CUAHSI_HIS_IEER_at_Wilkes_University_ids__0.xml</loc>
    <lastmod>2020-07-28T00:37:23Z</lastmod>
</sitemap><sitemap>
    <loc>https://geoconnex.us/sitemap/CUAHSI/CUAHSI_HIS_LTERNTLWoodruff_ids__0.xml</loc>
    <lastmod>2020-07-28T00:37:23Z</lastmod>
</sitemap><sitemap>
    <loc>https://geoconnex.us/sitemap/CUAHSI/CUAHSI_HIS_Gongga_ids__0.xml</loc>
    <lastmod>2020-07-28T00:37:23Z</lastmod>
</sitemap><sitemap>
    <loc>https://geoconnex.us/sitemap/CUAHSI/CUAHSI_HIS_MMA_Atacama_ids__0.xml</loc>
    <lastmod>2020-07-28T00:37:23Z</lastmod>
</sitemap><sitemap>
    <loc>https://geoconnex.us/sitemap/CUAHSI/CUAHSI_HIS_LaSelvastreamdischarge_ids__0.xml</loc>
    <lastmod>2020-07-28T00:37:23Z</lastmod>
</sitemap><sitemap>
    <loc>https://geoconnex.us/sitemap/CUAHSI/CUAHSI_HIS_Scotland_NWIS_ids__0.xml</loc>
    <lastmod>2020-07-28T00:37:23Z</lastmod>
</sitemap><sitemap>
    <loc>https://geoconnex.us/sitemap/CUAHSI/CUAHSI_HIS_CedarRiver_ids__0.xml</loc>
    <lastmod>2020-07-28T00:37:23Z</lastmod>
</sitemap><sitemap>
    <loc>https://geoconnex.us/sitemap/CUAHSI/CUAHSI_HIS_czo_ariz_ids__0.xml</loc>
    <lastmod>2020-07-28T00:37:23Z</lastmod>
</sitemap><sitemap>
    <loc>https://geoconnex.us/sitemap/CUAHSI/CUAHSI_HIS_Nooksack_Microclimate_Network_ids__0.xml</loc>
    <lastmod>2020-07-28T00:37:23Z</lastmod>
</sitemap><sitemap>
    <loc>https://geoconnex.us/sitemap/CUAHSI/CUAHSI_HIS_GHCN_ids__0.xml</loc>
    <lastmod>2020-07-28T00:37:23Z</lastmod>
</sitemap><sitemap>
    <loc>https://geoconnex.us/sitemap/CUAHSI/CUAHSI_HIS_CALVIN_HHS_ids__0.xml</loc>
    <lastmod>2020-07-28T00:37:23Z</lastmod>
</sitemap><sitemap>
    <loc>https://geoconnex.us/sitemap/CUAHSI/CUAHSI_HIS_czo_merced_ids__0.xml</loc>
    <lastmod>2020-07-28T00:37:23Z</lastmod>
</sitemap><sitemap>
    <loc>https://geoconnex.us/sitemap/CUAHSI/CUAHSI_HIS_ORSANCO_HAB_ids__0.xml</loc>
    <lastmod>2020-07-28T00:37:23Z</lastmod>
</sitemap><sitemap>
    <loc>https://geoconnex.us/sitemap/CUAHSI/CUAHSI_HIS_czo_psu_ids__0.xml</loc>
    <lastmod>2020-07-28T00:37:23Z</lastmod>
</sitemap><sitemap>
    <loc>https://geoconnex.us/sitemap/CUAHSI/CUAHSI_HIS_FRC_WQM_ids__0.xml</loc>
    <lastmod>2020-07-28T00:37:23Z</lastmod>
</sitemap><sitemap>
    <loc>https://geoconnex.us/sitemap/CUAHSI/CUAHSI_HIS_CRWA_ids__0.xml</loc>
    <lastmod>2020-07-28T00:37:23Z</lastmod>
</sitemap><sitemap>
    <loc>https://geoconnex.us/sitemap/CUAHSI/CUAHSI_HIS_NHGS_WOF_ids__0.xml</loc>
    <lastmod>2020-07-28T00:37:23Z</lastmod>
</sitemap><sitemap>
    <loc>https://geoconnex.us/sitemap/CUAHSI/CUAHSI_HIS_TNCWaterData_ids__0.xml</loc>
    <lastmod>2020-07-28T00:37:23Z</lastmod>
</sitemap><sitemap>
    <loc>https://geoconnex.us/sitemap/CUAHSI/CUAHSI_HIS_SNOTEL_ids__0.xml</loc>
    <lastmod>2020-07-28T00:37:23Z</lastmod>
</sitemap><sitemap>
    <loc>https://geoconnex.us/sitemap/CUAHSI/CUAHSI_HIS_Para_La_Naturaleza_ids__0.xml</loc>
    <lastmod>2020-07-28T00:37:23Z</lastmod>
</sitemap><sitemap>
    <loc>https://geoconnex.us/sitemap/CUAHSI/CUAHSI_HIS_FCELTER_ids__0.xml</loc>
    <lastmod>2020-07-28T00:37:23Z</lastmod>
</sitemap><sitemap>
    <loc>https://geoconnex.us/sitemap/CUAHSI/CUAHSI_HIS_DRWI_ids__0.xml</loc>
    <lastmod>2020-07-28T00:37:23Z</lastmod>
</sitemap><sitemap>
    <loc>https://geoconnex.us/sitemap/CUAHSI/CUAHSI_HIS_CocoRaHs_ids__0.xml</loc>
    <lastmod>2020-07-28T00:37:23Z</lastmod>
</sitemap><sitemap>
    <loc>https://geoconnex.us/sitemap/CUAHSI/CUAHSI_HIS_NEON_ids__0.xml</loc>
    <lastmod>2020-07-28T00:37:23Z</lastmod>
</sitemap><sitemap>
    <loc>https://geoconnex.us/sitemap/CUAHSI/CUAHSI_HIS_YosemiteHydroclimateNetwork_ids__0.xml</loc>
    <lastmod>2020-07-28T00:37:23Z</lastmod>
</sitemap><sitemap>
    <loc>https://geoconnex.us/sitemap/CUAHSI/CUAHSI_HIS_czo_catalina_ids__0.xml</loc>
    <lastmod>2020-07-28T00:37:23Z</lastmod>
</sitemap><sitemap>
    <loc>https://geoconnex.us/sitemap/CUAHSI/CUAHSI_HIS_czo_udel_ids__0.xml</loc>
    <lastmod>2020-07-28T00:37:23Z</lastmod>
</sitemap><sitemap>
    <loc>https://geoconnex.us/sitemap/CUAHSI/CUAHSI_HIS_LCZOODM2_ids__0.xml</loc>
    <lastmod>2020-07-28T00:37:23Z</lastmod>
</sitemap><sitemap>
    <loc>https://geoconnex.us/sitemap/CUAHSI/CUAHSI_HIS_TuolumneMdw_ids__0.xml</loc>
    <lastmod>2020-07-28T00:37:23Z</lastmod>
</sitemap><sitemap>
    <loc>https://geoconnex.us/sitemap/CUAHSI/CUAHSI_HIS_HYDRODATACZ-HR_ids__0.xml</loc>
    <lastmod>2020-07-28T00:37:23Z</lastmod>
</sitemap><sitemap>
    <loc>https://geoconnex.us/sitemap/CUAHSI/CUAHSI_HIS_LUWL_ids__0.xml</loc>
    <lastmod>2020-07-28T00:37:23Z</lastmod>
</sitemap><sitemap>
    <loc>https://geoconnex.us/sitemap/CUAHSI/CUAHSI_HIS_SKC_Milltown_ids__0.xml</loc>
    <lastmod>2020-07-28T00:37:23Z</lastmod>
</sitemap><sitemap>
    <loc>https://geoconnex.us/sitemap/CUAHSI/CUAHSI_HIS_czo_luquillo_ids__0.xml</loc>
    <lastmod>2020-07-28T00:37:23Z</lastmod>
</sitemap><sitemap>
    <loc>https://geoconnex.us/sitemap/CUAHSI/CUAHSI_HIS_SagehenCreek_ids__0.xml</loc>
    <lastmod>2020-07-28T00:37:23Z</lastmod>
</sitemap><sitemap>
    <loc>https://geoconnex.us/sitemap/wade/wade__9.xml</loc>
    <lastmod>2023-05-11T10:40:51Z</lastmod>
</sitemap><sitemap>
    <loc>https://geoconnex.us/sitemap/wade/wade__34.xml</loc>
    <lastmod>2023-05-11T10:40:51Z</lastmod>
</sitemap><sitemap>
    <loc>https://geoconnex.us/sitemap/wade/wade__28.xml</loc>
    <lastmod>2023-05-11T10:40:51Z</lastmod>
</sitemap><sitemap>
    <loc>https://geoconnex.us/sitemap/wade/wade__26.xml</loc>
    <lastmod>2023-05-11T10:40:51Z</lastmod>
</sitemap><sitemap>
    <loc>https://geoconnex.us/sitemap/wade/wade__22.xml</loc>
    <lastmod>2023-05-11T10:40:51Z</lastmod>
</sitemap><sitemap>
    <loc>https://geoconnex.us/sitemap/wade/wade__17.xml</loc>
    <lastmod>2023-05-11T10:40:51Z</lastmod>
</sitemap><sitemap>
    <loc>https://geoconnex.us/sitemap/wade/wade__49.xml</loc>
    <lastmod>2023-05-11T10:40:51Z</lastmod>
</sitemap><sitemap>
    <loc>https://geoconnex.us/sitemap/wade/wade__33.xml</loc>
    <lastmod>2023-05-11T10:40:51Z</lastmod>
</sitemap><sitemap>
    <loc>https://geoconnex.us/sitemap/wade/wade__8.xml</loc>
    <lastmod>2023-05-11T10:40:51Z</lastmod>
</sitemap><sitemap>
    <loc>https://geoconnex.us/sitemap/wade/wade__19.xml</loc>
    <lastmod>2023-05-11T10:40:51Z</lastmod>
</sitemap><sitemap>
    <loc>https://geoconnex.us/sitemap/wade/wade__50.xml</loc>
    <lastmod>2023-05-11T10:40:51Z</lastmod>
</sitemap><sitemap>
    <loc>https://geoconnex.us/sitemap/wade/wade__37.xml</loc>
    <lastmod>2023-05-11T10:40:51Z</lastmod>
</sitemap><sitemap>
    <loc>https://geoconnex.us/sitemap/wade/wade__31.xml</loc>
    <lastmod>2023-05-11T10:40:51Z</lastmod>
</sitemap><sitemap>
    <loc>https://geoconnex.us/sitemap/wade/wade__3.xml</loc>
    <lastmod>2023-05-11T10:40:51Z</lastmod>
</sitemap><sitemap>
    <loc>https://geoconnex.us/sitemap/wade/wade__27.xml</loc>
    <lastmod>2023-05-11T10:40:51Z</lastmod>
</sitemap><sitemap>
    <loc>https://geoconnex.us/sitemap/wade/wade__35.xml</loc>
    <lastmod>2023-05-11T10:40:51Z</lastmod>
</sitemap><sitemap>
    <loc>https://geoconnex.us/sitemap/wade/wade__23.xml</loc>
    <lastmod>2023-05-11T10:40:51Z</lastmod>
</sitemap><sitemap>
    <loc>https://geoconnex.us/sitemap/wade/wade__47.xml</loc>
    <lastmod>2023-05-11T10:40:51Z</lastmod>
</sitemap><sitemap>
    <loc>https://geoconnex.us/sitemap/wade/wade__32.xml</loc>
    <lastmod>2023-05-11T10:40:51Z</lastmod>
</sitemap><sitemap>
    <loc>https://geoconnex.us/sitemap/wade/wade__42.xml</loc>
    <lastmod>2023-05-11T10:40:51Z</lastmod>
</sitemap><sitemap>
    <loc>https://geoconnex.us/sitemap/wade/wade__10.xml</loc>
    <lastmod>2023-05-11T10:40:51Z</lastmod>
</sitemap><sitemap>
    <loc>https://geoconnex.us/sitemap/wade/wade__18.xml</loc>
    <lastmod>2023-05-11T10:40:51Z</lastmod>
</sitemap><sitemap>
    <loc>https://geoconnex.us/sitemap/wade/wade__1.xml</loc>
    <lastmod>2023-05-11T10:40:51Z</lastmod>
</sitemap><sitemap>
    <loc>https://geoconnex.us/sitemap/wade/wade__41.xml</loc>
    <lastmod>2023-05-11T10:40:51Z</lastmod>
</sitemap><sitemap>
    <loc>https://geoconnex.us/sitemap/wade/wade__15.xml</loc>
    <lastmod>2023-05-11T10:40:51Z</lastmod>
</sitemap><sitemap>
    <loc>https://geoconnex.us/sitemap/wade/wade__39.xml</loc>
    <lastmod>2023-05-11T10:40:51Z</lastmod>
</sitemap><sitemap>
    <loc>https://geoconnex.us/sitemap/wade/wade__14.xml</loc>
    <lastmod>2023-05-11T10:40:51Z</lastmod>
</sitemap><sitemap>
    <loc>https://geoconnex.us/sitemap/wade/wade__30.xml</loc>
    <lastmod>2023-05-11T10:40:51Z</lastmod>
</sitemap><sitemap>
    <loc>https://geoconnex.us/sitemap/wade/wade__44.xml</loc>
    <lastmod>2023-05-11T10:40:51Z</lastmod>
</sitemap><sitemap>
    <loc>https://geoconnex.us/sitemap/wade/wade__36.xml</loc>
    <lastmod>2023-05-11T10:40:51Z</lastmod>
</sitemap><sitemap>
    <loc>https://geoconnex.us/sitemap/wade/wade__48.xml</loc>
    <lastmod>2023-05-11T10:40:51Z</lastmod>
</sitemap><sitemap>
    <loc>https://geoconnex.us/sitemap/wade/wade__29.xml</loc>
    <lastmod>2023-05-11T10:40:51Z</lastmod>
</sitemap><sitemap>
    <loc>https://geoconnex.us/sitemap/wade/wade__45.xml</loc>
    <lastmod>2023-05-11T10:40:51Z</lastmod>
</sitemap><sitemap>
    <loc>https://geoconnex.us/sitemap/wade/wade__43.xml</loc>
    <lastmod>2023-05-11T10:40:51Z</lastmod>
</sitemap><sitemap>
    <loc>https://geoconnex.us/sitemap/wade/wade__11.xml</loc>
    <lastmod>2023-05-11T10:40:51Z</lastmod>
</sitemap><sitemap>
    <loc>https://geoconnex.us/sitemap/wade/wade__51.xml</loc>
    <lastmod>2023-05-11T10:40:51Z</lastmod>
</sitemap><sitemap>
    <loc>https://geoconnex.us/sitemap/wade/wade__38.xml</loc>
    <lastmod>2023-05-11T10:40:51Z</lastmod>
</sitemap><sitemap>
    <loc>https://geoconnex.us/sitemap/wade/wade__7.xml</loc>
    <lastmod>2023-05-11T10:40:51Z</lastmod>
</sitemap><sitemap>
    <loc>https://geoconnex.us/sitemap/wade/wade__24.xml</loc>
    <lastmod>2023-05-11T10:40:51Z</lastmod>
</sitemap><sitemap>
    <loc>https://geoconnex.us/sitemap/wade/wade__16.xml</loc>
    <lastmod>2023-05-11T10:40:51Z</lastmod>
</sitemap><sitemap>
    <loc>https://geoconnex.us/sitemap/wade/wade__2.xml</loc>
    <lastmod>2023-05-11T10:40:51Z</lastmod>
</sitemap><sitemap>
    <loc>https://geoconnex.us/sitemap/wade/wade__5.xml</loc>
    <lastmod>2023-05-11T10:40:51Z</lastmod>
</sitemap><sitemap>
    <loc>https://geoconnex.us/sitemap/wade/wade__12.xml</loc>
    <lastmod>2023-05-11T10:40:51Z</lastmod>
</sitemap><sitemap>
    <loc>https://geoconnex.us/sitemap/wade/wade__0.xml</loc>
    <lastmod>2023-05-11T10:40:51Z</lastmod>
</sitemap><sitemap>
    <loc>https://geoconnex.us/sitemap/wade/wade__25.xml</loc>
    <lastmod>2023-05-11T10:40:51Z</lastmod>
</sitemap><sitemap>
    <loc>https://geoconnex.us/sitemap/wade/wade__13.xml</loc>
    <lastmod>2023-05-11T10:40:51Z</lastmod>
</sitemap><sitemap>
    <loc>https://geoconnex.us/sitemap/wade/wade__46.xml</loc>
    <lastmod>2023-05-11T10:40:51Z</lastmod>
</sitemap><sitemap>
    <loc>https://geoconnex.us/sitemap/wade/wade__4.xml</loc>
    <lastmod>2023-05-11T10:40:51Z</lastmod>
</sitemap><sitemap>
    <loc>https://geoconnex.us/sitemap/wade/wade__6.xml</loc>
    <lastmod>2023-05-11T10:40:51Z</lastmod>
</sitemap><sitemap>
    <loc>https://geoconnex.us/sitemap/wade/wade__20.xml</loc>
    <lastmod>2023-05-11T10:40:51Z</lastmod>
</sitemap><sitemap>
    <loc>https://geoconnex.us/sitemap/wade/wade__40.xml</loc>
    <lastmod>2023-05-11T10:40:51Z</lastmod>
</sitemap><sitemap>
    <loc>https://geoconnex.us/sitemap/wade/wade__21.xml</loc>
    <lastmod>2023-05-11T10:40:51Z</lastmod>
</sitemap><sitemap>
    <loc>https://geoconnex.us/sitemap/ornl/dams_pids__0.xml</loc>
    <lastmod>2021-11-22T22:18:52Z</lastmod>
</sitemap><sitemap>
    <loc>https://geoconnex.us/sitemap/nhdplusv2/huc12pp/huc12pp__0.xml</loc>
    <lastmod>2021-11-04T21:45:51Z</lastmod>
</sitemap><sitemap>
    <loc>https://geoconnex.us/sitemap/nhdplusv2/huc12pp/huc12pp__1.xml</loc>
    <lastmod>2021-11-04T21:45:51Z</lastmod>
</sitemap><sitemap>
    <loc>https://geoconnex.us/sitemap/epa/hmw/hmw__0.xml</loc>
    <lastmod>2021-11-04T21:45:51Z</lastmod>
</sitemap><sitemap>
    <loc>https://geoconnex.us/sitemap/epa/hmw/hmw__1.xml</loc>
    <lastmod>2021-11-04T21:45:51Z</lastmod>
</sitemap><sitemap>
    <loc>https://geoconnex.us/sitemap/usgs/hydrologic-unit__0.xml</loc>
    <lastmod>2021-11-04T21:45:51Z</lastmod>
</sitemap><sitemap>
    <loc>https://geoconnex.us/sitemap/usgs/monitoring-location/nwissite/nwissite__2.xml</loc>
    <lastmod>2021-11-04T21:45:51Z</lastmod>
</sitemap><sitemap>
    <loc>https://geoconnex.us/sitemap/usgs/monitoring-location/nwissite/nwissite__0.xml</loc>
    <lastmod>2021-11-04T21:45:51Z</lastmod>
</sitemap><sitemap>
    <loc>https://geoconnex.us/sitemap/usgs/monitoring-location/nwissite/nwissite__3.xml</loc>
    <lastmod>2021-11-04T21:45:51Z</lastmod>
</sitemap><sitemap>
    <loc>https://geoconnex.us/sitemap/usgs/monitoring-location/nwissite/nwissite__1.xml</loc>
    <lastmod>2021-11-04T21:45:51Z</lastmod>
</sitemap><sitemap>
    <loc>https://geoconnex.us/sitemap/usgs/monitoring-location/nwisgw/nwisgw__4.xml</loc>
    <lastmod>2021-11-04T21:45:51Z</lastmod>
</sitemap><sitemap>
    <loc>https://geoconnex.us/sitemap/usgs/monitoring-location/nwisgw/nwisgw__7.xml</loc>
    <lastmod>2021-11-04T21:45:51Z</lastmod>
</sitemap><sitemap>
    <loc>https://geoconnex.us/sitemap/usgs/monitoring-location/nwisgw/nwisgw__0.xml</loc>
    <lastmod>2021-11-04T21:45:51Z</lastmod>
</sitemap><sitemap>
    <loc>https://geoconnex.us/sitemap/usgs/monitoring-location/nwisgw/nwisgw__27.xml</loc>
    <lastmod>2021-11-04T21:45:51Z</lastmod>
</sitemap><sitemap>
    <loc>https://geoconnex.us/sitemap/usgs/monitoring-location/nwisgw/nwisgw__6.xml</loc>
    <lastmod>2021-11-04T21:45:51Z</lastmod>
</sitemap><sitemap>
    <loc>https://geoconnex.us/sitemap/usgs/monitoring-location/nwisgw/nwisgw__14.xml</loc>
    <lastmod>2021-11-04T21:45:51Z</lastmod>
</sitemap><sitemap>
    <loc>https://geoconnex.us/sitemap/usgs/monitoring-location/nwisgw/nwisgw__8.xml</loc>
    <lastmod>2021-11-04T21:45:51Z</lastmod>
</sitemap><sitemap>
    <loc>https://geoconnex.us/sitemap/usgs/monitoring-location/nwisgw/nwisgw__15.xml</loc>
    <lastmod>2021-11-04T21:45:51Z</lastmod>
</sitemap><sitemap>
    <loc>https://geoconnex.us/sitemap/usgs/monitoring-location/nwisgw/nwisgw__1.xml</loc>
    <lastmod>2021-11-04T21:45:51Z</lastmod>
</sitemap><sitemap>
    <loc>https://geoconnex.us/sitemap/usgs/monitoring-location/nwisgw/nwisgw__11.xml</loc>
    <lastmod>2021-11-04T21:45:51Z</lastmod>
</sitemap><sitemap>
    <loc>https://geoconnex.us/sitemap/usgs/monitoring-location/nwisgw/nwisgw__28.xml</loc>
    <lastmod>2021-11-04T21:45:51Z</lastmod>
</sitemap><sitemap>
    <loc>https://geoconnex.us/sitemap/usgs/monitoring-location/nwisgw/nwisgw__23.xml</loc>
    <lastmod>2021-11-04T21:45:51Z</lastmod>
</sitemap><sitemap>
    <loc>https://geoconnex.us/sitemap/usgs/monitoring-location/nwisgw/nwisgw__22.xml</loc>
    <lastmod>2021-11-04T21:45:51Z</lastmod>
</sitemap><sitemap>
    <loc>https://geoconnex.us/sitemap/usgs/monitoring-location/nwisgw/nwisgw__16.xml</loc>
    <lastmod>2021-11-04T21:45:51Z</lastmod>
</sitemap><sitemap>
    <loc>https://geoconnex.us/sitemap/usgs/monitoring-location/nwisgw/nwisgw__12.xml</loc>
    <lastmod>2021-11-04T21:45:51Z</lastmod>
</sitemap><sitemap>
    <loc>https://geoconnex.us/sitemap/usgs/monitoring-location/nwisgw/nwisgw__17.xml</loc>
    <lastmod>2021-11-04T21:45:51Z</lastmod>
</sitemap><sitemap>
    <loc>https://geoconnex.us/sitemap/usgs/monitoring-location/nwisgw/nwisgw__5.xml</loc>
    <lastmod>2021-11-04T21:45:51Z</lastmod>
</sitemap><sitemap>
    <loc>https://geoconnex.us/sitemap/usgs/monitoring-location/nwisgw/nwisgw__18.xml</loc>
    <lastmod>2021-11-04T21:45:51Z</lastmod>
</sitemap><sitemap>
    <loc>https://geoconnex.us/sitemap/usgs/monitoring-location/nwisgw/nwisgw__19.xml</loc>
    <lastmod>2021-11-04T21:45:51Z</lastmod>
</sitemap><sitemap>
    <loc>https://geoconnex.us/sitemap/usgs/monitoring-location/nwisgw/nwisgw__13.xml</loc>
    <lastmod>2021-11-04T21:45:51Z</lastmod>
</sitemap><sitemap>
    <loc>https://geoconnex.us/sitemap/usgs/monitoring-location/nwisgw/nwisgw__25.xml</loc>
    <lastmod>2021-11-04T21:45:51Z</lastmod>
</sitemap><sitemap>
    <loc>https://geoconnex.us/sitemap/usgs/monitoring-location/nwisgw/nwisgw__10.xml</loc>
    <lastmod>2021-11-04T21:45:51Z</lastmod>
</sitemap><sitemap>
    <loc>https://geoconnex.us/sitemap/usgs/monitoring-location/nwisgw/nwisgw__20.xml</loc>
    <lastmod>2021-11-04T21:45:51Z</lastmod>
</sitemap><sitemap>
    <loc>https://geoconnex.us/sitemap/usgs/monitoring-location/nwisgw/nwisgw__21.xml</loc>
    <lastmod>2021-11-04T21:45:51Z</lastmod>
</sitemap><sitemap>
    <loc>https://geoconnex.us/sitemap/usgs/monitoring-location/nwisgw/nwisgw__2.xml</loc>
    <lastmod>2021-11-04T21:45:51Z</lastmod>
</sitemap><sitemap>
    <loc>https://geoconnex.us/sitemap/usgs/monitoring-location/nwisgw/nwisgw__9.xml</loc>
    <lastmod>2021-11-04T21:45:51Z</lastmod>
</sitemap><sitemap>
    <loc>https://geoconnex.us/sitemap/usgs/monitoring-location/nwisgw/nwisgw__3.xml</loc>
    <lastmod>2021-11-04T21:45:51Z</lastmod>
</sitemap><sitemap>
    <loc>https://geoconnex.us/sitemap/usgs/monitoring-location/nwisgw/nwisgw__26.xml</loc>
    <lastmod>2021-11-04T21:45:51Z</lastmod>
</sitemap><sitemap>
    <loc>https://geoconnex.us/sitemap/usgs/monitoring-location/nwisgw/nwisgw__24.xml</loc>
    <lastmod>2021-11-04T21:45:51Z</lastmod>
</sitemap><sitemap>
    <loc>https://geoconnex.us/sitemap/usgs/gfv11_pois/gfv11_pois__0.xml</loc>
    <lastmod>2021-11-04T21:45:51Z</lastmod>
</sitemap><sitemap>
    <loc>https://geoconnex.us/sitemap/usgs/gfv11_pois/gfv11_pois__1.xml</loc>
    <lastmod>2021-11-04T21:45:51Z</lastmod>
</sitemap><sitemap>
    <loc>https://geoconnex.us/sitemap/CHyLD/chyld-pilot_ids__0.xml</loc>
    <lastmod>2021-11-15T21:04:11Z</lastmod>
</sitemap><sitemap>
    <loc>https://geoconnex.us/sitemap/nmwdi/st/nmwdi-st__0.xml</loc>
    <lastmod>2021-11-04T21:45:51Z</lastmod>
</sitemap><sitemap>
    <loc>https://geoconnex.us/sitemap/nmwdi/ose/nmwdi-ose__4.xml</loc>
    <lastmod>2021-11-23T09:49:25Z</lastmod>
</sitemap><sitemap>
    <loc>https://geoconnex.us/sitemap/nmwdi/ose/nmwdi-ose__3.xml</loc>
    <lastmod>2021-11-23T09:49:25Z</lastmod>
</sitemap><sitemap>
    <loc>https://geoconnex.us/sitemap/nmwdi/ose/nmwdi-ose__0.xml</loc>
    <lastmod>2021-11-23T09:49:25Z</lastmod>
</sitemap><sitemap>
    <loc>https://geoconnex.us/sitemap/nmwdi/ose/nmwdi-ose__2.xml</loc>
    <lastmod>2021-11-23T09:49:25Z</lastmod>
</sitemap><sitemap>
    <loc>https://geoconnex.us/sitemap/nmwdi/ose/nmwdi-ose__1.xml</loc>
    <lastmod>2021-11-23T09:49:25Z</lastmod>
</sitemap><sitemap>
    <loc>https://geoconnex.us/sitemap/ref/cbsa/cbsa__0.xml</loc>
    <lastmod>2022-07-14T14:34:10Z</lastmod>
</sitemap><sitemap>
    <loc>https://geoconnex.us/sitemap/ref/hu10/hu10__0.xml</loc>
    <lastmod>2022-07-14T14:34:10Z</lastmod>
</sitemap><sitemap>
    <loc>https://geoconnex.us/sitemap/ref/nat_aq/nat_aq__0.xml</loc>
    <lastmod>2022-04-11T20:38:15Z</lastmod>
</sitemap><sitemap>
    <loc>https://geoconnex.us/sitemap/ref/hu08/hu08__0.xml</loc>
    <lastmod>2022-07-14T14:34:10Z</lastmod>
</sitemap><sitemap>
    <loc>https://geoconnex.us/sitemap/ref/hu06/hu06__0.xml</loc>
    <lastmod>2022-07-14T14:34:10Z</lastmod>
</sitemap><sitemap>
    <loc>https://geoconnex.us/sitemap/ref/places/places__0.xml</loc>
    <lastmod>2022-07-14T14:34:10Z</lastmod>
</sitemap><sitemap>
    <loc>https://geoconnex.us/sitemap/ref/mainstems/mainstems__0.xml</loc>
    <lastmod>2022-07-14T14:34:10Z</lastmod>
</sitemap><sitemap>
    <loc>https://geoconnex.us/sitemap/ref/gages/ref_gage__2.xml</loc>
    <lastmod>2022-07-14T14:34:10Z</lastmod>
</sitemap><sitemap>
    <loc>https://geoconnex.us/sitemap/ref/gages/ref_gage__0.xml</loc>
    <lastmod>2022-07-14T14:34:10Z</lastmod>
</sitemap><sitemap>
    <loc>https://geoconnex.us/sitemap/ref/gages/ref_gage__1.xml</loc>
    <lastmod>2022-07-14T14:34:10Z</lastmod>
</sitemap><sitemap>
    <loc>https://geoconnex.us/sitemap/ref/gages/ref_gage__3.xml</loc>
    <lastmod>2022-07-14T14:34:10Z</lastmod>
</sitemap><sitemap>
    <loc>https://geoconnex.us/sitemap/ref/pws/pws__0.xml</loc>
    <lastmod>2022-08-22T13:01:58Z</lastmod>
</sitemap><sitemap>
    <loc>https://geoconnex.us/sitemap/ref/aiannh/aiannh__0.xml</loc>
    <lastmod>2022-07-14T14:34:10Z</lastmod>
</sitemap><sitemap>
    <loc>https://geoconnex.us/sitemap/ref/dams/dams__0.xml</loc>
    <lastmod>2022-10-10T13:19:20Z</lastmod>
</sitemap><sitemap>
    <loc>https://geoconnex.us/sitemap/ref/dams/dams__1.xml</loc>
    <lastmod>2022-10-10T13:19:20Z</lastmod>
</sitemap><sitemap>
    <loc>https://geoconnex.us/sitemap/ref/states/states__0.xml</loc>
    <lastmod>2022-07-14T14:34:10Z</lastmod>
</sitemap><sitemap>
    <loc>https://geoconnex.us/sitemap/ref/ua10/ua10__0.xml</loc>
    <lastmod>2022-07-14T14:34:10Z</lastmod>
</sitemap><sitemap>
    <loc>https://geoconnex.us/sitemap/ref/counties/counties__0.xml</loc>
    <lastmod>2022-07-14T14:34:10Z</lastmod>
</sitemap><sitemap>
    <loc>https://geoconnex.us/sitemap/ref/sec_hydrg_reg/sec_hydrg_reg__0.xml</loc>
    <lastmod>2022-04-08T14:10:01Z</lastmod>
</sitemap><sitemap>
    <loc>https://geoconnex.us/sitemap/ref/hu04/hu04__0.xml</loc>
    <lastmod>2022-07-14T14:34:10Z</lastmod>
</sitemap><sitemap>
    <loc>https://geoconnex.us/sitemap/ref/hu02/hu02__0.xml</loc>
    <lastmod>2022-07-14T14:34:10Z</lastmod>
</sitemap><sitemap>
    <loc>https://geoconnex.us/sitemap/ref/princi_aq/princi_aq__0.xml</loc>
    <lastmod>2022-04-11T20:38:15Z</lastmod>
</sitemap><sitemap>
    <loc>https://geoconnex.us/sitemap/example-namespace/example_ids__0.xml</loc>
    <lastmod>2022-05-19T16:20:59Z</lastmod>
</sitemap><sitemap>
    <loc>https://geoconnex.us/sitemap/ca-gage-assessment/ca_gages_pids__0.xml</loc>
    <lastmod>2021-10-18T11:11:07Z</lastmod>
</sitemap><sitemap>
    <loc>https://geoconnex.us/sitemap/SELFIE/SELFIE_ids__0.xml</loc>
    <lastmod>2020-05-02T07:25:35Z</lastmod>
</sitemap><sitemap>
    <loc>https://geoconnex.us/sitemap/iow/links__0.xml</loc>
    <lastmod>2023-07-27T19:21:01Z</lastmod>
</sitemap><sitemap>
    <loc>https://geoconnex.us/sitemap/iow/autotest2__0.xml</loc>
    <lastmod>2023-07-27T19:21:01Z</lastmod>
</sitemap><sitemap>
    <loc>https://geoconnex.us/sitemap/iow/sta-demo__0.xml</loc>
    <lastmod>2023-07-27T19:21:01Z</lastmod>
</sitemap><sitemap>
    <loc>https://geoconnex.us/sitemap/iow/autotest1__0.xml</loc>
    <lastmod>2023-07-27T19:21:01Z</lastmod>
</sitemap><sitemap>
    <loc>https://geoconnex.us/sitemap/iow/demo__0.xml</loc>
    <lastmod>2023-07-27T19:21:01Z</lastmod>
</sitemap><sitemap>
    <loc>https://geoconnex.us/sitemap/iow/usbr/rise__0.xml</loc>
    <lastmod>2022-11-10T10:15:08Z</lastmod>
</sitemap></ns0:sitemapindex>