<?xml version='1.0' encoding='utf-8'?>
<ns0:urlset xmlns:ns0="http://www.sitemaps.org/schemas/sitemap/0.9">
<url>
    <loc>https://geoconnex.us/ref/nat_aq/N100BSNRGB</loc>
    <lastmod>2022-04-11T20:38:15Z</lastmod>
</url><url>
    <loc>https://geoconnex.us/ref/nat_aq/N100CACSTL</loc>
    <lastmod>2022-04-11T20:38:15Z</lastmod>
</url><url>
    <loc>https://geoconnex.us/ref/nat_aq/N100CMBPLB</loc>
    <lastmod>2022-04-11T20:38:15Z</lastmod>
</url><url>
    <loc>https://geoconnex.us/ref/nat_aq/N100HGHPLN</loc>
    <lastmod>2022-04-11T20:38:15Z</lastmod>
</url><url>
    <loc>https://geoconnex.us/ref/nat_aq/N100MSRVVL</loc>
    <lastmod>2022-04-11T20:38:15Z</lastmod>
</url><url>
    <loc>https://geoconnex.us/ref/nat_aq/N100PCFNWB</loc>
    <lastmod>2022-04-11T20:38:15Z</lastmod>
</url><url>
    <loc>https://geoconnex.us/ref/nat_aq/N100PCFNWV</loc>
    <lastmod>2022-04-11T20:38:15Z</lastmod>
</url><url>
    <loc>https://geoconnex.us/ref/nat_aq/N100PCSRVR</loc>
    <lastmod>2022-04-11T20:38:15Z</lastmod>
</url><url>
    <loc>https://geoconnex.us/ref/nat_aq/N100SYMOUR</loc>
    <lastmod>2022-04-11T20:38:15Z</lastmod>
</url><url>
    <loc>https://geoconnex.us/ref/nat_aq/N100WLMLWD</loc>
    <lastmod>2022-04-11T20:38:15Z</lastmod>
</url><url>
    <loc>https://geoconnex.us/ref/nat_aq/N300ADAVMS</loc>
    <lastmod>2022-04-11T20:38:15Z</lastmod>
</url><url>
    <loc>https://geoconnex.us/ref/nat_aq/N300CNRLOK</loc>
    <lastmod>2022-04-11T20:38:15Z</lastmod>
</url><url>
    <loc>https://geoconnex.us/ref/nat_aq/N300COPLTS</loc>
    <lastmod>2022-04-11T20:38:15Z</lastmod>
</url><url>
    <loc>https://geoconnex.us/ref/nat_aq/N300ERLMZC</loc>
    <lastmod>2022-04-11T20:38:15Z</lastmod>
</url><url>
    <loc>https://geoconnex.us/ref/nat_aq/N300JCBSVL</loc>
    <lastmod>2022-04-11T20:38:15Z</lastmod>
</url><url>
    <loc>https://geoconnex.us/ref/nat_aq/N300LCRTCS</loc>
    <lastmod>2022-04-11T20:38:15Z</lastmod>
</url><url>
    <loc>https://geoconnex.us/ref/nat_aq/N300LTRTRY</loc>
    <lastmod>2022-04-11T20:38:15Z</lastmod>
</url><url>
    <loc>https://geoconnex.us/ref/nat_aq/N300MRSHLL</loc>
    <lastmod>2022-04-11T20:38:15Z</lastmod>
</url><url>
    <loc>https://geoconnex.us/ref/nat_aq/N300NYSDSN</loc>
    <lastmod>2022-04-11T20:38:15Z</lastmod>
</url><url>
    <loc>https://geoconnex.us/ref/nat_aq/N300PNSLVN</loc>
    <lastmod>2022-04-11T20:38:15Z</lastmod>
</url><url>
    <loc>https://geoconnex.us/ref/nat_aq/N300RSHSPG</loc>
    <lastmod>2022-04-11T20:38:15Z</lastmod>
</url><url>
    <loc>https://geoconnex.us/ref/nat_aq/N300UPCTCS</loc>
    <lastmod>2022-04-11T20:38:15Z</lastmod>
</url><url>
    <loc>https://geoconnex.us/ref/nat_aq/N400ABKSMP</loc>
    <lastmod>2022-04-11T20:38:15Z</lastmod>
</url><url>
    <loc>https://geoconnex.us/ref/nat_aq/N400BISCYN</loc>
    <lastmod>2022-04-11T20:38:15Z</lastmod>
</url><url>
    <loc>https://geoconnex.us/ref/nat_aq/N400BLAINE</loc>
    <lastmod>2022-04-11T20:38:15Z</lastmod>
</url><url>
    <loc>https://geoconnex.us/ref/nat_aq/N400BSNRGC</loc>
    <lastmod>2022-04-11T20:38:15Z</lastmod>
</url><url>
    <loc>https://geoconnex.us/ref/nat_aq/N400CSLHYN</loc>
    <lastmod>2022-04-11T20:38:15Z</lastmod>
</url><url>
    <loc>https://geoconnex.us/ref/nat_aq/N400KNGSHL</loc>
    <lastmod>2022-04-11T20:38:15Z</lastmod>
</url><url>
    <loc>https://geoconnex.us/ref/nat_aq/N400NYNECB</loc>
    <lastmod>2022-04-11T20:38:15Z</lastmod>
</url><url>
    <loc>https://geoconnex.us/ref/nat_aq/N400ORDVCN</loc>
    <lastmod>2022-04-11T20:38:15Z</lastmod>
</url><url>
    <loc>https://geoconnex.us/ref/nat_aq/N400PDMBRC</loc>
    <lastmod>2022-04-11T20:38:15Z</lastmod>
</url><url>
    <loc>https://geoconnex.us/ref/nat_aq/N400PDMBRX</loc>
    <lastmod>2022-04-11T20:38:15Z</lastmod>
</url><url>
    <loc>https://geoconnex.us/ref/nat_aq/N400SLRDVN</loc>
    <lastmod>2022-04-11T20:38:15Z</lastmod>
</url><url>
    <loc>https://geoconnex.us/ref/nat_aq/N400UPCRBN</loc>
    <lastmod>2022-04-11T20:38:15Z</lastmod>
</url><url>
    <loc>https://geoconnex.us/ref/nat_aq/N500MSSPPI</loc>
    <lastmod>2022-04-11T20:38:15Z</lastmod>
</url><url>
    <loc>https://geoconnex.us/ref/nat_aq/N500PLOZOC</loc>
    <lastmod>2022-04-11T20:38:15Z</lastmod>
</url><url>
    <loc>https://geoconnex.us/ref/nat_aq/N500VLYRDG</loc>
    <lastmod>2022-04-11T20:38:15Z</lastmod>
</url><url>
    <loc>https://geoconnex.us/ref/nat_aq/N600CMBPLV</loc>
    <lastmod>2022-04-11T20:38:15Z</lastmod>
</url><url>
    <loc>https://geoconnex.us/ref/nat_aq/N600HIVLCC</loc>
    <lastmod>2022-04-11T20:38:15Z</lastmod>
</url><url>
    <loc>https://geoconnex.us/ref/nat_aq/N600SKRVPB</loc>
    <lastmod>2022-04-11T20:38:15Z</lastmod>
</url><url>
    <loc>https://geoconnex.us/ref/nat_aq/N600SKRVPV</loc>
    <lastmod>2022-04-11T20:38:15Z</lastmod>
</url><url>
    <loc>https://geoconnex.us/ref/nat_aq/N600SRNVDV</loc>
    <lastmod>2022-04-11T20:38:15Z</lastmod>
</url><url>
    <loc>https://geoconnex.us/ref/nat_aq/N9999OTHER</loc>
    <lastmod>2022-04-11T20:38:15Z</lastmod>
</url><url>
    <loc>https://geoconnex.us/ref/nat_aq/S100CNRLVL</loc>
    <lastmod>2022-04-11T20:38:15Z</lastmod>
</url><url>
    <loc>https://geoconnex.us/ref/nat_aq/S100CSLLWD</loc>
    <lastmod>2022-04-11T20:38:15Z</lastmod>
</url><url>
    <loc>https://geoconnex.us/ref/nat_aq/S100MSEMBM</loc>
    <lastmod>2022-04-11T20:38:15Z</lastmod>
</url><url>
    <loc>https://geoconnex.us/ref/nat_aq/S100NATLCP</loc>
    <lastmod>2022-04-11T20:38:15Z</lastmod>
</url><url>
    <loc>https://geoconnex.us/ref/nat_aq/S100NRMTIB</loc>
    <lastmod>2022-04-11T20:38:15Z</lastmod>
</url><url>
    <loc>https://geoconnex.us/ref/nat_aq/S100PGTSND</loc>
    <lastmod>2022-04-11T20:38:15Z</lastmod>
</url><url>
    <loc>https://geoconnex.us/ref/nat_aq/S100RIOGRD</loc>
    <lastmod>2022-04-11T20:38:15Z</lastmod>
</url><url>
    <loc>https://geoconnex.us/ref/nat_aq/S100SECSLP</loc>
    <lastmod>2022-04-11T20:38:15Z</lastmod>
</url><url>
    <loc>https://geoconnex.us/ref/nat_aq/S100SURFCL</loc>
    <lastmod>2022-04-11T20:38:15Z</lastmod>
</url><url>
    <loc>https://geoconnex.us/ref/nat_aq/S100TXCLUP</loc>
    <lastmod>2022-04-11T20:38:15Z</lastmod>
</url><url>
    <loc>https://geoconnex.us/ref/nat_aq/S300CAMORD</loc>
    <lastmod>2022-04-11T20:38:15Z</lastmod>
</url><url>
    <loc>https://geoconnex.us/ref/nat_aq/S300DNVRBS</loc>
    <lastmod>2022-04-11T20:38:15Z</lastmod>
</url><url>
    <loc>https://geoconnex.us/ref/nat_aq/S400FLORDN</loc>
    <lastmod>2022-04-11T20:38:15Z</lastmod>
</url><url>
    <loc>https://geoconnex.us/ref/nat_aq/S400OZRKPL</loc>
    <lastmod>2022-04-11T20:38:15Z</lastmod>
</url><url>
    <loc>https://geoconnex.us/ref/nat_aq/S400RSWLBS</loc>
    <lastmod>2022-04-11T20:38:15Z</lastmod>
</url><url>
    <loc>https://geoconnex.us/ref/nat_aq/S500EDRTRN</loc>
    <lastmod>2022-04-11T20:38:15Z</lastmod>
</url></ns0:urlset>