<?xml version='1.0' encoding='utf-8'?>
<ns0:urlset xmlns:ns0="http://www.sitemaps.org/schemas/sitemap/0.9">
<url>
    <loc>https://geoconnex.us/nednr/gages/00001000</loc>
    <lastmod>2023-09-26T14:01:12Z</lastmod>
</url><url>
    <loc>https://geoconnex.us/nednr/gages/00002000</loc>
    <lastmod>2023-09-26T14:01:12Z</lastmod>
</url><url>
    <loc>https://geoconnex.us/nednr/gages/00002692</loc>
    <lastmod>2023-09-26T14:01:12Z</lastmod>
</url><url>
    <loc>https://geoconnex.us/nednr/gages/00002696</loc>
    <lastmod>2023-09-26T14:01:12Z</lastmod>
</url><url>
    <loc>https://geoconnex.us/nednr/gages/00003000</loc>
    <lastmod>2023-09-26T14:01:12Z</lastmod>
</url><url>
    <loc>https://geoconnex.us/nednr/gages/00007000</loc>
    <lastmod>2023-09-26T14:01:12Z</lastmod>
</url><url>
    <loc>https://geoconnex.us/nednr/gages/00009000</loc>
    <lastmod>2023-09-26T14:01:12Z</lastmod>
</url><url>
    <loc>https://geoconnex.us/nednr/gages/00010000</loc>
    <lastmod>2023-09-26T14:01:12Z</lastmod>
</url><url>
    <loc>https://geoconnex.us/nednr/gages/00013000</loc>
    <lastmod>2023-09-26T14:01:12Z</lastmod>
</url><url>
    <loc>https://geoconnex.us/nednr/gages/00016000</loc>
    <lastmod>2023-09-26T14:01:12Z</lastmod>
</url><url>
    <loc>https://geoconnex.us/nednr/gages/00017200</loc>
    <lastmod>2023-09-26T14:01:12Z</lastmod>
</url><url>
    <loc>https://geoconnex.us/nednr/gages/00019000</loc>
    <lastmod>2023-09-26T14:01:12Z</lastmod>
</url><url>
    <loc>https://geoconnex.us/nednr/gages/00019500</loc>
    <lastmod>2023-09-26T14:01:12Z</lastmod>
</url><url>
    <loc>https://geoconnex.us/nednr/gages/00019800</loc>
    <lastmod>2023-09-26T14:01:12Z</lastmod>
</url><url>
    <loc>https://geoconnex.us/nednr/gages/00021000</loc>
    <lastmod>2023-09-26T14:01:12Z</lastmod>
</url><url>
    <loc>https://geoconnex.us/nednr/gages/00022000</loc>
    <lastmod>2023-09-26T14:01:12Z</lastmod>
</url><url>
    <loc>https://geoconnex.us/nednr/gages/00024000</loc>
    <lastmod>2023-09-26T14:01:12Z</lastmod>
</url><url>
    <loc>https://geoconnex.us/nednr/gages/00027000</loc>
    <lastmod>2023-09-26T14:01:12Z</lastmod>
</url><url>
    <loc>https://geoconnex.us/nednr/gages/00029000</loc>
    <lastmod>2023-09-26T14:01:12Z</lastmod>
</url><url>
    <loc>https://geoconnex.us/nednr/gages/00030000</loc>
    <lastmod>2023-09-26T14:01:12Z</lastmod>
</url><url>
    <loc>https://geoconnex.us/nednr/gages/00033000</loc>
    <lastmod>2023-09-26T14:01:12Z</lastmod>
</url><url>
    <loc>https://geoconnex.us/nednr/gages/00037000</loc>
    <lastmod>2023-09-26T14:01:12Z</lastmod>
</url><url>
    <loc>https://geoconnex.us/nednr/gages/00038100</loc>
    <lastmod>2023-09-26T14:01:12Z</lastmod>
</url><url>
    <loc>https://geoconnex.us/nednr/gages/00038200</loc>
    <lastmod>2023-09-26T14:01:12Z</lastmod>
</url><url>
    <loc>https://geoconnex.us/nednr/gages/00039000</loc>
    <lastmod>2023-09-26T14:01:12Z</lastmod>
</url><url>
    <loc>https://geoconnex.us/nednr/gages/00040000</loc>
    <lastmod>2023-09-26T14:01:12Z</lastmod>
</url><url>
    <loc>https://geoconnex.us/nednr/gages/00046000</loc>
    <lastmod>2023-09-26T14:01:12Z</lastmod>
</url><url>
    <loc>https://geoconnex.us/nednr/gages/00047000</loc>
    <lastmod>2023-09-26T14:01:12Z</lastmod>
</url><url>
    <loc>https://geoconnex.us/nednr/gages/00048000</loc>
    <lastmod>2023-09-26T14:01:12Z</lastmod>
</url><url>
    <loc>https://geoconnex.us/nednr/gages/00049000</loc>
    <lastmod>2023-09-26T14:01:12Z</lastmod>
</url><url>
    <loc>https://geoconnex.us/nednr/gages/00054700</loc>
    <lastmod>2023-09-26T14:01:12Z</lastmod>
</url><url>
    <loc>https://geoconnex.us/nednr/gages/00056000</loc>
    <lastmod>2023-09-26T14:01:12Z</lastmod>
</url><url>
    <loc>https://geoconnex.us/nednr/gages/00057000</loc>
    <lastmod>2023-09-26T14:01:12Z</lastmod>
</url><url>
    <loc>https://geoconnex.us/nednr/gages/00061500</loc>
    <lastmod>2023-09-26T14:01:12Z</lastmod>
</url><url>
    <loc>https://geoconnex.us/nednr/gages/00062000</loc>
    <lastmod>2023-09-26T14:01:12Z</lastmod>
</url><url>
    <loc>https://geoconnex.us/nednr/gages/00062500</loc>
    <lastmod>2023-09-26T14:01:12Z</lastmod>
</url><url>
    <loc>https://geoconnex.us/nednr/gages/00063000</loc>
    <lastmod>2023-09-26T14:01:12Z</lastmod>
</url><url>
    <loc>https://geoconnex.us/nednr/gages/00067000</loc>
    <lastmod>2023-09-26T14:01:12Z</lastmod>
</url><url>
    <loc>https://geoconnex.us/nednr/gages/00069000</loc>
    <lastmod>2023-09-26T14:01:12Z</lastmod>
</url><url>
    <loc>https://geoconnex.us/nednr/gages/00072000</loc>
    <lastmod>2023-09-26T14:01:12Z</lastmod>
</url><url>
    <loc>https://geoconnex.us/nednr/gages/00073000</loc>
    <lastmod>2023-09-26T14:01:12Z</lastmod>
</url><url>
    <loc>https://geoconnex.us/nednr/gages/00075000</loc>
    <lastmod>2023-09-26T14:01:12Z</lastmod>
</url><url>
    <loc>https://geoconnex.us/nednr/gages/00076000</loc>
    <lastmod>2023-09-26T14:01:12Z</lastmod>
</url><url>
    <loc>https://geoconnex.us/nednr/gages/00076500</loc>
    <lastmod>2023-09-26T14:01:12Z</lastmod>
</url><url>
    <loc>https://geoconnex.us/nednr/gages/00078000</loc>
    <lastmod>2023-09-26T14:01:12Z</lastmod>
</url><url>
    <loc>https://geoconnex.us/nednr/gages/00079000</loc>
    <lastmod>2023-09-26T14:01:12Z</lastmod>
</url><url>
    <loc>https://geoconnex.us/nednr/gages/00080000</loc>
    <lastmod>2023-09-26T14:01:12Z</lastmod>
</url><url>
    <loc>https://geoconnex.us/nednr/gages/00081000</loc>
    <lastmod>2023-09-26T14:01:12Z</lastmod>
</url><url>
    <loc>https://geoconnex.us/nednr/gages/00082000</loc>
    <lastmod>2023-09-26T14:01:12Z</lastmod>
</url><url>
    <loc>https://geoconnex.us/nednr/gages/00082100</loc>
    <lastmod>2023-09-26T14:01:12Z</lastmod>
</url><url>
    <loc>https://geoconnex.us/nednr/gages/00084000</loc>
    <lastmod>2023-09-26T14:01:12Z</lastmod>
</url><url>
    <loc>https://geoconnex.us/nednr/gages/00086000</loc>
    <lastmod>2023-09-26T14:01:12Z</lastmod>
</url><url>
    <loc>https://geoconnex.us/nednr/gages/00088000</loc>
    <lastmod>2023-09-26T14:01:12Z</lastmod>
</url><url>
    <loc>https://geoconnex.us/nednr/gages/00088500</loc>
    <lastmod>2023-09-26T14:01:12Z</lastmod>
</url><url>
    <loc>https://geoconnex.us/nednr/gages/00089000</loc>
    <lastmod>2023-09-26T14:01:12Z</lastmod>
</url><url>
    <loc>https://geoconnex.us/nednr/gages/00090000</loc>
    <lastmod>2023-09-26T14:01:12Z</lastmod>
</url><url>
    <loc>https://geoconnex.us/nednr/gages/00090200</loc>
    <lastmod>2023-09-26T14:01:12Z</lastmod>
</url><url>
    <loc>https://geoconnex.us/nednr/gages/00091000</loc>
    <lastmod>2023-09-26T14:01:12Z</lastmod>
</url><url>
    <loc>https://geoconnex.us/nednr/gages/00092000</loc>
    <lastmod>2023-09-26T14:01:12Z</lastmod>
</url><url>
    <loc>https://geoconnex.us/nednr/gages/00093000</loc>
    <lastmod>2023-09-26T14:01:12Z</lastmod>
</url><url>
    <loc>https://geoconnex.us/nednr/gages/00093200</loc>
    <lastmod>2023-09-26T14:01:12Z</lastmod>
</url><url>
    <loc>https://geoconnex.us/nednr/gages/00098000</loc>
    <lastmod>2023-09-26T14:01:12Z</lastmod>
</url><url>
    <loc>https://geoconnex.us/nednr/gages/00099000</loc>
    <lastmod>2023-09-26T14:01:12Z</lastmod>
</url><url>
    <loc>https://geoconnex.us/nednr/gages/00100000</loc>
    <lastmod>2023-09-26T14:01:12Z</lastmod>
</url><url>
    <loc>https://geoconnex.us/nednr/gages/00100500</loc>
    <lastmod>2023-09-26T14:01:12Z</lastmod>
</url><url>
    <loc>https://geoconnex.us/nednr/gages/00101100</loc>
    <lastmod>2023-09-26T14:01:12Z</lastmod>
</url><url>
    <loc>https://geoconnex.us/nednr/gages/00104000</loc>
    <lastmod>2023-09-26T14:01:12Z</lastmod>
</url><url>
    <loc>https://geoconnex.us/nednr/gages/00105500</loc>
    <lastmod>2023-09-26T14:01:12Z</lastmod>
</url><url>
    <loc>https://geoconnex.us/nednr/gages/00106000</loc>
    <lastmod>2023-09-26T14:01:12Z</lastmod>
</url><url>
    <loc>https://geoconnex.us/nednr/gages/00106100</loc>
    <lastmod>2023-09-26T14:01:12Z</lastmod>
</url><url>
    <loc>https://geoconnex.us/nednr/gages/00107000</loc>
    <lastmod>2023-09-26T14:01:12Z</lastmod>
</url><url>
    <loc>https://geoconnex.us/nednr/gages/00107100</loc>
    <lastmod>2023-09-26T14:01:12Z</lastmod>
</url><url>
    <loc>https://geoconnex.us/nednr/gages/00107200</loc>
    <lastmod>2023-09-26T14:01:12Z</lastmod>
</url><url>
    <loc>https://geoconnex.us/nednr/gages/00108000</loc>
    <lastmod>2023-09-26T14:01:12Z</lastmod>
</url><url>
    <loc>https://geoconnex.us/nednr/gages/00109000</loc>
    <lastmod>2023-09-26T14:01:12Z</lastmod>
</url><url>
    <loc>https://geoconnex.us/nednr/gages/00114000</loc>
    <lastmod>2023-09-26T14:01:12Z</lastmod>
</url><url>
    <loc>https://geoconnex.us/nednr/gages/00115100</loc>
    <lastmod>2023-09-26T14:01:12Z</lastmod>
</url><url>
    <loc>https://geoconnex.us/nednr/gages/00117000</loc>
    <lastmod>2023-09-26T14:01:12Z</lastmod>
</url><url>
    <loc>https://geoconnex.us/nednr/gages/00120000</loc>
    <lastmod>2023-09-26T14:01:12Z</lastmod>
</url><url>
    <loc>https://geoconnex.us/nednr/gages/00120500</loc>
    <lastmod>2023-09-26T14:01:12Z</lastmod>
</url><url>
    <loc>https://geoconnex.us/nednr/gages/00121000</loc>
    <lastmod>2023-09-26T14:01:12Z</lastmod>
</url><url>
    <loc>https://geoconnex.us/nednr/gages/00122000</loc>
    <lastmod>2023-09-26T14:01:12Z</lastmod>
</url><url>
    <loc>https://geoconnex.us/nednr/gages/00123000</loc>
    <lastmod>2023-09-26T14:01:12Z</lastmod>
</url><url>
    <loc>https://geoconnex.us/nednr/gages/00127000</loc>
    <lastmod>2023-09-26T14:01:12Z</lastmod>
</url><url>
    <loc>https://geoconnex.us/nednr/gages/00130000</loc>
    <lastmod>2023-09-26T14:01:12Z</lastmod>
</url><url>
    <loc>https://geoconnex.us/nednr/gages/00133000</loc>
    <lastmod>2023-09-26T14:01:12Z</lastmod>
</url><url>
    <loc>https://geoconnex.us/nednr/gages/00136000</loc>
    <lastmod>2023-09-26T14:01:12Z</lastmod>
</url><url>
    <loc>https://geoconnex.us/nednr/gages/00138000</loc>
    <lastmod>2023-09-26T14:01:12Z</lastmod>
</url><url>
    <loc>https://geoconnex.us/nednr/gages/00140000</loc>
    <lastmod>2023-09-26T14:01:12Z</lastmod>
</url><url>
    <loc>https://geoconnex.us/nednr/gages/00140003</loc>
    <lastmod>2023-09-26T14:01:12Z</lastmod>
</url><url>
    <loc>https://geoconnex.us/nednr/gages/00141000</loc>
    <lastmod>2023-09-26T14:01:12Z</lastmod>
</url><url>
    <loc>https://geoconnex.us/nednr/gages/00142001</loc>
    <lastmod>2023-09-26T14:01:12Z</lastmod>
</url><url>
    <loc>https://geoconnex.us/nednr/gages/00143000</loc>
    <lastmod>2023-09-26T14:01:12Z</lastmod>
</url><url>
    <loc>https://geoconnex.us/nednr/gages/00144000</loc>
    <lastmod>2023-09-26T14:01:12Z</lastmod>
</url><url>
    <loc>https://geoconnex.us/nednr/gages/00144200</loc>
    <lastmod>2023-09-26T14:01:12Z</lastmod>
</url><url>
    <loc>https://geoconnex.us/nednr/gages/00144400</loc>
    <lastmod>2023-09-26T14:01:12Z</lastmod>
</url><url>
    <loc>https://geoconnex.us/nednr/gages/00145100</loc>
    <lastmod>2023-09-26T14:01:12Z</lastmod>
</url><url>
    <loc>https://geoconnex.us/nednr/gages/00145700</loc>
    <lastmod>2023-09-26T14:01:12Z</lastmod>
</url><url>
    <loc>https://geoconnex.us/nednr/gages/00146000</loc>
    <lastmod>2023-09-26T14:01:12Z</lastmod>
</url><url>
    <loc>https://geoconnex.us/nednr/gages/00147000</loc>
    <lastmod>2023-09-26T14:01:12Z</lastmod>
</url></ns0:urlset>