<?xml version='1.0' encoding='utf-8'?>
<ns0:urlset xmlns:ns0="http://www.sitemaps.org/schemas/sitemap/0.9">
<url>
    <loc>https://geoconnex.us/ref/hu02/07</loc>
    <lastmod>2021-11-03T12:58:17Z</lastmod>
</url><url>
    <loc>https://geoconnex.us/ref/hu02/09</loc>
    <lastmod>2021-11-03T12:58:17Z</lastmod>
</url><url>
    <loc>https://geoconnex.us/ref/hu02/18</loc>
    <lastmod>2021-11-03T12:58:17Z</lastmod>
</url><url>
    <loc>https://geoconnex.us/ref/hu02/14</loc>
    <lastmod>2021-11-03T12:58:17Z</lastmod>
</url><url>
    <loc>https://geoconnex.us/ref/hu02/20</loc>
    <lastmod>2021-11-03T12:58:17Z</lastmod>
</url><url>
    <loc>https://geoconnex.us/ref/hu02/17</loc>
    <lastmod>2021-11-03T12:58:17Z</lastmod>
</url><url>
    <loc>https://geoconnex.us/ref/hu02/05</loc>
    <lastmod>2021-11-03T12:58:17Z</lastmod>
</url><url>
    <loc>https://geoconnex.us/ref/hu02/01</loc>
    <lastmod>2021-11-03T12:58:17Z</lastmod>
</url><url>
    <loc>https://geoconnex.us/ref/hu02/12</loc>
    <lastmod>2021-11-03T12:58:17Z</lastmod>
</url><url>
    <loc>https://geoconnex.us/ref/hu02/15</loc>
    <lastmod>2021-11-03T12:58:17Z</lastmod>
</url><url>
    <loc>https://geoconnex.us/ref/hu02/02</loc>
    <lastmod>2021-11-03T12:58:17Z</lastmod>
</url><url>
    <loc>https://geoconnex.us/ref/hu02/08</loc>
    <lastmod>2021-11-03T12:58:17Z</lastmod>
</url><url>
    <loc>https://geoconnex.us/ref/hu02/21</loc>
    <lastmod>2021-11-03T12:58:17Z</lastmod>
</url><url>
    <loc>https://geoconnex.us/ref/hu02/11</loc>
    <lastmod>2021-11-03T12:58:17Z</lastmod>
</url><url>
    <loc>https://geoconnex.us/ref/hu02/03</loc>
    <lastmod>2021-11-03T12:58:17Z</lastmod>
</url><url>
    <loc>https://geoconnex.us/ref/hu02/06</loc>
    <lastmod>2021-11-03T12:58:17Z</lastmod>
</url><url>
    <loc>https://geoconnex.us/ref/hu02/22</loc>
    <lastmod>2021-11-03T12:58:17Z</lastmod>
</url><url>
    <loc>https://geoconnex.us/ref/hu02/13</loc>
    <lastmod>2021-11-03T12:58:17Z</lastmod>
</url><url>
    <loc>https://geoconnex.us/ref/hu02/16</loc>
    <lastmod>2021-11-03T12:58:17Z</lastmod>
</url><url>
    <loc>https://geoconnex.us/ref/hu02/10</loc>
    <lastmod>2021-11-03T12:58:17Z</lastmod>
</url><url>
    <loc>https://geoconnex.us/ref/hu02/04</loc>
    <lastmod>2021-11-03T12:58:17Z</lastmod>
</url><url>
    <loc>https://geoconnex.us/ref/hu02/19</loc>
    <lastmod>2021-11-03T12:58:17Z</lastmod>
</url></ns0:urlset>