<?xml version='1.0' encoding='utf-8'?>
<ns0:urlset xmlns:ns0="http://www.sitemaps.org/schemas/sitemap/0.9">
<url>
    <loc>https://geoconnex.us/cuahsi/his/CRWA/35CS</loc>
    <lastmod>2020-06-12T16:33:18Z</lastmod>
</url><url>
    <loc>https://geoconnex.us/cuahsi/his/CRWA/59CS</loc>
    <lastmod>2020-06-12T16:33:18Z</lastmod>
</url><url>
    <loc>https://geoconnex.us/cuahsi/his/CRWA/90CS</loc>
    <lastmod>2020-06-12T16:33:18Z</lastmod>
</url><url>
    <loc>https://geoconnex.us/cuahsi/his/CRWA/130S</loc>
    <lastmod>2020-06-12T16:33:18Z</lastmod>
</url><url>
    <loc>https://geoconnex.us/cuahsi/his/CRWA/165S</loc>
    <lastmod>2020-06-12T16:33:18Z</lastmod>
</url><url>
    <loc>https://geoconnex.us/cuahsi/his/CRWA/199S</loc>
    <lastmod>2020-06-12T16:33:18Z</lastmod>
</url><url>
    <loc>https://geoconnex.us/cuahsi/his/CRWA/229S</loc>
    <lastmod>2020-06-12T16:33:18Z</lastmod>
</url><url>
    <loc>https://geoconnex.us/cuahsi/his/CRWA/267S</loc>
    <lastmod>2020-06-12T16:33:18Z</lastmod>
</url><url>
    <loc>https://geoconnex.us/cuahsi/his/CRWA/269T</loc>
    <lastmod>2020-06-12T16:33:18Z</lastmod>
</url><url>
    <loc>https://geoconnex.us/cuahsi/his/CRWA/290S</loc>
    <lastmod>2020-06-12T16:33:18Z</lastmod>
</url><url>
    <loc>https://geoconnex.us/cuahsi/his/CRWA/318S</loc>
    <lastmod>2020-06-12T16:33:18Z</lastmod>
</url><url>
    <loc>https://geoconnex.us/cuahsi/his/CRWA/343S</loc>
    <lastmod>2020-06-12T16:33:18Z</lastmod>
</url><url>
    <loc>https://geoconnex.us/cuahsi/his/CRWA/387S</loc>
    <lastmod>2020-06-12T16:33:18Z</lastmod>
</url><url>
    <loc>https://geoconnex.us/cuahsi/his/CRWA/400S</loc>
    <lastmod>2020-06-12T16:33:18Z</lastmod>
</url><url>
    <loc>https://geoconnex.us/cuahsi/his/CRWA/447S</loc>
    <lastmod>2020-06-12T16:33:18Z</lastmod>
</url><url>
    <loc>https://geoconnex.us/cuahsi/his/CRWA/484S</loc>
    <lastmod>2020-06-12T16:33:18Z</lastmod>
</url><url>
    <loc>https://geoconnex.us/cuahsi/his/CRWA/521S</loc>
    <lastmod>2020-06-12T16:33:18Z</lastmod>
</url><url>
    <loc>https://geoconnex.us/cuahsi/his/CRWA/534S</loc>
    <lastmod>2020-06-12T16:33:18Z</lastmod>
</url><url>
    <loc>https://geoconnex.us/cuahsi/his/CRWA/567S</loc>
    <lastmod>2020-06-12T16:33:18Z</lastmod>
</url><url>
    <loc>https://geoconnex.us/cuahsi/his/CRWA/591S</loc>
    <lastmod>2020-06-12T16:33:18Z</lastmod>
</url><url>
    <loc>https://geoconnex.us/cuahsi/his/CRWA/609S</loc>
    <lastmod>2020-06-12T16:33:18Z</lastmod>
</url><url>
    <loc>https://geoconnex.us/cuahsi/his/CRWA/621S</loc>
    <lastmod>2020-06-12T16:33:18Z</lastmod>
</url><url>
    <loc>https://geoconnex.us/cuahsi/his/CRWA/635S</loc>
    <lastmod>2020-06-12T16:33:18Z</lastmod>
</url><url>
    <loc>https://geoconnex.us/cuahsi/his/CRWA/648S</loc>
    <lastmod>2020-06-12T16:33:18Z</lastmod>
</url><url>
    <loc>https://geoconnex.us/cuahsi/his/CRWA/662S</loc>
    <lastmod>2020-06-12T16:33:18Z</lastmod>
</url><url>
    <loc>https://geoconnex.us/cuahsi/his/CRWA/675S</loc>
    <lastmod>2020-06-12T16:33:18Z</lastmod>
</url><url>
    <loc>https://geoconnex.us/cuahsi/his/CRWA/012S</loc>
    <lastmod>2020-06-12T16:33:18Z</lastmod>
</url><url>
    <loc>https://geoconnex.us/cuahsi/his/CRWA/700S</loc>
    <lastmod>2020-06-12T16:33:18Z</lastmod>
</url><url>
    <loc>https://geoconnex.us/cuahsi/his/CRWA/715S</loc>
    <lastmod>2020-06-12T16:33:18Z</lastmod>
</url><url>
    <loc>https://geoconnex.us/cuahsi/his/CRWA/729S</loc>
    <lastmod>2020-06-12T16:33:18Z</lastmod>
</url><url>
    <loc>https://geoconnex.us/cuahsi/his/CRWA/743S</loc>
    <lastmod>2020-06-12T16:33:18Z</lastmod>
</url><url>
    <loc>https://geoconnex.us/cuahsi/his/CRWA/760T</loc>
    <lastmod>2020-06-12T16:33:18Z</lastmod>
</url><url>
    <loc>https://geoconnex.us/cuahsi/his/CRWA/763S</loc>
    <lastmod>2020-06-12T16:33:18Z</lastmod>
</url><url>
    <loc>https://geoconnex.us/cuahsi/his/CRWA/773S</loc>
    <lastmod>2020-06-12T16:33:18Z</lastmod>
</url><url>
    <loc>https://geoconnex.us/cuahsi/his/CRWA/784S</loc>
    <lastmod>2020-06-12T16:33:18Z</lastmod>
</url></ns0:urlset>