<?xml version='1.0' encoding='utf-8'?>
<ns0:urlset xmlns:ns0="http://www.sitemaps.org/schemas/sitemap/0.9">
<url>
    <loc>https://geoconnex.us/cuahsi/his/GLEON_LakeAnnie/1</loc>
    <lastmod>2020-06-12T16:33:18Z</lastmod>
</url><url>
    <loc>https://geoconnex.us/cuahsi/his/GLEON_LakeAnnie/2</loc>
    <lastmod>2020-06-12T16:33:18Z</lastmod>
</url><url>
    <loc>https://geoconnex.us/cuahsi/his/GLEON_LakeAnnie/3</loc>
    <lastmod>2020-06-12T16:33:18Z</lastmod>
</url><url>
    <loc>https://geoconnex.us/cuahsi/his/GLEON_LakeAnnie/1100</loc>
    <lastmod>2020-06-12T16:33:18Z</lastmod>
</url><url>
    <loc>https://geoconnex.us/cuahsi/his/GLEON_LakeAnnie/1020</loc>
    <lastmod>2020-06-12T16:33:18Z</lastmod>
</url><url>
    <loc>https://geoconnex.us/cuahsi/his/GLEON_LakeAnnie/1010</loc>
    <lastmod>2020-06-12T16:33:18Z</lastmod>
</url><url>
    <loc>https://geoconnex.us/cuahsi/his/GLEON_LakeAnnie/1005</loc>
    <lastmod>2020-06-12T16:33:18Z</lastmod>
</url><url>
    <loc>https://geoconnex.us/cuahsi/his/GLEON_LakeAnnie/1002</loc>
    <lastmod>2020-06-12T16:33:18Z</lastmod>
</url><url>
    <loc>https://geoconnex.us/cuahsi/his/GLEON_LakeAnnie/1001</loc>
    <lastmod>2020-06-12T16:33:18Z</lastmod>
</url><url>
    <loc>https://geoconnex.us/cuahsi/his/GLEON_LakeAnnie/-1001</loc>
    <lastmod>2020-06-12T16:33:18Z</lastmod>
</url><url>
    <loc>https://geoconnex.us/cuahsi/his/GLEON_LakeAnnie/-1011</loc>
    <lastmod>2020-06-12T16:33:18Z</lastmod>
</url><url>
    <loc>https://geoconnex.us/cuahsi/his/GLEON_LakeAnnie/-1012</loc>
    <lastmod>2020-06-12T16:33:18Z</lastmod>
</url><url>
    <loc>https://geoconnex.us/cuahsi/his/GLEON_LakeAnnie/-1013</loc>
    <lastmod>2020-06-12T16:33:18Z</lastmod>
</url><url>
    <loc>https://geoconnex.us/cuahsi/his/GLEON_LakeAnnie/-1021</loc>
    <lastmod>2020-06-12T16:33:18Z</lastmod>
</url><url>
    <loc>https://geoconnex.us/cuahsi/his/GLEON_LakeAnnie/-1031</loc>
    <lastmod>2020-06-12T16:33:18Z</lastmod>
</url><url>
    <loc>https://geoconnex.us/cuahsi/his/GLEON_LakeAnnie/-1041</loc>
    <lastmod>2020-06-12T16:33:18Z</lastmod>
</url><url>
    <loc>https://geoconnex.us/cuahsi/his/GLEON_LakeAnnie/-1051</loc>
    <lastmod>2020-06-12T16:33:18Z</lastmod>
</url><url>
    <loc>https://geoconnex.us/cuahsi/his/GLEON_LakeAnnie/-1061</loc>
    <lastmod>2020-06-12T16:33:18Z</lastmod>
</url><url>
    <loc>https://geoconnex.us/cuahsi/his/GLEON_LakeAnnie/-1071</loc>
    <lastmod>2020-06-12T16:33:18Z</lastmod>
</url><url>
    <loc>https://geoconnex.us/cuahsi/his/GLEON_LakeAnnie/-1081</loc>
    <lastmod>2020-06-12T16:33:18Z</lastmod>
</url><url>
    <loc>https://geoconnex.us/cuahsi/his/GLEON_LakeAnnie/-1091</loc>
    <lastmod>2020-06-12T16:33:18Z</lastmod>
</url><url>
    <loc>https://geoconnex.us/cuahsi/his/GLEON_LakeAnnie/-1101</loc>
    <lastmod>2020-06-12T16:33:18Z</lastmod>
</url><url>
    <loc>https://geoconnex.us/cuahsi/his/GLEON_LakeAnnie/-1111</loc>
    <lastmod>2020-06-12T16:33:18Z</lastmod>
</url><url>
    <loc>https://geoconnex.us/cuahsi/his/GLEON_LakeAnnie/-1121</loc>
    <lastmod>2020-06-12T16:33:18Z</lastmod>
</url><url>
    <loc>https://geoconnex.us/cuahsi/his/GLEON_LakeAnnie/-1131</loc>
    <lastmod>2020-06-12T16:33:18Z</lastmod>
</url><url>
    <loc>https://geoconnex.us/cuahsi/his/GLEON_LakeAnnie/-1141</loc>
    <lastmod>2020-06-12T16:33:18Z</lastmod>
</url><url>
    <loc>https://geoconnex.us/cuahsi/his/GLEON_LakeAnnie/-1151</loc>
    <lastmod>2020-06-12T16:33:18Z</lastmod>
</url><url>
    <loc>https://geoconnex.us/cuahsi/his/GLEON_LakeAnnie/-1161</loc>
    <lastmod>2020-06-12T16:33:18Z</lastmod>
</url><url>
    <loc>https://geoconnex.us/cuahsi/his/GLEON_LakeAnnie/-1171</loc>
    <lastmod>2020-06-12T16:33:18Z</lastmod>
</url><url>
    <loc>https://geoconnex.us/cuahsi/his/GLEON_LakeAnnie/-1181</loc>
    <lastmod>2020-06-12T16:33:18Z</lastmod>
</url><url>
    <loc>https://geoconnex.us/cuahsi/his/GLEON_LakeAnnie/-1003</loc>
    <lastmod>2020-06-12T16:33:18Z</lastmod>
</url></ns0:urlset>