<?xml version='1.0' encoding='utf-8'?>
<ns0:urlset xmlns:ns0="http://www.sitemaps.org/schemas/sitemap/0.9">
<url>
    <loc>https://geoconnex.us/cuahsi/his/czo_ariz/Met1</loc>
    <lastmod>2020-06-12T16:33:18Z</lastmod>
</url><url>
    <loc>https://geoconnex.us/cuahsi/his/czo_ariz/Tower_Vcm</loc>
    <lastmod>2020-06-12T16:33:18Z</lastmod>
</url><url>
    <loc>https://geoconnex.us/cuahsi/his/czo_ariz/Tower_Vcp</loc>
    <lastmod>2020-06-12T16:33:18Z</lastmod>
</url><url>
    <loc>https://geoconnex.us/cuahsi/his/czo_ariz/Met2</loc>
    <lastmod>2020-06-12T16:33:18Z</lastmod>
</url><url>
    <loc>https://geoconnex.us/cuahsi/his/czo_ariz/Burn_Met_Up</loc>
    <lastmod>2020-06-12T16:33:18Z</lastmod>
</url><url>
    <loc>https://geoconnex.us/cuahsi/his/czo_ariz/Burn_Met_Low</loc>
    <lastmod>2020-06-12T16:33:18Z</lastmod>
</url><url>
    <loc>https://geoconnex.us/cuahsi/his/czo_ariz/FLUME_LJ</loc>
    <lastmod>2020-06-12T16:33:18Z</lastmod>
</url><url>
    <loc>https://geoconnex.us/cuahsi/his/czo_ariz/FLUME_LR</loc>
    <lastmod>2020-06-12T16:33:18Z</lastmod>
</url><url>
    <loc>https://geoconnex.us/cuahsi/his/czo_ariz/FLUME_LLJ</loc>
    <lastmod>2020-06-12T16:33:18Z</lastmod>
</url><url>
    <loc>https://geoconnex.us/cuahsi/his/czo_ariz/FLUME_HG</loc>
    <lastmod>2020-06-12T16:33:18Z</lastmod>
</url><url>
    <loc>https://geoconnex.us/cuahsi/his/czo_ariz/FLUME_RM</loc>
    <lastmod>2020-06-12T16:33:18Z</lastmod>
</url><url>
    <loc>https://geoconnex.us/cuahsi/his/czo_ariz/FLUME_UR</loc>
    <lastmod>2020-06-12T16:33:18Z</lastmod>
</url><url>
    <loc>https://geoconnex.us/cuahsi/his/czo_ariz/FLUME_UJ</loc>
    <lastmod>2020-06-12T16:33:18Z</lastmod>
</url><url>
    <loc>https://geoconnex.us/cuahsi/his/czo_ariz/FLUME_MCZOB</loc>
    <lastmod>2020-06-12T16:33:18Z</lastmod>
</url><url>
    <loc>https://geoconnex.us/cuahsi/his/czo_ariz/FLUME_ULJ</loc>
    <lastmod>2020-06-12T16:33:18Z</lastmod>
</url></ns0:urlset>