<?xml version='1.0' encoding='utf-8'?>
<ns0:urlset xmlns:ns0="http://www.sitemaps.org/schemas/sitemap/0.9">
<url>
    <loc>https://geoconnex.us/cuahsi/his/GlacialRidge/1</loc>
    <lastmod>2020-06-12T16:33:18Z</lastmod>
</url><url>
    <loc>https://geoconnex.us/cuahsi/his/GlacialRidge/10</loc>
    <lastmod>2020-06-12T16:33:18Z</lastmod>
</url><url>
    <loc>https://geoconnex.us/cuahsi/his/GlacialRidge/11</loc>
    <lastmod>2020-06-12T16:33:18Z</lastmod>
</url><url>
    <loc>https://geoconnex.us/cuahsi/his/GlacialRidge/12</loc>
    <lastmod>2020-06-12T16:33:18Z</lastmod>
</url><url>
    <loc>https://geoconnex.us/cuahsi/his/GlacialRidge/13</loc>
    <lastmod>2020-06-12T16:33:18Z</lastmod>
</url><url>
    <loc>https://geoconnex.us/cuahsi/his/GlacialRidge/14</loc>
    <lastmod>2020-06-12T16:33:18Z</lastmod>
</url><url>
    <loc>https://geoconnex.us/cuahsi/his/GlacialRidge/15</loc>
    <lastmod>2020-06-12T16:33:18Z</lastmod>
</url><url>
    <loc>https://geoconnex.us/cuahsi/his/GlacialRidge/16</loc>
    <lastmod>2020-06-12T16:33:18Z</lastmod>
</url><url>
    <loc>https://geoconnex.us/cuahsi/his/GlacialRidge/17</loc>
    <lastmod>2020-06-12T16:33:18Z</lastmod>
</url><url>
    <loc>https://geoconnex.us/cuahsi/his/GlacialRidge/18</loc>
    <lastmod>2020-06-12T16:33:18Z</lastmod>
</url><url>
    <loc>https://geoconnex.us/cuahsi/his/GlacialRidge/19</loc>
    <lastmod>2020-06-12T16:33:18Z</lastmod>
</url><url>
    <loc>https://geoconnex.us/cuahsi/his/GlacialRidge/2</loc>
    <lastmod>2020-06-12T16:33:18Z</lastmod>
</url><url>
    <loc>https://geoconnex.us/cuahsi/his/GlacialRidge/20</loc>
    <lastmod>2020-06-12T16:33:18Z</lastmod>
</url><url>
    <loc>https://geoconnex.us/cuahsi/his/GlacialRidge/21</loc>
    <lastmod>2020-06-12T16:33:18Z</lastmod>
</url><url>
    <loc>https://geoconnex.us/cuahsi/his/GlacialRidge/22</loc>
    <lastmod>2020-06-12T16:33:18Z</lastmod>
</url><url>
    <loc>https://geoconnex.us/cuahsi/his/GlacialRidge/3</loc>
    <lastmod>2020-06-12T16:33:18Z</lastmod>
</url><url>
    <loc>https://geoconnex.us/cuahsi/his/GlacialRidge/4</loc>
    <lastmod>2020-06-12T16:33:18Z</lastmod>
</url><url>
    <loc>https://geoconnex.us/cuahsi/his/GlacialRidge/5</loc>
    <lastmod>2020-06-12T16:33:18Z</lastmod>
</url><url>
    <loc>https://geoconnex.us/cuahsi/his/GlacialRidge/6</loc>
    <lastmod>2020-06-12T16:33:18Z</lastmod>
</url><url>
    <loc>https://geoconnex.us/cuahsi/his/GlacialRidge/7</loc>
    <lastmod>2020-06-12T16:33:18Z</lastmod>
</url><url>
    <loc>https://geoconnex.us/cuahsi/his/GlacialRidge/8</loc>
    <lastmod>2020-06-12T16:33:18Z</lastmod>
</url><url>
    <loc>https://geoconnex.us/cuahsi/his/GlacialRidge/9</loc>
    <lastmod>2020-06-12T16:33:18Z</lastmod>
</url></ns0:urlset>