<?xml version='1.0' encoding='utf-8'?>
<ns0:urlset xmlns:ns0="http://www.sitemaps.org/schemas/sitemap/0.9">
<url>
    <loc>https://geoconnex.us/cuahsi/his/Red_Butte_Creek_GAMUT/RB_KF_C</loc>
    <lastmod>2020-07-28T00:37:23Z</lastmod>
</url><url>
    <loc>https://geoconnex.us/cuahsi/his/Red_Butte_Creek_GAMUT/RB_KF_R</loc>
    <lastmod>2020-07-28T00:37:23Z</lastmod>
</url><url>
    <loc>https://geoconnex.us/cuahsi/his/Red_Butte_Creek_GAMUT/RB_KF_BA</loc>
    <lastmod>2020-07-28T00:37:23Z</lastmod>
</url><url>
    <loc>https://geoconnex.us/cuahsi/his/Red_Butte_Creek_GAMUT/RB_KF_S</loc>
    <lastmod>2020-07-28T00:37:23Z</lastmod>
</url><url>
    <loc>https://geoconnex.us/cuahsi/his/Red_Butte_Creek_GAMUT/RB_ARBR_C</loc>
    <lastmod>2020-07-28T00:37:23Z</lastmod>
</url><url>
    <loc>https://geoconnex.us/cuahsi/his/Red_Butte_Creek_GAMUT/RB_ARBR_AA</loc>
    <lastmod>2020-07-28T00:37:23Z</lastmod>
</url><url>
    <loc>https://geoconnex.us/cuahsi/his/Red_Butte_Creek_GAMUT/RB_RBG_BA</loc>
    <lastmod>2020-07-28T00:37:23Z</lastmod>
</url><url>
    <loc>https://geoconnex.us/cuahsi/his/Red_Butte_Creek_GAMUT/RB_CG_BA</loc>
    <lastmod>2020-07-28T00:37:23Z</lastmod>
</url><url>
    <loc>https://geoconnex.us/cuahsi/his/Red_Butte_Creek_GAMUT/RB_GIRF_C</loc>
    <lastmod>2020-07-28T00:37:23Z</lastmod>
</url><url>
    <loc>https://geoconnex.us/cuahsi/his/Red_Butte_Creek_GAMUT/RB_FD_AA</loc>
    <lastmod>2020-07-28T00:37:23Z</lastmod>
</url><url>
    <loc>https://geoconnex.us/cuahsi/his/Red_Butte_Creek_GAMUT/RB_ARBR_USGS</loc>
    <lastmod>2020-07-28T00:37:23Z</lastmod>
</url><url>
    <loc>https://geoconnex.us/cuahsi/his/Red_Butte_Creek_GAMUT/RB_TM_C</loc>
    <lastmod>2020-07-28T00:37:23Z</lastmod>
</url><url>
    <loc>https://geoconnex.us/cuahsi/his/Red_Butte_Creek_GAMUT/RB_RBR_CUWCD</loc>
    <lastmod>2020-07-28T00:37:23Z</lastmod>
</url><url>
    <loc>https://geoconnex.us/cuahsi/his/Red_Butte_Creek_GAMUT/RB_CR_SD</loc>
    <lastmod>2020-07-28T00:37:23Z</lastmod>
</url><url>
    <loc>https://geoconnex.us/cuahsi/his/Red_Butte_Creek_GAMUT/RB_GIRF_SD</loc>
    <lastmod>2020-07-28T00:37:23Z</lastmod>
</url><url>
    <loc>https://geoconnex.us/cuahsi/his/Red_Butte_Creek_GAMUT/RB_FortD_SD</loc>
    <lastmod>2020-07-28T00:37:23Z</lastmod>
</url><url>
    <loc>https://geoconnex.us/cuahsi/his/Red_Butte_Creek_GAMUT/RB_Dent_SD</loc>
    <lastmod>2020-07-28T00:37:23Z</lastmod>
</url><url>
    <loc>https://geoconnex.us/cuahsi/his/Red_Butte_Creek_GAMUT/RB_900W_BA</loc>
    <lastmod>2020-07-28T00:37:23Z</lastmod>
</url><url>
    <loc>https://geoconnex.us/cuahsi/his/Red_Butte_Creek_GAMUT/RB_1300E_A</loc>
    <lastmod>2020-07-28T00:37:23Z</lastmod>
</url><url>
    <loc>https://geoconnex.us/cuahsi/his/Red_Butte_Creek_GAMUT/RB_LKF_A</loc>
    <lastmod>2020-07-28T00:37:23Z</lastmod>
</url></ns0:urlset>