<?xml version='1.0' encoding='utf-8'?>
<ns0:urlset xmlns:ns0="http://www.sitemaps.org/schemas/sitemap/0.9">
<url>
    <loc>https://geoconnex.us/cuahsi/his/FarmRWA/BB-B1</loc>
    <lastmod>2020-07-28T00:37:23Z</lastmod>
</url><url>
    <loc>https://geoconnex.us/cuahsi/his/FarmRWA/CB-C1</loc>
    <lastmod>2020-07-28T00:37:23Z</lastmod>
</url><url>
    <loc>https://geoconnex.us/cuahsi/his/FarmRWA/FR-EG1</loc>
    <lastmod>2020-07-28T00:37:23Z</lastmod>
</url><url>
    <loc>https://geoconnex.us/cuahsi/his/FarmRWA/FR-F1</loc>
    <lastmod>2020-07-28T00:37:23Z</lastmod>
</url><url>
    <loc>https://geoconnex.us/cuahsi/his/FarmRWA/FR-F2</loc>
    <lastmod>2020-07-28T00:37:23Z</lastmod>
</url><url>
    <loc>https://geoconnex.us/cuahsi/his/FarmRWA/FR-F3</loc>
    <lastmod>2020-07-28T00:37:23Z</lastmod>
</url><url>
    <loc>https://geoconnex.us/cuahsi/his/FarmRWA/FR-S1</loc>
    <lastmod>2020-07-28T00:37:23Z</lastmod>
</url><url>
    <loc>https://geoconnex.us/cuahsi/his/FarmRWA/FR-S2</loc>
    <lastmod>2020-07-28T00:37:23Z</lastmod>
</url><url>
    <loc>https://geoconnex.us/cuahsi/his/FarmRWA/FR-S3</loc>
    <lastmod>2020-07-28T00:37:23Z</lastmod>
</url><url>
    <loc>https://geoconnex.us/cuahsi/his/FarmRWA/FR-W1</loc>
    <lastmod>2020-07-28T00:37:23Z</lastmod>
</url><url>
    <loc>https://geoconnex.us/cuahsi/his/FarmRWA/FR-W2</loc>
    <lastmod>2020-07-28T00:37:23Z</lastmod>
</url><url>
    <loc>https://geoconnex.us/cuahsi/his/FarmRWA/HB-S1</loc>
    <lastmod>2020-07-28T00:37:23Z</lastmod>
</url><url>
    <loc>https://geoconnex.us/cuahsi/his/FarmRWA/MB-S1</loc>
    <lastmod>2020-07-28T00:37:23Z</lastmod>
</url><url>
    <loc>https://geoconnex.us/cuahsi/his/FarmRWA/ML-W1</loc>
    <lastmod>2020-07-28T00:37:23Z</lastmod>
</url><url>
    <loc>https://geoconnex.us/cuahsi/his/FarmRWA/MS-S1</loc>
    <lastmod>2020-07-28T00:37:23Z</lastmod>
</url><url>
    <loc>https://geoconnex.us/cuahsi/his/FarmRWA/NB-A1</loc>
    <lastmod>2020-07-28T00:37:23Z</lastmod>
</url><url>
    <loc>https://geoconnex.us/cuahsi/his/FarmRWA/PB-W1</loc>
    <lastmod>2020-07-28T00:37:23Z</lastmod>
</url><url>
    <loc>https://geoconnex.us/cuahsi/his/FarmRWA/PR-F1</loc>
    <lastmod>2020-07-28T00:37:23Z</lastmod>
</url><url>
    <loc>https://geoconnex.us/cuahsi/his/FarmRWA/RB-S1</loc>
    <lastmod>2020-07-28T00:37:23Z</lastmod>
</url><url>
    <loc>https://geoconnex.us/cuahsi/his/FarmRWA/RO-F1</loc>
    <lastmod>2020-07-28T00:37:23Z</lastmod>
</url><url>
    <loc>https://geoconnex.us/cuahsi/his/FarmRWA/SB-2</loc>
    <lastmod>2020-07-28T00:37:23Z</lastmod>
</url><url>
    <loc>https://geoconnex.us/cuahsi/his/FarmRWA/SB-EB1</loc>
    <lastmod>2020-07-28T00:37:23Z</lastmod>
</url><url>
    <loc>https://geoconnex.us/cuahsi/his/FarmRWA/SB-WB3</loc>
    <lastmod>2020-07-28T00:37:23Z</lastmod>
</url><url>
    <loc>https://geoconnex.us/cuahsi/his/FarmRWA/TB-A1</loc>
    <lastmod>2020-07-28T00:37:23Z</lastmod>
</url><url>
    <loc>https://geoconnex.us/cuahsi/his/FarmRWA/FRWA_FR-1</loc>
    <lastmod>2020-07-28T00:37:23Z</lastmod>
</url><url>
    <loc>https://geoconnex.us/cuahsi/his/FarmRWA/FRWA_FR-2</loc>
    <lastmod>2020-07-28T00:37:23Z</lastmod>
</url><url>
    <loc>https://geoconnex.us/cuahsi/his/FarmRWA/FRWA_FR-3</loc>
    <lastmod>2020-07-28T00:37:23Z</lastmod>
</url><url>
    <loc>https://geoconnex.us/cuahsi/his/FarmRWA/FRWA_FR-4</loc>
    <lastmod>2020-07-28T00:37:23Z</lastmod>
</url><url>
    <loc>https://geoconnex.us/cuahsi/his/FarmRWA/FRWA_MB-1</loc>
    <lastmod>2020-07-28T00:37:23Z</lastmod>
</url><url>
    <loc>https://geoconnex.us/cuahsi/his/FarmRWA/FRWA_MB-2</loc>
    <lastmod>2020-07-28T00:37:23Z</lastmod>
</url><url>
    <loc>https://geoconnex.us/cuahsi/his/FarmRWA/FRWA_MB-3</loc>
    <lastmod>2020-07-28T00:37:23Z</lastmod>
</url><url>
    <loc>https://geoconnex.us/cuahsi/his/FarmRWA/FRWA_MR-1</loc>
    <lastmod>2020-07-28T00:37:23Z</lastmod>
</url><url>
    <loc>https://geoconnex.us/cuahsi/his/FarmRWA/FRWA_MR-2</loc>
    <lastmod>2020-07-28T00:37:23Z</lastmod>
</url><url>
    <loc>https://geoconnex.us/cuahsi/his/FarmRWA/FRWA_MR-3</loc>
    <lastmod>2020-07-28T00:37:23Z</lastmod>
</url><url>
    <loc>https://geoconnex.us/cuahsi/his/FarmRWA/FRWA_MR-4</loc>
    <lastmod>2020-07-28T00:37:23Z</lastmod>
</url><url>
    <loc>https://geoconnex.us/cuahsi/his/FarmRWA/FRWA_SR-1</loc>
    <lastmod>2020-07-28T00:37:23Z</lastmod>
</url><url>
    <loc>https://geoconnex.us/cuahsi/his/FarmRWA/FRWA_SR-2</loc>
    <lastmod>2020-07-28T00:37:23Z</lastmod>
</url><url>
    <loc>https://geoconnex.us/cuahsi/his/FarmRWA/FRWA_SR-3</loc>
    <lastmod>2020-07-28T00:37:23Z</lastmod>
</url><url>
    <loc>https://geoconnex.us/cuahsi/his/FarmRWA/FRWA_SR-4</loc>
    <lastmod>2020-07-28T00:37:23Z</lastmod>
</url></ns0:urlset>