<?xml version='1.0' encoding='utf-8'?>
<ns0:urlset xmlns:ns0="http://www.sitemaps.org/schemas/sitemap/0.9">
<url>
    <loc>https://geoconnex.us/cuahsi/his/SKC_Milltown/1</loc>
    <lastmod>2020-07-28T00:37:23Z</lastmod>
</url><url>
    <loc>https://geoconnex.us/cuahsi/his/SKC_Milltown/2</loc>
    <lastmod>2020-07-28T00:37:23Z</lastmod>
</url><url>
    <loc>https://geoconnex.us/cuahsi/his/SKC_Milltown/3</loc>
    <lastmod>2020-07-28T00:37:23Z</lastmod>
</url><url>
    <loc>https://geoconnex.us/cuahsi/his/SKC_Milltown/4</loc>
    <lastmod>2020-07-28T00:37:23Z</lastmod>
</url><url>
    <loc>https://geoconnex.us/cuahsi/his/SKC_Milltown/5</loc>
    <lastmod>2020-07-28T00:37:23Z</lastmod>
</url><url>
    <loc>https://geoconnex.us/cuahsi/his/SKC_Milltown/6</loc>
    <lastmod>2020-07-28T00:37:23Z</lastmod>
</url><url>
    <loc>https://geoconnex.us/cuahsi/his/SKC_Milltown/7</loc>
    <lastmod>2020-07-28T00:37:23Z</lastmod>
</url><url>
    <loc>https://geoconnex.us/cuahsi/his/SKC_Milltown/8</loc>
    <lastmod>2020-07-28T00:37:23Z</lastmod>
</url><url>
    <loc>https://geoconnex.us/cuahsi/his/SKC_Milltown/9</loc>
    <lastmod>2020-07-28T00:37:23Z</lastmod>
</url><url>
    <loc>https://geoconnex.us/cuahsi/his/SKC_Milltown/10</loc>
    <lastmod>2020-07-28T00:37:23Z</lastmod>
</url><url>
    <loc>https://geoconnex.us/cuahsi/his/SKC_Milltown/11</loc>
    <lastmod>2020-07-28T00:37:23Z</lastmod>
</url><url>
    <loc>https://geoconnex.us/cuahsi/his/SKC_Milltown/12</loc>
    <lastmod>2020-07-28T00:37:23Z</lastmod>
</url><url>
    <loc>https://geoconnex.us/cuahsi/his/SKC_Milltown/13</loc>
    <lastmod>2020-07-28T00:37:23Z</lastmod>
</url><url>
    <loc>https://geoconnex.us/cuahsi/his/SKC_Milltown/14</loc>
    <lastmod>2020-07-28T00:37:23Z</lastmod>
</url><url>
    <loc>https://geoconnex.us/cuahsi/his/SKC_Milltown/15</loc>
    <lastmod>2020-07-28T00:37:23Z</lastmod>
</url><url>
    <loc>https://geoconnex.us/cuahsi/his/SKC_Milltown/16</loc>
    <lastmod>2020-07-28T00:37:23Z</lastmod>
</url><url>
    <loc>https://geoconnex.us/cuahsi/his/SKC_Milltown/17</loc>
    <lastmod>2020-07-28T00:37:23Z</lastmod>
</url><url>
    <loc>https://geoconnex.us/cuahsi/his/SKC_Milltown/18</loc>
    <lastmod>2020-07-28T00:37:23Z</lastmod>
</url><url>
    <loc>https://geoconnex.us/cuahsi/his/SKC_Milltown/19</loc>
    <lastmod>2020-07-28T00:37:23Z</lastmod>
</url><url>
    <loc>https://geoconnex.us/cuahsi/his/SKC_Milltown/20</loc>
    <lastmod>2020-07-28T00:37:23Z</lastmod>
</url><url>
    <loc>https://geoconnex.us/cuahsi/his/SKC_Milltown/21</loc>
    <lastmod>2020-07-28T00:37:23Z</lastmod>
</url><url>
    <loc>https://geoconnex.us/cuahsi/his/SKC_Milltown/22</loc>
    <lastmod>2020-07-28T00:37:23Z</lastmod>
</url><url>
    <loc>https://geoconnex.us/cuahsi/his/SKC_Milltown/23</loc>
    <lastmod>2020-07-28T00:37:23Z</lastmod>
</url><url>
    <loc>https://geoconnex.us/cuahsi/his/SKC_Milltown/24</loc>
    <lastmod>2020-07-28T00:37:23Z</lastmod>
</url><url>
    <loc>https://geoconnex.us/cuahsi/his/SKC_Milltown/25</loc>
    <lastmod>2020-07-28T00:37:23Z</lastmod>
</url><url>
    <loc>https://geoconnex.us/cuahsi/his/SKC_Milltown/26</loc>
    <lastmod>2020-07-28T00:37:23Z</lastmod>
</url><url>
    <loc>https://geoconnex.us/cuahsi/his/SKC_Milltown/27</loc>
    <lastmod>2020-07-28T00:37:23Z</lastmod>
</url><url>
    <loc>https://geoconnex.us/cuahsi/his/SKC_Milltown/28</loc>
    <lastmod>2020-07-28T00:37:23Z</lastmod>
</url><url>
    <loc>https://geoconnex.us/cuahsi/his/SKC_Milltown/29</loc>
    <lastmod>2020-07-28T00:37:23Z</lastmod>
</url><url>
    <loc>https://geoconnex.us/cuahsi/his/SKC_Milltown/30</loc>
    <lastmod>2020-07-28T00:37:23Z</lastmod>
</url><url>
    <loc>https://geoconnex.us/cuahsi/his/SKC_Milltown/31</loc>
    <lastmod>2020-07-28T00:37:23Z</lastmod>
</url><url>
    <loc>https://geoconnex.us/cuahsi/his/SKC_Milltown/32</loc>
    <lastmod>2020-07-28T00:37:23Z</lastmod>
</url><url>
    <loc>https://geoconnex.us/cuahsi/his/SKC_Milltown/33</loc>
    <lastmod>2020-07-28T00:37:23Z</lastmod>
</url><url>
    <loc>https://geoconnex.us/cuahsi/his/SKC_Milltown/34</loc>
    <lastmod>2020-07-28T00:37:23Z</lastmod>
</url><url>
    <loc>https://geoconnex.us/cuahsi/his/SKC_Milltown/35</loc>
    <lastmod>2020-07-28T00:37:23Z</lastmod>
</url><url>
    <loc>https://geoconnex.us/cuahsi/his/SKC_Milltown/36</loc>
    <lastmod>2020-07-28T00:37:23Z</lastmod>
</url><url>
    <loc>https://geoconnex.us/cuahsi/his/SKC_Milltown/37</loc>
    <lastmod>2020-07-28T00:37:23Z</lastmod>
</url><url>
    <loc>https://geoconnex.us/cuahsi/his/SKC_Milltown/38</loc>
    <lastmod>2020-07-28T00:37:23Z</lastmod>
</url><url>
    <loc>https://geoconnex.us/cuahsi/his/SKC_Milltown/39</loc>
    <lastmod>2020-07-28T00:37:23Z</lastmod>
</url><url>
    <loc>https://geoconnex.us/cuahsi/his/SKC_Milltown/40</loc>
    <lastmod>2020-07-28T00:37:23Z</lastmod>
</url><url>
    <loc>https://geoconnex.us/cuahsi/his/SKC_Milltown/41</loc>
    <lastmod>2020-07-28T00:37:23Z</lastmod>
</url><url>
    <loc>https://geoconnex.us/cuahsi/his/SKC_Milltown/42</loc>
    <lastmod>2020-07-28T00:37:23Z</lastmod>
</url><url>
    <loc>https://geoconnex.us/cuahsi/his/SKC_Milltown/43</loc>
    <lastmod>2020-07-28T00:37:23Z</lastmod>
</url><url>
    <loc>https://geoconnex.us/cuahsi/his/SKC_Milltown/44</loc>
    <lastmod>2020-07-28T00:37:23Z</lastmod>
</url><url>
    <loc>https://geoconnex.us/cuahsi/his/SKC_Milltown/45</loc>
    <lastmod>2020-07-28T00:37:23Z</lastmod>
</url><url>
    <loc>https://geoconnex.us/cuahsi/his/SKC_Milltown/46</loc>
    <lastmod>2020-07-28T00:37:23Z</lastmod>
</url><url>
    <loc>https://geoconnex.us/cuahsi/his/SKC_Milltown/47</loc>
    <lastmod>2020-07-28T00:37:23Z</lastmod>
</url><url>
    <loc>https://geoconnex.us/cuahsi/his/SKC_Milltown/48</loc>
    <lastmod>2020-07-28T00:37:23Z</lastmod>
</url><url>
    <loc>https://geoconnex.us/cuahsi/his/SKC_Milltown/49</loc>
    <lastmod>2020-07-28T00:37:23Z</lastmod>
</url><url>
    <loc>https://geoconnex.us/cuahsi/his/SKC_Milltown/50</loc>
    <lastmod>2020-07-28T00:37:23Z</lastmod>
</url><url>
    <loc>https://geoconnex.us/cuahsi/his/SKC_Milltown/51</loc>
    <lastmod>2020-07-28T00:37:23Z</lastmod>
</url><url>
    <loc>https://geoconnex.us/cuahsi/his/SKC_Milltown/52</loc>
    <lastmod>2020-07-28T00:37:23Z</lastmod>
</url><url>
    <loc>https://geoconnex.us/cuahsi/his/SKC_Milltown/53</loc>
    <lastmod>2020-07-28T00:37:23Z</lastmod>
</url><url>
    <loc>https://geoconnex.us/cuahsi/his/SKC_Milltown/54</loc>
    <lastmod>2020-07-28T00:37:23Z</lastmod>
</url><url>
    <loc>https://geoconnex.us/cuahsi/his/SKC_Milltown/55</loc>
    <lastmod>2020-07-28T00:37:23Z</lastmod>
</url><url>
    <loc>https://geoconnex.us/cuahsi/his/SKC_Milltown/56</loc>
    <lastmod>2020-07-28T00:37:23Z</lastmod>
</url><url>
    <loc>https://geoconnex.us/cuahsi/his/SKC_Milltown/57</loc>
    <lastmod>2020-07-28T00:37:23Z</lastmod>
</url><url>
    <loc>https://geoconnex.us/cuahsi/his/SKC_Milltown/58</loc>
    <lastmod>2020-07-28T00:37:23Z</lastmod>
</url><url>
    <loc>https://geoconnex.us/cuahsi/his/SKC_Milltown/59</loc>
    <lastmod>2020-07-28T00:37:23Z</lastmod>
</url><url>
    <loc>https://geoconnex.us/cuahsi/his/SKC_Milltown/60</loc>
    <lastmod>2020-07-28T00:37:23Z</lastmod>
</url><url>
    <loc>https://geoconnex.us/cuahsi/his/SKC_Milltown/61</loc>
    <lastmod>2020-07-28T00:37:23Z</lastmod>
</url><url>
    <loc>https://geoconnex.us/cuahsi/his/SKC_Milltown/62</loc>
    <lastmod>2020-07-28T00:37:23Z</lastmod>
</url><url>
    <loc>https://geoconnex.us/cuahsi/his/SKC_Milltown/63</loc>
    <lastmod>2020-07-28T00:37:23Z</lastmod>
</url><url>
    <loc>https://geoconnex.us/cuahsi/his/SKC_Milltown/64</loc>
    <lastmod>2020-07-28T00:37:23Z</lastmod>
</url><url>
    <loc>https://geoconnex.us/cuahsi/his/SKC_Milltown/65</loc>
    <lastmod>2020-07-28T00:37:23Z</lastmod>
</url><url>
    <loc>https://geoconnex.us/cuahsi/his/SKC_Milltown/66</loc>
    <lastmod>2020-07-28T00:37:23Z</lastmod>
</url><url>
    <loc>https://geoconnex.us/cuahsi/his/SKC_Milltown/67</loc>
    <lastmod>2020-07-28T00:37:23Z</lastmod>
</url><url>
    <loc>https://geoconnex.us/cuahsi/his/SKC_Milltown/68</loc>
    <lastmod>2020-07-28T00:37:23Z</lastmod>
</url><url>
    <loc>https://geoconnex.us/cuahsi/his/SKC_Milltown/69</loc>
    <lastmod>2020-07-28T00:37:23Z</lastmod>
</url><url>
    <loc>https://geoconnex.us/cuahsi/his/SKC_Milltown/70</loc>
    <lastmod>2020-07-28T00:37:23Z</lastmod>
</url><url>
    <loc>https://geoconnex.us/cuahsi/his/SKC_Milltown/71</loc>
    <lastmod>2020-07-28T00:37:23Z</lastmod>
</url><url>
    <loc>https://geoconnex.us/cuahsi/his/SKC_Milltown/72</loc>
    <lastmod>2020-07-28T00:37:23Z</lastmod>
</url><url>
    <loc>https://geoconnex.us/cuahsi/his/SKC_Milltown/73</loc>
    <lastmod>2020-07-28T00:37:23Z</lastmod>
</url><url>
    <loc>https://geoconnex.us/cuahsi/his/SKC_Milltown/74</loc>
    <lastmod>2020-07-28T00:37:23Z</lastmod>
</url><url>
    <loc>https://geoconnex.us/cuahsi/his/SKC_Milltown/75</loc>
    <lastmod>2020-07-28T00:37:23Z</lastmod>
</url><url>
    <loc>https://geoconnex.us/cuahsi/his/SKC_Milltown/76</loc>
    <lastmod>2020-07-28T00:37:23Z</lastmod>
</url><url>
    <loc>https://geoconnex.us/cuahsi/his/SKC_Milltown/77</loc>
    <lastmod>2020-07-28T00:37:23Z</lastmod>
</url><url>
    <loc>https://geoconnex.us/cuahsi/his/SKC_Milltown/78</loc>
    <lastmod>2020-07-28T00:37:23Z</lastmod>
</url><url>
    <loc>https://geoconnex.us/cuahsi/his/SKC_Milltown/79</loc>
    <lastmod>2020-07-28T00:37:23Z</lastmod>
</url><url>
    <loc>https://geoconnex.us/cuahsi/his/SKC_Milltown/80</loc>
    <lastmod>2020-07-28T00:37:23Z</lastmod>
</url><url>
    <loc>https://geoconnex.us/cuahsi/his/SKC_Milltown/81</loc>
    <lastmod>2020-07-28T00:37:23Z</lastmod>
</url><url>
    <loc>https://geoconnex.us/cuahsi/his/SKC_Milltown/82</loc>
    <lastmod>2020-07-28T00:37:23Z</lastmod>
</url><url>
    <loc>https://geoconnex.us/cuahsi/his/SKC_Milltown/83</loc>
    <lastmod>2020-07-28T00:37:23Z</lastmod>
</url><url>
    <loc>https://geoconnex.us/cuahsi/his/SKC_Milltown/84</loc>
    <lastmod>2020-07-28T00:37:23Z</lastmod>
</url><url>
    <loc>https://geoconnex.us/cuahsi/his/SKC_Milltown/85</loc>
    <lastmod>2020-07-28T00:37:23Z</lastmod>
</url><url>
    <loc>https://geoconnex.us/cuahsi/his/SKC_Milltown/86</loc>
    <lastmod>2020-07-28T00:37:23Z</lastmod>
</url><url>
    <loc>https://geoconnex.us/cuahsi/his/SKC_Milltown/87</loc>
    <lastmod>2020-07-28T00:37:23Z</lastmod>
</url><url>
    <loc>https://geoconnex.us/cuahsi/his/SKC_Milltown/88</loc>
    <lastmod>2020-07-28T00:37:23Z</lastmod>
</url><url>
    <loc>https://geoconnex.us/cuahsi/his/SKC_Milltown/89</loc>
    <lastmod>2020-07-28T00:37:23Z</lastmod>
</url><url>
    <loc>https://geoconnex.us/cuahsi/his/SKC_Milltown/90</loc>
    <lastmod>2020-07-28T00:37:23Z</lastmod>
</url><url>
    <loc>https://geoconnex.us/cuahsi/his/SKC_Milltown/91</loc>
    <lastmod>2020-07-28T00:37:23Z</lastmod>
</url><url>
    <loc>https://geoconnex.us/cuahsi/his/SKC_Milltown/92</loc>
    <lastmod>2020-07-28T00:37:23Z</lastmod>
</url><url>
    <loc>https://geoconnex.us/cuahsi/his/SKC_Milltown/93</loc>
    <lastmod>2020-07-28T00:37:23Z</lastmod>
</url><url>
    <loc>https://geoconnex.us/cuahsi/his/SKC_Milltown/94</loc>
    <lastmod>2020-07-28T00:37:23Z</lastmod>
</url><url>
    <loc>https://geoconnex.us/cuahsi/his/SKC_Milltown/95</loc>
    <lastmod>2020-07-28T00:37:23Z</lastmod>
</url><url>
    <loc>https://geoconnex.us/cuahsi/his/SKC_Milltown/96</loc>
    <lastmod>2020-07-28T00:37:23Z</lastmod>
</url><url>
    <loc>https://geoconnex.us/cuahsi/his/SKC_Milltown/97</loc>
    <lastmod>2020-07-28T00:37:23Z</lastmod>
</url><url>
    <loc>https://geoconnex.us/cuahsi/his/SKC_Milltown/98</loc>
    <lastmod>2020-07-28T00:37:23Z</lastmod>
</url><url>
    <loc>https://geoconnex.us/cuahsi/his/SKC_Milltown/99</loc>
    <lastmod>2020-07-28T00:37:23Z</lastmod>
</url><url>
    <loc>https://geoconnex.us/cuahsi/his/SKC_Milltown/100</loc>
    <lastmod>2020-07-28T00:37:23Z</lastmod>
</url><url>
    <loc>https://geoconnex.us/cuahsi/his/SKC_Milltown/101</loc>
    <lastmod>2020-07-28T00:37:23Z</lastmod>
</url><url>
    <loc>https://geoconnex.us/cuahsi/his/SKC_Milltown/102</loc>
    <lastmod>2020-07-28T00:37:23Z</lastmod>
</url><url>
    <loc>https://geoconnex.us/cuahsi/his/SKC_Milltown/103</loc>
    <lastmod>2020-07-28T00:37:23Z</lastmod>
</url><url>
    <loc>https://geoconnex.us/cuahsi/his/SKC_Milltown/104</loc>
    <lastmod>2020-07-28T00:37:23Z</lastmod>
</url><url>
    <loc>https://geoconnex.us/cuahsi/his/SKC_Milltown/105</loc>
    <lastmod>2020-07-28T00:37:23Z</lastmod>
</url><url>
    <loc>https://geoconnex.us/cuahsi/his/SKC_Milltown/106</loc>
    <lastmod>2020-07-28T00:37:23Z</lastmod>
</url><url>
    <loc>https://geoconnex.us/cuahsi/his/SKC_Milltown/107</loc>
    <lastmod>2020-07-28T00:37:23Z</lastmod>
</url><url>
    <loc>https://geoconnex.us/cuahsi/his/SKC_Milltown/108</loc>
    <lastmod>2020-07-28T00:37:23Z</lastmod>
</url><url>
    <loc>https://geoconnex.us/cuahsi/his/SKC_Milltown/109</loc>
    <lastmod>2020-07-28T00:37:23Z</lastmod>
</url><url>
    <loc>https://geoconnex.us/cuahsi/his/SKC_Milltown/110</loc>
    <lastmod>2020-07-28T00:37:23Z</lastmod>
</url><url>
    <loc>https://geoconnex.us/cuahsi/his/SKC_Milltown/111</loc>
    <lastmod>2020-07-28T00:37:23Z</lastmod>
</url><url>
    <loc>https://geoconnex.us/cuahsi/his/SKC_Milltown/112</loc>
    <lastmod>2020-07-28T00:37:23Z</lastmod>
</url><url>
    <loc>https://geoconnex.us/cuahsi/his/SKC_Milltown/113</loc>
    <lastmod>2020-07-28T00:37:23Z</lastmod>
</url><url>
    <loc>https://geoconnex.us/cuahsi/his/SKC_Milltown/114</loc>
    <lastmod>2020-07-28T00:37:23Z</lastmod>
</url><url>
    <loc>https://geoconnex.us/cuahsi/his/SKC_Milltown/115</loc>
    <lastmod>2020-07-28T00:37:23Z</lastmod>
</url><url>
    <loc>https://geoconnex.us/cuahsi/his/SKC_Milltown/116</loc>
    <lastmod>2020-07-28T00:37:23Z</lastmod>
</url><url>
    <loc>https://geoconnex.us/cuahsi/his/SKC_Milltown/117</loc>
    <lastmod>2020-07-28T00:37:23Z</lastmod>
</url><url>
    <loc>https://geoconnex.us/cuahsi/his/SKC_Milltown/118</loc>
    <lastmod>2020-07-28T00:37:23Z</lastmod>
</url><url>
    <loc>https://geoconnex.us/cuahsi/his/SKC_Milltown/119</loc>
    <lastmod>2020-07-28T00:37:23Z</lastmod>
</url><url>
    <loc>https://geoconnex.us/cuahsi/his/SKC_Milltown/120</loc>
    <lastmod>2020-07-28T00:37:23Z</lastmod>
</url><url>
    <loc>https://geoconnex.us/cuahsi/his/SKC_Milltown/121</loc>
    <lastmod>2020-07-28T00:37:23Z</lastmod>
</url><url>
    <loc>https://geoconnex.us/cuahsi/his/SKC_Milltown/122</loc>
    <lastmod>2020-07-28T00:37:23Z</lastmod>
</url><url>
    <loc>https://geoconnex.us/cuahsi/his/SKC_Milltown/123</loc>
    <lastmod>2020-07-28T00:37:23Z</lastmod>
</url><url>
    <loc>https://geoconnex.us/cuahsi/his/SKC_Milltown/124</loc>
    <lastmod>2020-07-28T00:37:23Z</lastmod>
</url><url>
    <loc>https://geoconnex.us/cuahsi/his/SKC_Milltown/125</loc>
    <lastmod>2020-07-28T00:37:23Z</lastmod>
</url><url>
    <loc>https://geoconnex.us/cuahsi/his/SKC_Milltown/126</loc>
    <lastmod>2020-07-28T00:37:23Z</lastmod>
</url><url>
    <loc>https://geoconnex.us/cuahsi/his/SKC_Milltown/127</loc>
    <lastmod>2020-07-28T00:37:23Z</lastmod>
</url><url>
    <loc>https://geoconnex.us/cuahsi/his/SKC_Milltown/128</loc>
    <lastmod>2020-07-28T00:37:23Z</lastmod>
</url><url>
    <loc>https://geoconnex.us/cuahsi/his/SKC_Milltown/129</loc>
    <lastmod>2020-07-28T00:37:23Z</lastmod>
</url><url>
    <loc>https://geoconnex.us/cuahsi/his/SKC_Milltown/130</loc>
    <lastmod>2020-07-28T00:37:23Z</lastmod>
</url><url>
    <loc>https://geoconnex.us/cuahsi/his/SKC_Milltown/131</loc>
    <lastmod>2020-07-28T00:37:23Z</lastmod>
</url><url>
    <loc>https://geoconnex.us/cuahsi/his/SKC_Milltown/132</loc>
    <lastmod>2020-07-28T00:37:23Z</lastmod>
</url><url>
    <loc>https://geoconnex.us/cuahsi/his/SKC_Milltown/133</loc>
    <lastmod>2020-07-28T00:37:23Z</lastmod>
</url><url>
    <loc>https://geoconnex.us/cuahsi/his/SKC_Milltown/134</loc>
    <lastmod>2020-07-28T00:37:23Z</lastmod>
</url><url>
    <loc>https://geoconnex.us/cuahsi/his/SKC_Milltown/135</loc>
    <lastmod>2020-07-28T00:37:23Z</lastmod>
</url><url>
    <loc>https://geoconnex.us/cuahsi/his/SKC_Milltown/136</loc>
    <lastmod>2020-07-28T00:37:23Z</lastmod>
</url><url>
    <loc>https://geoconnex.us/cuahsi/his/SKC_Milltown/137</loc>
    <lastmod>2020-07-28T00:37:23Z</lastmod>
</url><url>
    <loc>https://geoconnex.us/cuahsi/his/SKC_Milltown/138</loc>
    <lastmod>2020-07-28T00:37:23Z</lastmod>
</url><url>
    <loc>https://geoconnex.us/cuahsi/his/SKC_Milltown/139</loc>
    <lastmod>2020-07-28T00:37:23Z</lastmod>
</url><url>
    <loc>https://geoconnex.us/cuahsi/his/SKC_Milltown/140</loc>
    <lastmod>2020-07-28T00:37:23Z</lastmod>
</url><url>
    <loc>https://geoconnex.us/cuahsi/his/SKC_Milltown/141</loc>
    <lastmod>2020-07-28T00:37:23Z</lastmod>
</url><url>
    <loc>https://geoconnex.us/cuahsi/his/SKC_Milltown/142</loc>
    <lastmod>2020-07-28T00:37:23Z</lastmod>
</url><url>
    <loc>https://geoconnex.us/cuahsi/his/SKC_Milltown/143</loc>
    <lastmod>2020-07-28T00:37:23Z</lastmod>
</url><url>
    <loc>https://geoconnex.us/cuahsi/his/SKC_Milltown/144</loc>
    <lastmod>2020-07-28T00:37:23Z</lastmod>
</url><url>
    <loc>https://geoconnex.us/cuahsi/his/SKC_Milltown/145</loc>
    <lastmod>2020-07-28T00:37:23Z</lastmod>
</url><url>
    <loc>https://geoconnex.us/cuahsi/his/SKC_Milltown/146</loc>
    <lastmod>2020-07-28T00:37:23Z</lastmod>
</url><url>
    <loc>https://geoconnex.us/cuahsi/his/SKC_Milltown/147</loc>
    <lastmod>2020-07-28T00:37:23Z</lastmod>
</url><url>
    <loc>https://geoconnex.us/cuahsi/his/SKC_Milltown/148</loc>
    <lastmod>2020-07-28T00:37:23Z</lastmod>
</url><url>
    <loc>https://geoconnex.us/cuahsi/his/SKC_Milltown/149</loc>
    <lastmod>2020-07-28T00:37:23Z</lastmod>
</url><url>
    <loc>https://geoconnex.us/cuahsi/his/SKC_Milltown/150</loc>
    <lastmod>2020-07-28T00:37:23Z</lastmod>
</url><url>
    <loc>https://geoconnex.us/cuahsi/his/SKC_Milltown/151</loc>
    <lastmod>2020-07-28T00:37:23Z</lastmod>
</url><url>
    <loc>https://geoconnex.us/cuahsi/his/SKC_Milltown/152</loc>
    <lastmod>2020-07-28T00:37:23Z</lastmod>
</url><url>
    <loc>https://geoconnex.us/cuahsi/his/SKC_Milltown/153</loc>
    <lastmod>2020-07-28T00:37:23Z</lastmod>
</url><url>
    <loc>https://geoconnex.us/cuahsi/his/SKC_Milltown/154</loc>
    <lastmod>2020-07-28T00:37:23Z</lastmod>
</url><url>
    <loc>https://geoconnex.us/cuahsi/his/SKC_Milltown/155</loc>
    <lastmod>2020-07-28T00:37:23Z</lastmod>
</url><url>
    <loc>https://geoconnex.us/cuahsi/his/SKC_Milltown/156</loc>
    <lastmod>2020-07-28T00:37:23Z</lastmod>
</url><url>
    <loc>https://geoconnex.us/cuahsi/his/SKC_Milltown/157</loc>
    <lastmod>2020-07-28T00:37:23Z</lastmod>
</url><url>
    <loc>https://geoconnex.us/cuahsi/his/SKC_Milltown/158</loc>
    <lastmod>2020-07-28T00:37:23Z</lastmod>
</url><url>
    <loc>https://geoconnex.us/cuahsi/his/SKC_Milltown/159</loc>
    <lastmod>2020-07-28T00:37:23Z</lastmod>
</url><url>
    <loc>https://geoconnex.us/cuahsi/his/SKC_Milltown/160</loc>
    <lastmod>2020-07-28T00:37:23Z</lastmod>
</url><url>
    <loc>https://geoconnex.us/cuahsi/his/SKC_Milltown/161</loc>
    <lastmod>2020-07-28T00:37:23Z</lastmod>
</url><url>
    <loc>https://geoconnex.us/cuahsi/his/SKC_Milltown/162</loc>
    <lastmod>2020-07-28T00:37:23Z</lastmod>
</url><url>
    <loc>https://geoconnex.us/cuahsi/his/SKC_Milltown/163</loc>
    <lastmod>2020-07-28T00:37:23Z</lastmod>
</url><url>
    <loc>https://geoconnex.us/cuahsi/his/SKC_Milltown/164</loc>
    <lastmod>2020-07-28T00:37:23Z</lastmod>
</url><url>
    <loc>https://geoconnex.us/cuahsi/his/SKC_Milltown/165</loc>
    <lastmod>2020-07-28T00:37:23Z</lastmod>
</url><url>
    <loc>https://geoconnex.us/cuahsi/his/SKC_Milltown/166</loc>
    <lastmod>2020-07-28T00:37:23Z</lastmod>
</url><url>
    <loc>https://geoconnex.us/cuahsi/his/SKC_Milltown/167</loc>
    <lastmod>2020-07-28T00:37:23Z</lastmod>
</url><url>
    <loc>https://geoconnex.us/cuahsi/his/SKC_Milltown/168</loc>
    <lastmod>2020-07-28T00:37:23Z</lastmod>
</url><url>
    <loc>https://geoconnex.us/cuahsi/his/SKC_Milltown/169</loc>
    <lastmod>2020-07-28T00:37:23Z</lastmod>
</url><url>
    <loc>https://geoconnex.us/cuahsi/his/SKC_Milltown/170</loc>
    <lastmod>2020-07-28T00:37:23Z</lastmod>
</url><url>
    <loc>https://geoconnex.us/cuahsi/his/SKC_Milltown/171</loc>
    <lastmod>2020-07-28T00:37:23Z</lastmod>
</url><url>
    <loc>https://geoconnex.us/cuahsi/his/SKC_Milltown/172</loc>
    <lastmod>2020-07-28T00:37:23Z</lastmod>
</url><url>
    <loc>https://geoconnex.us/cuahsi/his/SKC_Milltown/173</loc>
    <lastmod>2020-07-28T00:37:23Z</lastmod>
</url><url>
    <loc>https://geoconnex.us/cuahsi/his/SKC_Milltown/174</loc>
    <lastmod>2020-07-28T00:37:23Z</lastmod>
</url><url>
    <loc>https://geoconnex.us/cuahsi/his/SKC_Milltown/175</loc>
    <lastmod>2020-07-28T00:37:23Z</lastmod>
</url><url>
    <loc>https://geoconnex.us/cuahsi/his/SKC_Milltown/176</loc>
    <lastmod>2020-07-28T00:37:23Z</lastmod>
</url><url>
    <loc>https://geoconnex.us/cuahsi/his/SKC_Milltown/177</loc>
    <lastmod>2020-07-28T00:37:23Z</lastmod>
</url><url>
    <loc>https://geoconnex.us/cuahsi/his/SKC_Milltown/178</loc>
    <lastmod>2020-07-28T00:37:23Z</lastmod>
</url><url>
    <loc>https://geoconnex.us/cuahsi/his/SKC_Milltown/179</loc>
    <lastmod>2020-07-28T00:37:23Z</lastmod>
</url><url>
    <loc>https://geoconnex.us/cuahsi/his/SKC_Milltown/180</loc>
    <lastmod>2020-07-28T00:37:23Z</lastmod>
</url><url>
    <loc>https://geoconnex.us/cuahsi/his/SKC_Milltown/181</loc>
    <lastmod>2020-07-28T00:37:23Z</lastmod>
</url><url>
    <loc>https://geoconnex.us/cuahsi/his/SKC_Milltown/182</loc>
    <lastmod>2020-07-28T00:37:23Z</lastmod>
</url><url>
    <loc>https://geoconnex.us/cuahsi/his/SKC_Milltown/183</loc>
    <lastmod>2020-07-28T00:37:23Z</lastmod>
</url><url>
    <loc>https://geoconnex.us/cuahsi/his/SKC_Milltown/184</loc>
    <lastmod>2020-07-28T00:37:23Z</lastmod>
</url><url>
    <loc>https://geoconnex.us/cuahsi/his/SKC_Milltown/185</loc>
    <lastmod>2020-07-28T00:37:23Z</lastmod>
</url><url>
    <loc>https://geoconnex.us/cuahsi/his/SKC_Milltown/186</loc>
    <lastmod>2020-07-28T00:37:23Z</lastmod>
</url><url>
    <loc>https://geoconnex.us/cuahsi/his/SKC_Milltown/187</loc>
    <lastmod>2020-07-28T00:37:23Z</lastmod>
</url><url>
    <loc>https://geoconnex.us/cuahsi/his/SKC_Milltown/188</loc>
    <lastmod>2020-07-28T00:37:23Z</lastmod>
</url><url>
    <loc>https://geoconnex.us/cuahsi/his/SKC_Milltown/189</loc>
    <lastmod>2020-07-28T00:37:23Z</lastmod>
</url><url>
    <loc>https://geoconnex.us/cuahsi/his/SKC_Milltown/190</loc>
    <lastmod>2020-07-28T00:37:23Z</lastmod>
</url><url>
    <loc>https://geoconnex.us/cuahsi/his/SKC_Milltown/191</loc>
    <lastmod>2020-07-28T00:37:23Z</lastmod>
</url><url>
    <loc>https://geoconnex.us/cuahsi/his/SKC_Milltown/192</loc>
    <lastmod>2020-07-28T00:37:23Z</lastmod>
</url><url>
    <loc>https://geoconnex.us/cuahsi/his/SKC_Milltown/193</loc>
    <lastmod>2020-07-28T00:37:23Z</lastmod>
</url><url>
    <loc>https://geoconnex.us/cuahsi/his/SKC_Milltown/194</loc>
    <lastmod>2020-07-28T00:37:23Z</lastmod>
</url><url>
    <loc>https://geoconnex.us/cuahsi/his/SKC_Milltown/195</loc>
    <lastmod>2020-07-28T00:37:23Z</lastmod>
</url><url>
    <loc>https://geoconnex.us/cuahsi/his/SKC_Milltown/199</loc>
    <lastmod>2020-07-28T00:37:23Z</lastmod>
</url><url>
    <loc>https://geoconnex.us/cuahsi/his/SKC_Milltown/202</loc>
    <lastmod>2020-07-28T00:37:23Z</lastmod>
</url><url>
    <loc>https://geoconnex.us/cuahsi/his/SKC_Milltown/207</loc>
    <lastmod>2020-07-28T00:37:23Z</lastmod>
</url><url>
    <loc>https://geoconnex.us/cuahsi/his/SKC_Milltown/208</loc>
    <lastmod>2020-07-28T00:37:23Z</lastmod>
</url><url>
    <loc>https://geoconnex.us/cuahsi/his/SKC_Milltown/209</loc>
    <lastmod>2020-07-28T00:37:23Z</lastmod>
</url><url>
    <loc>https://geoconnex.us/cuahsi/his/SKC_Milltown/210</loc>
    <lastmod>2020-07-28T00:37:23Z</lastmod>
</url><url>
    <loc>https://geoconnex.us/cuahsi/his/SKC_Milltown/211</loc>
    <lastmod>2020-07-28T00:37:23Z</lastmod>
</url><url>
    <loc>https://geoconnex.us/cuahsi/his/SKC_Milltown/212</loc>
    <lastmod>2020-07-28T00:37:23Z</lastmod>
</url><url>
    <loc>https://geoconnex.us/cuahsi/his/SKC_Milltown/213</loc>
    <lastmod>2020-07-28T00:37:23Z</lastmod>
</url><url>
    <loc>https://geoconnex.us/cuahsi/his/SKC_Milltown/214</loc>
    <lastmod>2020-07-28T00:37:23Z</lastmod>
</url><url>
    <loc>https://geoconnex.us/cuahsi/his/SKC_Milltown/215</loc>
    <lastmod>2020-07-28T00:37:23Z</lastmod>
</url><url>
    <loc>https://geoconnex.us/cuahsi/his/SKC_Milltown/216</loc>
    <lastmod>2020-07-28T00:37:23Z</lastmod>
</url><url>
    <loc>https://geoconnex.us/cuahsi/his/SKC_Milltown/217</loc>
    <lastmod>2020-07-28T00:37:23Z</lastmod>
</url><url>
    <loc>https://geoconnex.us/cuahsi/his/SKC_Milltown/218</loc>
    <lastmod>2020-07-28T00:37:23Z</lastmod>
</url><url>
    <loc>https://geoconnex.us/cuahsi/his/SKC_Milltown/219</loc>
    <lastmod>2020-07-28T00:37:23Z</lastmod>
</url><url>
    <loc>https://geoconnex.us/cuahsi/his/SKC_Milltown/220</loc>
    <lastmod>2020-07-28T00:37:23Z</lastmod>
</url><url>
    <loc>https://geoconnex.us/cuahsi/his/SKC_Milltown/221</loc>
    <lastmod>2020-07-28T00:37:23Z</lastmod>
</url><url>
    <loc>https://geoconnex.us/cuahsi/his/SKC_Milltown/222</loc>
    <lastmod>2020-07-28T00:37:23Z</lastmod>
</url><url>
    <loc>https://geoconnex.us/cuahsi/his/SKC_Milltown/223</loc>
    <lastmod>2020-07-28T00:37:23Z</lastmod>
</url><url>
    <loc>https://geoconnex.us/cuahsi/his/SKC_Milltown/224</loc>
    <lastmod>2020-07-28T00:37:23Z</lastmod>
</url><url>
    <loc>https://geoconnex.us/cuahsi/his/SKC_Milltown/225</loc>
    <lastmod>2020-07-28T00:37:23Z</lastmod>
</url><url>
    <loc>https://geoconnex.us/cuahsi/his/SKC_Milltown/226</loc>
    <lastmod>2020-07-28T00:37:23Z</lastmod>
</url><url>
    <loc>https://geoconnex.us/cuahsi/his/SKC_Milltown/MD1</loc>
    <lastmod>2020-07-28T00:37:23Z</lastmod>
</url><url>
    <loc>https://geoconnex.us/cuahsi/his/SKC_Milltown/MD2</loc>
    <lastmod>2020-07-28T00:37:23Z</lastmod>
</url></ns0:urlset>