<?xml version='1.0' encoding='utf-8'?>
<ns0:urlset xmlns:ns0="http://www.sitemaps.org/schemas/sitemap/0.9">
<url>
    <loc>https://geoconnex.us/cuahsi/his/Provo_River_GAMUT/PR_BD_C</loc>
    <lastmod>2020-07-28T00:37:23Z</lastmod>
</url><url>
    <loc>https://geoconnex.us/cuahsi/his/Provo_River_GAMUT/PR_BJ_AA</loc>
    <lastmod>2020-07-28T00:37:23Z</lastmod>
</url><url>
    <loc>https://geoconnex.us/cuahsi/his/Provo_River_GAMUT/PR_TL_C</loc>
    <lastmod>2020-07-28T00:37:23Z</lastmod>
</url><url>
    <loc>https://geoconnex.us/cuahsi/his/Provo_River_GAMUT/PR_CH_CUWCD</loc>
    <lastmod>2020-07-28T00:37:23Z</lastmod>
</url><url>
    <loc>https://geoconnex.us/cuahsi/his/Provo_River_GAMUT/PR_UM_CUWCD</loc>
    <lastmod>2020-07-28T00:37:23Z</lastmod>
</url><url>
    <loc>https://geoconnex.us/cuahsi/his/Provo_River_GAMUT/PR_BJ_CUWCD</loc>
    <lastmod>2020-07-28T00:37:23Z</lastmod>
</url><url>
    <loc>https://geoconnex.us/cuahsi/his/Provo_River_GAMUT/PR_CH_AA</loc>
    <lastmod>2020-07-28T00:37:23Z</lastmod>
</url><url>
    <loc>https://geoconnex.us/cuahsi/his/Provo_River_GAMUT/PR_LM_BA</loc>
    <lastmod>2020-07-28T00:37:23Z</lastmod>
</url><url>
    <loc>https://geoconnex.us/cuahsi/his/Provo_River_GAMUT/PR_TC_CUWCD</loc>
    <lastmod>2020-07-28T00:37:23Z</lastmod>
</url><url>
    <loc>https://geoconnex.us/cuahsi/his/Provo_River_GAMUT/PR_CH_C</loc>
    <lastmod>2020-07-28T00:37:23Z</lastmod>
</url><url>
    <loc>https://geoconnex.us/cuahsi/his/Provo_River_GAMUT/PR_ST_C</loc>
    <lastmod>2020-07-28T00:37:23Z</lastmod>
</url><url>
    <loc>https://geoconnex.us/cuahsi/his/Provo_River_GAMUT/PR_ST_BA</loc>
    <lastmod>2020-07-28T00:37:23Z</lastmod>
</url><url>
    <loc>https://geoconnex.us/cuahsi/his/Provo_River_GAMUT/PR_KM_B</loc>
    <lastmod>2020-07-28T00:37:23Z</lastmod>
</url><url>
    <loc>https://geoconnex.us/cuahsi/his/Provo_River_GAMUT/PR_YL_R</loc>
    <lastmod>2020-07-28T00:37:23Z</lastmod>
</url><url>
    <loc>https://geoconnex.us/cuahsi/his/Provo_River_GAMUT/PR_SageCreek_canal</loc>
    <lastmod>2020-07-28T00:37:23Z</lastmod>
</url><url>
    <loc>https://geoconnex.us/cuahsi/his/Provo_River_GAMUT/PR_Flood_canal</loc>
    <lastmod>2020-07-28T00:37:23Z</lastmod>
</url><url>
    <loc>https://geoconnex.us/cuahsi/his/Provo_River_GAMUT/PR_WD_BA</loc>
    <lastmod>2020-07-28T00:37:23Z</lastmod>
</url><url>
    <loc>https://geoconnex.us/cuahsi/his/Provo_River_GAMUT/PR_WD_USGS</loc>
    <lastmod>2020-07-28T00:37:23Z</lastmod>
</url><url>
    <loc>https://geoconnex.us/cuahsi/his/Provo_River_GAMUT/PR_RW_A</loc>
    <lastmod>2020-07-28T00:37:23Z</lastmod>
</url><url>
    <loc>https://geoconnex.us/cuahsi/his/Provo_River_GAMUT/PR_HD_AA</loc>
    <lastmod>2020-07-28T00:37:23Z</lastmod>
</url><url>
    <loc>https://geoconnex.us/cuahsi/his/Provo_River_GAMUT/PR_HD_USGS</loc>
    <lastmod>2020-07-28T00:37:23Z</lastmod>
</url></ns0:urlset>